device_id,device_type,os,browser,device_fingerprint,first_seen,last_seen,city,country
DEV0000001,Tablet,iPadOS,Edge,b8896d83b79850760e0e32fe47b0f421,2024-01-16T10:39:52.483529,2025-07-27T02:31:34.247734,Shashamane,Ethiopia
DEV0000002,Desktop,macOS,Edge,50cc58baebca70163a466f9a7f8546dc,2024-07-05T17:31:55.149550,2025-10-05T23:04:51.192797,Adama,Ethiopia
DEV0000003,Desktop,macOS,Edge,9496748481dc86b8d8cc6fb5408330ee,2025-03-31T00:37:10.585098,2025-11-24T19:40:38.870462,Mekelle,Ethiopia
DEV0000004,Tablet,iPadOS,Chrome,3914fdc21f26206880cc9588f6a893b8,2024-10-23T01:46:44.825063,2024-11-11T05:50:59.230292,Addis Ababa,Ethiopia
DEV0000005,Desktop,macOS,,8a0c4407b05b43d87bbf982addf72071,2022-06-05T09:48:13.388118,2022-11-16T02:47:07.465374,Addis Ababa,Ethiopia
DEV0000006,Desktop,macOS,Firefox,58cf08fbffc9699451ffe707f088566a,2024-02-03T22:29:46.757023,2025-12-04T09:27:02.556557,Jimma,Ethiopia
DEV0000007,Mobile,Android,Chrome,5d817b664ad8a1f5422cfe2ca8eb5a37,2022-07-01T15:32:01.506709,2025-12-22T09:30:23.077437,Addis Ababa,Ethiopia
DEV0000008,Mobile,iOS,Opera,4ec0c94761340c896a02c60946d1fc69,2025-11-25T03:01:18.927996,2025-12-21T19:08:28.939801,Addis Ababa,Ethiopia
DEV0000009,Desktop,macOS,Opera,b0c63c12d0a0225449319d2426fe13d3,2023-07-02T18:50:37.045016,2025-09-08T04:46:16.830735,Mekelle,Ethiopia
DEV0000010,Mobile,Android,Safari,812f983e9d6e358e7cdac98006975881,2024-02-14T16:34:55.783798,2024-05-21T15:02:18.343442,Bahir Dar,Ethiopia
DEV0000011,Mobile,Android,Samsung Internet,9325b0cd00408071d934f79f6f994be1,2024-09-15T20:09:53.355287,2024-11-08T17:14:28.191541,Shashamane,Ethiopia
DEV0000012,Laptop,Windows,Edge,46192ca9b312a07c9e0d69f349de8f6d,2023-03-10T09:37:34.740018,2023-05-27T16:25:06.484494,Bahir Dar,Ethiopia
DEV0000013,Mobile,iOS,Firefox,c5ab95afa8a8c347b5b98dd135e78ea9,2022-12-25T21:40:39.833265,2025-05-13T10:58:18.629944,Gondar,Ethiopia
DEV0000014,Mobile,Android,Edge,dde8cb3068b5c6b929eb074e69e88228,2022-08-22T01:56:15.074429,2023-09-05T22:23:22.915688,Jijiga,Ethiopia
DEV0000015,Laptop,Ubuntu,Opera,ddf5585a3939c73707c4c70bf4808d8d,2022-12-27T17:03:51.287015,2024-05-03T06:25:52.309710,Hosaena,Ethiopia
DEV0000016,Mobile,Android,Firefox,1994a403fa2949c4a3ddc22f3b1bc984,2022-01-01T01:54:00.738403,2023-08-04T10:36:30.629791,Bahir Dar,Ethiopia
DEV0000017,Mobile,Android,Opera,78b28051838db9c2007ad974efb080cb,2025-05-12T19:09:45.251992,2025-06-26T21:26:31.256174,Harar,Ethiopia
DEV0000018,Laptop,macOS,Edge,9b78ad295cb92f89bb8ccd872f9c765c,2023-10-20T08:59:03.596425,2024-11-05T14:25:55.581033,Addis Ababa,Ethiopia
DEV0000019,Laptop,Ubuntu,Firefox,8e6a9805cc10e7e69a9e8f39a07007a5,2024-04-13T22:35:41.206431,2024-07-09T18:24:16.687928,Jimma,Ethiopia
DEV0000020,Mobile,Android,Firefox,f36e065a18ff55fd3b09a7718482c1c9,2024-11-28T16:00:39.814825,2025-06-14T11:57:26.063307,Addis Ababa,Ethiopia
DEV0000021,Mobile,Android,Safari,c45bce7ae14b3cd5f00643895d68baf5,2022-11-25T20:14:36.940269,2025-10-23T04:31:23.329079,Gondar,Ethiopia
DEV0000022,Mobile,iOS,Firefox,3732165e21246a9eead6d66cd636f0f0,2025-02-14T08:43:14.858107,2025-03-21T01:03:53.618633,Addis Ababa,Ethiopia
DEV0000023,Laptop,Ubuntu,Edge,72006e82959cefe8bf929eb04632a749,2023-10-20T22:55:56.533720,2025-10-11T02:52:51.371143,Addis Ababa,Ethiopia
DEV0000024,Laptop,Windows,Firefox,ee521dde9475a3f81099aa2ef50e669e,2023-07-30T06:57:02.613703,2025-05-18T20:53:42.686988,Adama,Ethiopia
DEV0000025,Mobile,Android,Safari,c408350d7e9ae2fdc2ba923f3ede8172,2023-10-18T19:02:08.194057,2024-04-15T20:12:26.913247,Hosaena,Ethiopia
DEV0000026,Tablet,iPadOS,Samsung Internet,10878423f18b47152a8997c2d4560e66,2025-06-19T23:23:53.466151,2025-12-09T03:07:47.816329,Jijiga,Ethiopia
DEV0000027,Mobile,Android,Edge,83186ec2d95bf53bfc082d36242dc5b0,2025-01-10T09:50:29.734514,2025-09-06T07:15:57.552948,Bahir Dar,Ethiopia
DEV0000028,Mobile,Android,Samsung Internet,40d9ca792735449f862af7ea2c7926dd,2023-02-26T22:33:17.857253,2024-05-05T21:36:14.551313,Dessie,Ethiopia
DEV0000029,Desktop,macOS,Samsung Internet,30168b2678c1b3e4392255cfbf3e608a,2022-07-28T15:19:07.450813,2025-04-11T21:08:03.596264,Debre Birhan,Ethiopia
DEV0000030,Mobile,Android,Safari,4f22e893849d12a44319c10bf1b7af92,2025-12-25T11:00:46.053441,2025-12-27T17:57:25.785897,Dire Dawa,Ethiopia
DEV0000031,Mobile,Android,Samsung Internet,9db36cd99b6ff41bff071f9afbc3c252,2025-07-31T11:52:51.688390,2025-09-13T10:24:53.174052,Debre Birhan,Ethiopia
DEV0000032,Tablet,Android,,63bb489cc7519df89053d6c51e704b08,2025-03-18T14:45:49.069438,2025-04-13T01:51:19.712679,Hawassa,Ethiopia
DEV0000033,Mobile,iOS,Opera,7938b47430bcc062041f52c4080fae7d,2022-05-11T15:10:43.390360,2022-06-07T01:42:06.448848,Nekemte,Ethiopia
DEV0000034,Mobile,iOS,Edge,ccad90837b847a7c340232b961b2c55c,2022-12-15T00:21:20.981704,2025-04-29T10:13:25.379541,Dessie,Ethiopia
DEV0000035,Mobile,Android,Opera,ae7b1b76d439ee90d7a8b2f44ad57e53,2023-11-22T12:55:17.490265,2024-04-02T11:34:23.743751,Adama,Ethiopia
DEV0000036,Mobile,Android,Firefox,3b9d3735b3cf24532b1e821d15d4bb17,2025-03-09T11:14:56.435575,2025-11-29T10:40:03.966582,Jimma,Ethiopia
DEV0000037,Laptop,Ubuntu,Safari,779efccc8d613da72c1992cbeff13755,2023-10-08T12:08:22.693193,2025-12-14T08:26:13.187213,Hawassa,Ethiopia
DEV0000038,Mobile,iOS,Samsung Internet,c25e33f7593520003ce1fa441ca45e28,2024-08-20T12:29:23.277124,2025-10-23T21:17:43.098444,Debre Birhan,Ethiopia
DEV0000039,Tablet,iPadOS,Samsung Internet,a1229352dae412368b1db12f16baa617,2023-10-31T12:03:01.220234,2023-11-12T17:06:45.724309,Dire Dawa,Ethiopia
DEV0000040,Laptop,Windows,Firefox,70611e8ba0961bee65d06da95e615953,2024-05-16T20:00:53.722974,2024-11-08T19:56:52.696205,Adama,Ethiopia
DEV0000041,Laptop,macOS,Chrome,732519fa288e5840b8bd8b2d88afb0d0,2023-11-06T06:05:52.075425,2024-08-20T14:45:44.212515,Addis Ababa,Ethiopia
DEV0000042,Desktop,Ubuntu,Opera,f48651d9c795449bf682de1aac645083,2022-01-30T21:45:54.868662,2022-05-05T18:26:58.684797,Addis Ababa,Ethiopia
DEV0000043,Laptop,macOS,Chrome,ec8221cac8abbc01b92920a24e46148c,2023-12-08T12:28:36.728773,2025-09-15T06:18:36.674733,Gondar,Ethiopia
DEV0000044,Mobile,Android,Safari,db2aca6d763d66d8d02abc96073b230d,2022-12-13T19:33:57.058729,2024-01-30T01:49:20.899878,Dire Dawa,Ethiopia
DEV0000045,Tablet,iPadOS,Safari,4a9b9220a47d44f55eb333a9a0ce71f4,2025-12-04T07:59:01.444205,2025-12-27T10:14:15.393625,Addis Ababa,Ethiopia
DEV0000046,Mobile,Android,,7b3020b7da5b2d52b2953d0189cca776,2022-06-27T13:23:58.301210,2022-09-07T10:29:46.618622,Addis Ababa,Ethiopia
DEV0000047,Mobile,Android,Edge,0a8ad7bb693a1083ea2f41d4c4fa3620,2025-02-05T10:30:04.610579,2025-07-05T17:01:44.589950,Addis Ababa,Ethiopia
DEV0000048,Mobile,Android,Chrome,d0d66df09c5d93711bd8a4debd572f53,2023-12-05T01:36:31.410666,2025-11-19T22:28:41.576291,Addis Ababa,Ethiopia
DEV0000049,Laptop,macOS,Opera,b7f501473aa74d444a73e74289db59e2,2025-11-06T10:04:13.317455,2025-12-09T17:59:24.687255,Arba Minch,Ethiopia
DEV0000050,Desktop,Windows,Safari,a12db164113fd0ed3a07e554dd3195ce,2023-05-05T23:34:21.701397,2025-11-29T22:43:03.373051,Shashamane,Ethiopia
DEV0000051,Laptop,Ubuntu,Opera,2f41698745941b1f443482818b4a69f7,2023-04-20T15:28:36.449326,2025-01-04T20:19:14.179667,Bahir Dar,Ethiopia
DEV0000052,Mobile,iOS,Chrome,d7cb1758aa58c0e2b0995ee1db090a2d,2024-01-14T04:50:34.110631,2024-07-20T04:16:57.096730,Addis Ababa,Ethiopia
DEV0000053,Mobile,iOS,Chrome,fada8a5247ae54d3bf1af2f370295e05,2025-08-28T00:56:54.045694,2025-11-26T03:22:42.178787,Bahir Dar,Ethiopia
DEV0000054,Mobile,Android,Safari,8d84ab3595161cf2119b893c5fba7156,2022-04-26T06:52:22.551869,2024-01-26T15:21:30.994127,Adama,Ethiopia
DEV0000055,Mobile,Android,Edge,769fa09e7a7c01103687d61b9ebef1a0,2022-01-26T13:32:22.633985,2022-11-24T22:06:47.040547,Addis Ababa,Ethiopia
DEV0000056,Mobile,iOS,Safari,4b1dee4c56c834de9d5a8512d94351cc,2024-02-22T21:38:09.593129,2024-05-13T07:50:14.052675,Addis Ababa,Ethiopia
DEV0000057,Mobile,Android,Chrome,1735a56fbd4e9676199e6f4698f3c8a1,2022-12-09T19:25:36.886467,2025-01-08T07:50:52.094909,Sodo,Ethiopia
DEV0000058,Mobile,Android,Chrome,d04b89177221dfd74846c5facb78033f,2022-09-04T20:51:31.594929,2024-01-27T04:21:46.455118,Bahir Dar,Ethiopia
DEV0000059,Mobile,Android,Opera,4aca13c7d0b059148d5de97a905462ec,2024-02-21T11:19:11.103470,2024-04-12T20:55:19.479789,Jimma,Ethiopia
DEV0000060,Laptop,Windows,Chrome,cf36c17b54c14064f1a69c9d148c6ab1,2024-04-22T03:23:27.015122,2025-06-07T13:53:06.786329,Addis Ababa,Ethiopia
DEV0000061,Laptop,Windows,Chrome,6a3937b6542519ef38905ea22e33c014,2025-12-17T09:42:24.199788,2025-12-30T08:15:43.606513,Bahir Dar,Ethiopia
DEV0000062,Desktop,macOS,,a877388ad25c7a25db3874a7d39073c2,2022-06-16T08:08:09.935935,2024-12-14T21:14:22.306223,Dire Dawa,Ethiopia
DEV0000063,Mobile,Android,,14068ab04533269fc3eb1733ff282e9d,2022-04-25T00:54:44.664279,2024-02-10T10:56:07.428800,Adama,Ethiopia
DEV0000064,Mobile,Android,Firefox,9df04298e7413478cf9053f0dd1e1019,2024-09-14T06:00:02.527016,2025-03-08T04:43:34.263175,Bishoftu,Ethiopia
DEV0000065,Mobile,Android,Firefox,1f8b029b8a259b9aff25b1a4dda753c4,2024-12-18T11:18:20.007846,2025-07-05T02:20:29.551347,Dessie,Ethiopia
DEV0000066,Mobile,iOS,Firefox,389acb84a1c57401983e44bc26ef5813,2022-01-05T01:15:35.771392,2022-07-14T12:06:49.650260,Shashamane,Ethiopia
DEV0000067,Laptop,macOS,Firefox,9cccc6e0db7086e43df7ed997b46f28d,2025-05-24T08:56:04.277644,2025-08-21T05:46:00.107538,Addis Ababa,Ethiopia
DEV0000068,Tablet,Android,Chrome,c528937f3c3bd47b9a9eeb0764645212,2023-05-04T18:12:56.542218,2025-02-19T12:28:05.601366,Sodo,Ethiopia
DEV0000069,Laptop,Ubuntu,Opera,0a89736c77b3e7ea84454b2b914e8444,2022-02-28T05:15:59.932858,2022-05-03T21:46:27.421664,Addis Ababa,Ethiopia
DEV0000070,Laptop,Windows,Samsung Internet,012a430a06d37b5650a3478b4936a47b,2024-03-27T23:58:14.240721,2024-06-14T10:06:14.987970,Arba Minch,Ethiopia
DEV0000071,Mobile,iOS,Chrome,94fda67e9a2c60c43ab55802b43bdecd,2022-10-26T11:41:56.327641,2025-08-25T22:28:57.221381,Jimma,Ethiopia
DEV0000072,Mobile,Android,Opera,535970d1ca08bed95f51be6e48931b34,2022-02-25T13:14:49.946052,2024-09-13T12:34:58.292335,Adama,Ethiopia
DEV0000073,Desktop,Windows,,857e4bc5bcfd87d7924fb2b292d4d899,2022-10-21T10:12:34.680860,2025-08-16T05:41:49.571903,Hosaena,Ethiopia
DEV0000074,Tablet,iPadOS,,ed4329f65c00c7ce111a1da97e908058,2025-01-28T19:48:02.851448,2025-09-24T13:25:21.651335,Dire Dawa,Ethiopia
DEV0000075,Mobile,Android,Safari,49b433b746b4a7c040b033b49d935bf3,2022-08-07T20:55:08.329563,2025-10-05T11:26:47.948101,Addis Ababa,Ethiopia
DEV0000076,Mobile,iOS,Safari,549bc2f4f0c1b3039fd586e28f658ac9,2022-12-26T11:37:43.115430,2023-12-06T00:31:57.313785,Addis Ababa,Ethiopia
DEV0000077,Laptop,Windows,Opera,244b9789ea798cd430f2274ee18e15b7,2024-08-08T23:37:42.473979,2024-10-27T06:45:49.541570,Bishoftu,Ethiopia
DEV0000078,Tablet,iPadOS,Chrome,0590d855e5a073d9e1ec11590d12897c,2024-07-28T09:31:00.682731,2025-06-25T15:41:12.985053,Harar,Ethiopia
DEV0000079,Desktop,Ubuntu,Safari,d4bb32c73d082a2e0b3fdcbb29d89291,2024-06-03T01:50:22.169531,2025-06-01T13:44:12.291557,Mekelle,Ethiopia
DEV0000080,Mobile,iOS,Samsung Internet,c492a7d365046355ddeed3f092b79261,2023-01-30T15:53:25.742544,2025-02-24T02:42:25.998465,Jimma,Ethiopia
DEV0000081,Mobile,iOS,,0a2ecfd552d73cf26c0c9ee7dc8e082b,2024-05-10T22:51:34.678991,2025-10-25T13:17:59.820007,Gondar,Ethiopia
DEV0000082,Tablet,iPadOS,Chrome,7c14c0b83ae9151f505f2a04d9f1b9b0,2025-01-15T18:38:02.750850,2025-12-04T06:22:21.887420,Gondar,Ethiopia
DEV0000083,Desktop,macOS,Opera,433e1175bab7f937eaa40281c25ebb1c,2025-11-21T18:45:15.716981,2025-12-20T14:38:14.929514,Bahir Dar,Ethiopia
DEV0000084,Desktop,macOS,,c66206e274f5bcbc4fe18ad6bc3d1b56,2023-03-23T10:59:07.761026,2025-07-20T02:19:58.650859,Addis Ababa,Ethiopia
DEV0000085,Tablet,iPadOS,Samsung Internet,32d210a1e40d1c7ae77c6a9fd15b1c60,2022-10-31T21:10:51.593656,2024-07-20T02:11:19.776364,Dire Dawa,Ethiopia
DEV0000086,Desktop,Ubuntu,Chrome,83e23dc227eb45fd313cee282af72f7f,2024-12-13T21:49:43.024818,2024-12-25T16:29:39.941780,Addis Ababa,Ethiopia
DEV0000087,Laptop,Windows,Chrome,04a02a58310289d9e831505f13dd0444,2025-06-16T05:29:02.095538,2025-12-19T06:14:01.237083,Addis Ababa,Ethiopia
DEV0000088,Tablet,iPadOS,Opera,0b395ddf50064ec84760b173417552cc,2024-10-18T06:48:13.270711,2025-01-15T08:25:38.052660,Dire Dawa,Ethiopia
DEV0000089,Laptop,Ubuntu,Firefox,782b95c25b1be962f140615b029b739e,2023-03-06T17:06:57.196288,2025-11-19T10:49:24.646420,Mekelle,Ethiopia
DEV0000090,Mobile,iOS,Firefox,1ec94a7e1f56eddc5512cd23676398f4,2024-02-11T21:21:55.319254,2025-10-02T20:59:02.783829,Gondar,Ethiopia
DEV0000091,Mobile,iOS,Firefox,cf09c858068e6d53e39dea44d67c615a,2023-10-13T05:15:56.513772,2024-10-08T15:04:17.639576,Shashamane,Ethiopia
DEV0000092,Mobile,iOS,,7f248c78423b44f1f2e8a751d368a4e1,2023-07-11T03:15:43.619665,2023-10-20T14:53:47.352145,Jijiga,Ethiopia
DEV0000093,Mobile,Android,Chrome,1e2916c9ae651799102a152485a966b9,2025-09-03T19:51:54.824177,2025-11-29T10:17:46.860085,Addis Ababa,Ethiopia
DEV0000094,Mobile,Android,Opera,8afd3ba54ac6167a28539c32e550bc9c,2025-11-11T05:21:48.077404,2025-11-25T19:17:17.150426,Addis Ababa,Ethiopia
DEV0000095,Mobile,Android,Firefox,1a8def61bafdad6475ae7e9f85055f7e,2022-06-16T17:02:15.409029,2023-09-30T04:13:57.698159,Harar,Ethiopia
DEV0000096,Mobile,Android,Edge,0659e47acff3a00397c878b76155a7dc,2023-01-05T23:25:24.478108,2025-08-01T12:32:19.571686,Addis Ababa,Ethiopia
DEV0000097,Mobile,iOS,Safari,bffa54f52ecfe09e3b34d6216eb9aee7,2022-07-05T16:11:48.139183,2023-05-06T17:52:51.972624,Addis Ababa,Ethiopia
DEV0000098,Mobile,Android,Chrome,91c76f4e7200fc61de61d0333e506280,2022-06-09T14:09:08.562219,2023-12-19T14:07:03.795317,Addis Ababa,Ethiopia
DEV0000099,Mobile,Android,Samsung Internet,5ed53b0785fc9f11907ad596aea3f2d5,2022-10-30T10:45:25.465352,2025-01-03T20:07:27.902670,Harar,Ethiopia
DEV0000100,Laptop,Windows,Opera,755e6c45ba0ad8dd83327d35a3e07ae4,2023-10-08T02:37:05.098994,2025-06-22T21:11:55.174968,Shashamane,Ethiopia
DEV0000101,Mobile,iOS,,c335da13edb4a23e32a8b85c82f9c92b,2024-09-03T11:14:51.915237,2024-10-21T08:07:26.317740,Jijiga,Ethiopia
DEV0000102,Desktop,Ubuntu,Samsung Internet,654efe919b4aca4a97682988fc1fb95f,2024-07-30T10:10:54.135617,2025-01-21T13:01:01.975778,Harar,Ethiopia
DEV0000103,Laptop,macOS,Edge,81fd212ffe456576a0ea9f6482e79410,2025-05-08T22:13:19.175037,2025-11-23T23:59:39.997510,Addis Ababa,Ethiopia
DEV0000104,Mobile,Android,Safari,600fb5e70b9ea850a63141083372b203,2022-05-06T00:31:18.739392,2022-06-02T23:12:57.871886,Addis Ababa,Ethiopia
DEV0000105,Laptop,macOS,Samsung Internet,f3be137366f70327e4c42f04227bb5f4,2022-10-20T11:42:27.408592,2024-01-01T18:54:31.948500,Harar,Ethiopia
DEV0000106,Mobile,iOS,Safari,6a814a718c7d1e71efaa06cfcd090126,2023-09-07T22:25:35.859999,2024-02-08T04:42:59.210069,Gondar,Ethiopia
DEV0000107,Mobile,Android,Safari,288c0a994eb846427147cb6590a92bb5,2024-08-08T12:59:00.064818,2025-10-26T19:03:14.351297,Bishoftu,Ethiopia
DEV0000108,Desktop,Windows,Safari,dc435d58857a59b5b31e0c3f3685ca08,2023-03-08T21:54:48.668604,2024-04-28T10:07:04.537239,Jijiga,Ethiopia
DEV0000109,Mobile,Android,Samsung Internet,574554242aa39ec216838beb0e66e517,2025-09-25T00:28:36.582717,2025-10-28T09:59:22.815028,Shashamane,Ethiopia
DEV0000110,Tablet,iPadOS,Opera,11ce703ac60541ed334f348918825510,2023-08-18T13:15:18.432326,2024-02-25T12:06:25.006013,Addis Ababa,Ethiopia
DEV0000111,Laptop,Windows,Samsung Internet,9f4d5b8612781dd104862a14f773594d,2025-06-25T00:25:54.993334,2025-10-11T11:22:17.921264,Bahir Dar,Ethiopia
DEV0000112,Desktop,macOS,Safari,5e45df5d5747974de986077a58fca737,2023-06-11T10:07:10.667115,2025-02-16T20:05:38.537981,Addis Ababa,Ethiopia
DEV0000113,Desktop,macOS,Edge,2a580a83f2f32583f2fee656c4c42624,2023-09-06T12:53:50.310332,2025-09-19T08:26:35.686124,Addis Ababa,Ethiopia
DEV0000114,Mobile,iOS,Chrome,77a617622a471e6b3cdf4f88735508d0,2024-02-12T08:06:29.707711,2024-09-14T14:16:17.955917,Shashamane,Ethiopia
DEV0000115,Mobile,Android,,ffb98bcec411b786f23734545a6ebb11,2024-11-19T06:47:13.619771,2025-10-02T03:01:00.709465,Asella,Ethiopia
DEV0000116,Desktop,Windows,,012bab673069190e8de81a9c0870ea75,2023-04-15T16:23:40.675272,2025-06-28T15:39:15.337240,Addis Ababa,Ethiopia
DEV0000117,Mobile,iOS,Safari,f82f3081054fec6c6bb64622a604839d,2022-02-18T05:47:47.176572,2023-02-21T03:03:19.297369,Dessie,Ethiopia
DEV0000118,Mobile,iOS,Chrome,5c4c4bd45635861532323b630f237c83,2022-10-29T13:00:38.420556,2024-10-07T17:50:05.661100,Jimma,Ethiopia
DEV0000119,Mobile,iOS,Opera,1a4b36c937845d625083403d0ac50ce8,2024-08-31T06:44:01.520902,2024-12-07T07:41:33.026273,Dire Dawa,Ethiopia
DEV0000120,Desktop,macOS,Samsung Internet,01d5516b642af81fba4366d047673940,2025-09-01T23:26:24.403492,2025-12-06T13:19:04.942906,Gondar,Ethiopia
DEV0000121,Mobile,iOS,Opera,5a72720d197e86392ee941dae0d5f566,2025-02-18T07:15:56.826536,2025-07-21T06:39:18.058133,Addis Ababa,Ethiopia
DEV0000122,Mobile,Android,Chrome,82fc99a42c53ffffb676847887b018bd,2024-01-16T09:02:21.340701,2025-03-31T18:54:49.257717,Addis Ababa,Ethiopia
DEV0000123,Tablet,Android,Firefox,14db60f75bda857838fe377e35054013,2023-05-08T12:57:57.698394,2025-09-07T22:38:35.726658,Gondar,Ethiopia
DEV0000124,Mobile,iOS,Opera,b1bd2e5625185f04541446e1632cb50c,2025-06-26T04:48:35.376484,2025-07-26T01:00:07.210550,Nekemte,Ethiopia
DEV0000125,Mobile,Android,Safari,08916fa91c37e64b0556c50318f71fe2,2024-03-19T15:41:37.668828,2024-07-02T11:58:23.742200,Hawassa,Ethiopia
DEV0000126,Desktop,Windows,Samsung Internet,91e809081ab3c95d2ab9b07497e86281,2024-02-20T22:24:49.280606,2024-12-25T22:12:23.255545,Addis Ababa,Ethiopia
DEV0000127,Mobile,iOS,Safari,079647224aec7ce7ca6a122e5cc68f36,2025-06-03T10:48:20.992782,2025-09-27T16:48:57.751159,Addis Ababa,Ethiopia
DEV0000128,Laptop,Windows,Opera,fe40588f4a54756d0156665d28ccb5c5,2022-10-08T18:45:43.494892,2024-08-03T08:07:21.248743,Addis Ababa,Ethiopia
DEV0000129,Tablet,Android,Safari,321bed2ae04260bbb81983332f4c193a,2024-02-26T03:23:33.487665,2024-06-06T19:47:08.815454,Sodo,Ethiopia
DEV0000130,Mobile,Android,Chrome,6fbb9266b47c0e21832040ed69d251dc,2022-01-16T00:57:12.934214,2024-12-18T04:30:09.407896,Addis Ababa,Ethiopia
DEV0000131,Mobile,iOS,,19668422a2d681196206d176647fa5fd,2024-11-12T20:23:34.202671,2025-06-10T22:37:33.096133,Dire Dawa,Ethiopia
DEV0000132,Laptop,Ubuntu,Firefox,d0871cc06f438f263cfbf4afbcba5d20,2024-11-22T15:35:09.033393,2025-08-12T14:22:24.263393,Gondar,Ethiopia
DEV0000133,Mobile,iOS,Firefox,1ca9519e531e9fa8c07e614ca8c5657d,2024-07-22T14:44:31.145195,2024-09-14T04:09:26.625463,Addis Ababa,Ethiopia
DEV0000134,Tablet,Android,Firefox,3069882013fca34eababd7e73d89091b,2023-09-01T10:13:56.042710,2023-11-30T18:41:10.562235,Bishoftu,Ethiopia
DEV0000135,Mobile,iOS,Chrome,2813910536ef38e092c4afd9209c2e80,2025-12-08T08:18:27.617635,2025-12-12T10:12:49.323296,Shashamane,Ethiopia
DEV0000136,Laptop,Windows,Chrome,daffe7a67fd3184fda10ee79eaaa8ada,2023-02-22T06:55:28.252195,2023-07-07T21:32:50.336656,Addis Ababa,Ethiopia
DEV0000137,Mobile,iOS,,56705d410b88bac55a1042c888a24f62,2025-09-30T21:52:36.876995,2025-10-05T19:13:03.151317,Bishoftu,Ethiopia
DEV0000138,Mobile,iOS,Edge,150d47a2cb87a0add5aff370a8452325,2023-10-11T13:29:46.924650,2024-01-29T05:28:53.508978,Gondar,Ethiopia
DEV0000139,Mobile,Android,Chrome,750314c81049d7c82d7f625ec2f9868a,2025-01-14T20:29:58.450073,2025-03-12T10:30:56.325900,Dire Dawa,Ethiopia
DEV0000140,Laptop,macOS,Firefox,aaa4a546e8e5c4ef14bc0b3dbb515394,2023-08-28T13:41:08.482919,2025-09-10T23:52:20.364166,Jimma,Ethiopia
DEV0000141,Mobile,Android,Opera,46146319d8bc5844985d33684fadd338,2025-10-30T15:06:39.260847,2025-11-04T22:38:00.629238,Sodo,Ethiopia
DEV0000142,Mobile,Android,Safari,076cd0c65eeddce905de869e660f112a,2025-06-19T15:13:32.510450,2025-08-02T13:58:54.656456,Addis Ababa,Ethiopia
DEV0000143,Laptop,Windows,Safari,9a5c1152b8ba1538969357c329777c8e,2022-03-28T10:26:12.711879,2025-10-24T08:50:32.854636,Addis Ababa,Ethiopia
DEV0000144,Tablet,iPadOS,Chrome,c9ba992141b29925ca8934271a65ce4d,2025-10-07T19:21:45.762378,2025-11-13T01:18:34.557036,Addis Ababa,Ethiopia
DEV0000145,Mobile,Android,Firefox,d290e7f24936879bd3213decf93657f7,2024-08-09T16:47:06.108387,2025-02-16T10:52:08.244764,Jimma,Ethiopia
DEV0000146,Mobile,Android,Samsung Internet,1c69438ad77d8c6acc00a4930d27a356,2022-04-01T15:55:26.686200,2024-09-06T19:43:17.336374,Gondar,Ethiopia
DEV0000147,Mobile,Android,,2a7986ffaae14b4ea3f6262bc79d612a,2024-01-02T17:34:17.582210,2024-02-08T15:33:35.505494,Harar,Ethiopia
DEV0000148,Mobile,iOS,Safari,42b7a5f663bc8b3addbde0c11e025023,2024-08-06T05:36:02.096676,2024-08-29T00:54:38.874958,Dire Dawa,Ethiopia
DEV0000149,Mobile,iOS,Chrome,835ba1604500d008c487f1dd0b83ead1,2025-08-02T08:34:56.342702,2025-10-16T15:03:19.247136,Adama,Ethiopia
DEV0000150,Mobile,iOS,Edge,ad7b12d6c8ebf359bab1959b27eb1044,2023-06-13T02:26:18.441561,2025-04-10T13:31:21.265948,Gondar,Ethiopia
DEV0000151,Mobile,Android,Firefox,bc9c7ea3198ee71892be15ca12c7da46,2025-04-10T23:49:08.890349,2025-10-13T17:36:47.961699,Shashamane,Ethiopia
DEV0000152,Laptop,Windows,Samsung Internet,d3becdfa76e87beb2da8d21c26a2745f,2025-09-18T09:40:22.452070,2025-11-19T01:34:00.316036,Addis Ababa,Ethiopia
DEV0000153,Mobile,iOS,Samsung Internet,203c2bba0126121eac3dbecdf4fddc8f,2023-06-17T01:23:28.422238,2024-07-02T09:13:01.740455,Hawassa,Ethiopia
DEV0000154,Mobile,Android,Firefox,c8e647444a8a15afda8f05b19ce9f9cf,2022-04-27T22:13:11.634798,2024-09-24T16:49:04.305334,Hosaena,Ethiopia
DEV0000155,Mobile,Android,Safari,afbdf86bf7a08db4317e5ac1437e8453,2024-05-06T10:20:11.855925,2024-05-26T12:57:07.708321,Nekemte,Ethiopia
DEV0000156,Mobile,Android,Samsung Internet,dcb8d2400f3033d6229c59ba3e4025ad,2024-06-02T22:07:33.220868,2025-01-26T09:08:43.171644,Dire Dawa,Ethiopia
DEV0000157,Laptop,Windows,Safari,366be86fd38bac4defd56e06e3ebb556,2022-12-24T17:41:25.893868,2024-11-15T07:07:52.045746,Addis Ababa,Ethiopia
DEV0000158,Laptop,macOS,Edge,488ab29fb52f19badd7b90fce1437ded,2025-10-13T18:17:57.280778,2025-10-20T02:14:16.655146,Jimma,Ethiopia
DEV0000159,Mobile,iOS,Opera,05471f24b68e3378bdc2370b988eb669,2023-10-31T00:14:59.904584,2024-03-02T05:52:12.480031,Mekelle,Ethiopia
DEV0000160,Mobile,Android,,6b735081f560f28ea33f17f155f823d8,2023-01-25T20:41:43.467007,2025-10-24T11:54:04.722038,Sodo,Ethiopia
DEV0000161,Tablet,iPadOS,Chrome,2f5ae57d86468a1890b6a1c5efa723eb,2022-05-03T00:44:41.108137,2025-09-08T22:19:15.927633,Gondar,Ethiopia
DEV0000162,Mobile,iOS,Samsung Internet,b92bbfbc31b521db3c906a8c455a2366,2023-08-17T04:36:34.595054,2023-10-26T11:32:18.702225,Asella,Ethiopia
DEV0000163,Mobile,Android,Chrome,bfcdf1b10f0023cac6be961c60560071,2022-07-02T23:35:37.762467,2022-10-04T07:56:13.302226,Addis Ababa,Ethiopia
DEV0000164,Mobile,iOS,Edge,b167ddcc35eb252aed2587f58ae980bd,2023-08-10T21:47:53.995814,2024-03-07T19:58:32.970221,Addis Ababa,Ethiopia
DEV0000165,Desktop,Windows,Safari,91934964407eefb4db1705cae7dec40d,2024-05-22T15:06:11.380905,2024-10-14T17:16:41.176254,Dire Dawa,Ethiopia
DEV0000166,Mobile,Android,Safari,5f63d144ae2661404c3a46e95f6313ac,2023-11-29T04:54:19.047919,2024-05-22T17:24:35.440055,Harar,Ethiopia
DEV0000167,Laptop,Ubuntu,Firefox,0f85500ebe866c2b50a47bde130ae98b,2023-11-17T15:59:51.556175,2024-09-04T02:12:31.628047,Nekemte,Ethiopia
DEV0000168,Mobile,iOS,Safari,ad3d1adf4c4b7825dcaba7d610d5086d,2024-07-27T11:48:02.646241,2024-10-11T15:38:54.379052,Dire Dawa,Ethiopia
DEV0000169,Mobile,Android,Edge,2926343e9e0946b409882f83978a6639,2023-03-17T00:43:30.844229,2024-10-04T20:07:44.658754,Dire Dawa,Ethiopia
DEV0000170,Mobile,Android,Safari,b737a48ba1606d357171d933754e525f,2023-07-05T05:29:27.085738,2024-04-05T00:04:28.704030,Dire Dawa,Ethiopia
DEV0000171,Desktop,Ubuntu,Firefox,1a9ce8f0852c04c683a221eb6caf91e4,2024-10-04T00:40:59.082196,2024-11-24T17:39:41.878609,Addis Ababa,Ethiopia
DEV0000172,Mobile,Android,Opera,1fbc0c554950af1223ea05ca49602c85,2024-04-09T14:40:17.410469,2024-07-07T14:18:35.111075,Hosaena,Ethiopia
DEV0000173,Mobile,Android,Chrome,cf78ec9b1e4d0b9c4762a7dc6db91f31,2025-08-29T10:59:54.434026,2025-11-05T22:58:13.164024,Bishoftu,Ethiopia
DEV0000174,Desktop,Ubuntu,Opera,5a23537f760c9dffc129d35484644fe5,2024-01-13T03:09:43.898873,2024-09-29T23:11:03.283959,Addis Ababa,Ethiopia
DEV0000175,Mobile,Android,Opera,720769325d4c0d7c19d14e6094053e8c,2025-04-09T00:37:26.944498,2025-05-25T18:45:54.291184,Addis Ababa,Ethiopia
DEV0000176,Mobile,Android,Samsung Internet,f747306b0b06e617c2652a1d53b3c826,2022-09-15T08:58:49.188468,2024-06-20T10:13:38.842286,Nekemte,Ethiopia
DEV0000177,Mobile,iOS,Samsung Internet,92cb2073e6b03f0a8350a2f59072d5c6,2023-08-10T01:58:36.093876,2024-09-28T04:23:06.970673,Addis Ababa,Ethiopia
DEV0000178,Mobile,Android,Firefox,0da42250328bf26a57e33186f5b9e762,2023-12-06T18:19:59.334882,2025-07-02T17:53:10.612140,Bahir Dar,Ethiopia
DEV0000179,Mobile,iOS,,bb0e945f39d2ee41f6bab68ef676e488,2025-04-29T03:38:58.814763,2025-06-14T21:30:10.328319,Bahir Dar,Ethiopia
DEV0000180,Desktop,Ubuntu,Firefox,252a847271b88e3a838940e3940797c8,2024-06-27T14:22:20.853052,2025-10-16T05:57:32.582406,Hosaena,Ethiopia
DEV0000181,Tablet,iPadOS,Firefox,3a2c2706fc29e94867f1059ef7dea5c3,2022-03-25T22:21:52.756692,2025-10-12T08:04:19.718045,Addis Ababa,Ethiopia
DEV0000182,Laptop,Ubuntu,Edge,5dba167fd38ee310d1b6fa0235b63e13,2022-07-06T23:04:13.828556,2022-09-16T11:37:10.586036,Jimma,Ethiopia
DEV0000183,Laptop,macOS,Chrome,ebdd103b33e521808e4578f303b4fbe4,2023-09-24T04:29:42.578668,2025-06-25T00:03:11.263177,Mekelle,Ethiopia
DEV0000184,Laptop,macOS,,35f5aeec45c8a0278228d201bc3bcc73,2023-09-11T09:59:51.200525,2023-10-18T16:56:51.171259,Jimma,Ethiopia
DEV0000185,Mobile,iOS,Chrome,1984a4bf53dd662cb2fff952d93b9ec0,2023-06-17T16:36:21.932193,2023-08-26T23:52:23.127238,Dessie,Ethiopia
DEV0000186,Mobile,iOS,Samsung Internet,d6fdbea7e10d51bac7beec997307b64c,2024-12-26T11:45:37.520425,2025-01-06T03:59:33.803718,Mekelle,Ethiopia
DEV0000187,Mobile,Android,Safari,6cf3e3577b4506ad63cda008dcdc2a94,2022-10-10T14:22:35.961720,2023-07-06T02:19:16.107227,Dire Dawa,Ethiopia
DEV0000188,Tablet,iPadOS,Opera,445f648cd35d1d18001b600e02720c83,2024-08-21T16:46:55.944172,2025-10-07T21:08:57.665072,Addis Ababa,Ethiopia
DEV0000189,Desktop,Ubuntu,Chrome,71b5029d28bb12d1afec0228ea0fa495,2022-06-30T02:05:38.951264,2023-12-11T22:38:04.331497,Adama,Ethiopia
DEV0000190,Mobile,iOS,Safari,4664cfe589b6a8ee86b86fb7c60429e1,2022-04-20T02:20:06.653240,2022-11-27T12:25:19.361178,Nekemte,Ethiopia
DEV0000191,Desktop,Windows,Chrome,441e9ba86b4e4c2d02d0a364a570bcc0,2023-07-20T01:39:15.459366,2025-05-13T14:47:40.493491,Addis Ababa,Ethiopia
DEV0000192,Desktop,macOS,Firefox,072558b6be27a6edfd9a4cabd5fba475,2024-05-17T12:57:43.726002,2025-07-14T20:18:04.249362,Debre Birhan,Ethiopia
DEV0000193,Desktop,Windows,Edge,26f2227ef3d25f59cd3e9cd9cf33367d,2023-02-25T20:17:17.154362,2024-07-25T06:58:28.604240,Addis Ababa,Ethiopia
DEV0000194,Desktop,Windows,Opera,84c084639edd45c92d934c789a0cbfe0,2023-09-03T12:34:32.433096,2024-04-06T02:05:40.799509,Addis Ababa,Ethiopia
DEV0000195,Mobile,iOS,Safari,9bfc1c3c44905b8a93fa8867df9f5d5d,2025-11-05T06:01:21.393654,2025-11-23T06:30:01.621286,Dessie,Ethiopia
DEV0000196,Mobile,Android,Chrome,a2beeb3967436db8abc13d79dd68a210,2025-01-20T22:54:03.358320,2025-04-02T10:00:44.857322,Addis Ababa,Ethiopia
DEV0000197,Tablet,Android,Edge,d557b9e3c3eaf0188d5aabbeba379cf9,2022-06-17T09:31:30.685889,2025-01-15T08:25:11.684972,Dessie,Ethiopia
DEV0000198,Mobile,Android,Safari,4e3d609c7260d585babf3ee2f90682a5,2023-12-10T12:03:18.777237,2025-10-11T20:44:17.697261,Dilla,Ethiopia
DEV0000199,Desktop,macOS,Safari,012241811c049fa93bf609753328f11e,2023-09-18T03:11:30.759717,2024-06-29T15:14:14.004360,Shashamane,Ethiopia
DEV0000200,Mobile,iOS,Firefox,f60c5b988db2763a994752fadeec1288,2022-02-01T19:32:24.618393,2024-01-16T17:25:06.562716,Addis Ababa,Ethiopia
DEV0000201,Mobile,iOS,Opera,0c788edc32862951ed1b173ddcd7aae6,2024-03-18T23:07:28.376533,2025-09-26T14:48:59.092241,Dilla,Ethiopia
DEV0000202,Mobile,iOS,Samsung Internet,37a59895398123110d15846f96cba764,2022-02-06T00:18:00.203153,2024-02-09T12:08:42.813866,Addis Ababa,Ethiopia
DEV0000203,Mobile,Android,Opera,02db6f21afac11f6456d94919c4474a3,2025-04-06T03:34:40.169688,2025-06-01T14:28:48.839180,Addis Ababa,Ethiopia
DEV0000204,Mobile,Android,Edge,dbbd65f0f2207f93ba733fbb57770fb9,2025-01-30T10:47:05.615083,2025-10-22T20:07:21.056837,Addis Ababa,Ethiopia
DEV0000205,Mobile,iOS,Opera,b8fac9fc153085bb3ffed9081e471321,2025-04-29T03:42:16.760336,2025-05-19T12:01:49.386980,Dessie,Ethiopia
DEV0000206,Mobile,Android,,6f4ab78be6ddb9868b427146996575f9,2025-08-18T21:38:54.023079,2025-12-08T03:07:43.620542,Hawassa,Ethiopia
DEV0000207,Desktop,Ubuntu,Chrome,d771a6109c0314e0cf9156e8c79a14f1,2024-06-13T11:32:10.615720,2025-02-28T20:23:51.433713,Addis Ababa,Ethiopia
DEV0000208,Mobile,iOS,Chrome,7bacd45bceb1ee7124915ed50612149d,2025-09-20T03:45:16.285563,2025-10-31T21:15:16.715067,Debre Birhan,Ethiopia
DEV0000209,Desktop,macOS,Chrome,509cbae7d516e9bd391129f93b506452,2024-04-30T10:29:04.321651,2025-05-31T09:09:39.400028,Addis Ababa,Ethiopia
DEV0000210,Mobile,Android,Edge,e1c870492e02865ac5e89f8fe0f6f7bb,2022-02-26T09:15:12.262501,2024-09-28T22:35:12.985331,Jimma,Ethiopia
DEV0000211,Mobile,Android,Firefox,37e8466ee353f91b5c026dec8750b6c9,2022-11-27T15:02:28.278166,2023-06-17T04:21:16.160644,Dessie,Ethiopia
DEV0000212,Mobile,iOS,,8913448ad26b8c25093e3fd85695b03a,2024-10-18T02:47:20.162454,2025-03-17T18:39:59.504157,Dessie,Ethiopia
DEV0000213,Laptop,macOS,Samsung Internet,5ea60595dc90157bb1f6b9a9de570d3a,2022-10-30T08:07:36.540463,2023-05-29T04:23:51.778547,Dire Dawa,Ethiopia
DEV0000214,Tablet,Android,Edge,2e4a107e8a3e244fb5a42de0cb3bcae9,2022-12-14T21:23:10.636826,2023-01-01T21:30:30.550082,Dessie,Ethiopia
DEV0000215,Laptop,Windows,Firefox,ebc913a89582e87707251e2155f047da,2022-10-18T02:01:51.773003,2025-01-01T22:56:44.913582,Bahir Dar,Ethiopia
DEV0000216,Tablet,iPadOS,Chrome,7916ebaef800d8a3186288a4241b5be6,2022-04-23T19:48:31.208725,2025-07-16T04:48:15.064925,Addis Ababa,Ethiopia
DEV0000217,Mobile,iOS,Opera,70fd3827d9e9170edc441147f9693be0,2023-10-31T18:22:38.909551,2025-09-11T00:21:27.015727,Dire Dawa,Ethiopia
DEV0000218,Desktop,macOS,Firefox,96336b895e1ff01196f0dbbba5f07a57,2025-02-01T20:45:05.483809,2025-06-14T00:19:28.915631,Addis Ababa,Ethiopia
DEV0000219,Mobile,iOS,Safari,7b0cfab9264083de76084eb39776c9b8,2024-08-26T03:32:54.797248,2025-11-07T18:12:16.574111,Adama,Ethiopia
DEV0000220,Desktop,Ubuntu,Safari,68b5db3c35f1969a1b5efb5609b5bcdf,2022-07-11T16:58:45.515452,2025-04-09T22:26:39.169976,Bahir Dar,Ethiopia
DEV0000221,Mobile,iOS,Samsung Internet,bd50bf6366fea8e134df3958b8e37843,2024-07-24T09:53:00.996458,2024-10-19T18:18:01.934337,Addis Ababa,Ethiopia
DEV0000222,Mobile,iOS,Chrome,75be9495dc5bebfb8bbbe4819a17e727,2024-04-05T02:17:11.344852,2024-04-20T04:54:07.894417,Dilla,Ethiopia
DEV0000223,Tablet,Android,Samsung Internet,ad10030e879bbcb7906ea6cf762eb68a,2025-12-11T18:47:11.126489,2025-12-24T15:37:06.800651,Addis Ababa,Ethiopia
DEV0000224,Mobile,iOS,Firefox,de94a88d604a2d965f8fadbf2d280a87,2024-07-28T06:05:18.500329,2025-06-11T04:48:14.266357,Addis Ababa,Ethiopia
DEV0000225,Desktop,Windows,Edge,d2d01fc375eaa851fde5438750b117ae,2025-10-10T10:07:30.134002,2025-11-05T05:04:03.033768,Jimma,Ethiopia
DEV0000226,Tablet,iPadOS,Safari,819eb8f51c6b1783d3b89858ef2a57cf,2024-03-02T22:30:43.034626,2024-03-02T22:50:22.929538,Jimma,Ethiopia
DEV0000227,Mobile,iOS,Safari,86002314baebcf45ffed5a5714cc40ae,2025-09-26T04:29:46.080080,2025-11-04T14:02:42.772746,Addis Ababa,Ethiopia
DEV0000228,Mobile,iOS,Samsung Internet,9c73cd5f8d0c3a74a52b0a942d42c0d3,2023-01-25T12:54:41.109993,2024-03-28T00:45:46.670123,Addis Ababa,Ethiopia
DEV0000229,Tablet,Android,Samsung Internet,5421efedc2d877a231b20e7b47426458,2024-05-21T04:08:26.215662,2025-03-27T19:44:43.431283,Addis Ababa,Ethiopia
DEV0000230,Mobile,Android,Samsung Internet,76a4aee2db86c23542a19daf6f105f92,2025-11-25T15:35:08.007560,2025-11-26T02:01:51.390540,Addis Ababa,Ethiopia
DEV0000231,Laptop,macOS,Opera,7122e35f38df2ada56bf0aef19f870e7,2024-05-20T02:21:32.873272,2024-06-11T03:48:13.192985,Addis Ababa,Ethiopia
DEV0000232,Mobile,iOS,Samsung Internet,2e2738627ae20b8ab324d4a4a39b0fec,2024-02-09T11:21:22.490469,2024-05-28T07:25:26.598438,Adama,Ethiopia
DEV0000233,Mobile,iOS,Chrome,38fbf0e6204e45e8c74845dfb2f7b2c7,2022-01-11T13:22:54.219310,2023-11-20T06:37:12.814005,Bahir Dar,Ethiopia
DEV0000234,Mobile,Android,Firefox,8c26a64f0eda0584f2d77903abc57e7d,2025-05-24T14:03:44.533431,2025-11-01T00:05:14.938354,Bahir Dar,Ethiopia
DEV0000235,Laptop,Ubuntu,Samsung Internet,3cd9e2c9043e417544b7bc9a96032690,2022-02-19T07:53:03.231198,2024-12-06T12:52:04.883748,Dire Dawa,Ethiopia
DEV0000236,Laptop,Windows,Safari,1f790639d403a4f0d4265302be6566e0,2023-08-17T22:47:47.960835,2025-06-29T10:46:50.454083,Addis Ababa,Ethiopia
DEV0000237,Laptop,Windows,Chrome,38b21b3cacbe6d926515ff5e21f06814,2024-12-05T00:40:39.434455,2025-05-10T23:09:38.970960,Hawassa,Ethiopia
DEV0000238,Desktop,Windows,Firefox,127f1fa383142732c3184293d18a44a5,2022-09-18T04:27:25.230353,2023-07-17T12:54:22.776778,Bahir Dar,Ethiopia
DEV0000239,Mobile,Android,Firefox,1d6abd6ca7a1a404f99248d3d15b228d,2023-11-10T16:14:54.688228,2024-01-09T06:34:23.259431,Gondar,Ethiopia
DEV0000240,Mobile,iOS,Chrome,769bab48844a25f33ab6d4ee4cec3454,2025-07-25T16:04:10.495618,2025-11-10T10:01:49.607739,Adama,Ethiopia
DEV0000241,Mobile,iOS,Samsung Internet,c79832d4884c54a4849012a6fb7d75d2,2025-04-08T22:05:08.807214,2025-10-22T10:23:57.589337,Adama,Ethiopia
DEV0000242,Mobile,iOS,Firefox,a3f32939071f6e4e590fcc7f47f89ba6,2023-02-16T18:02:03.337637,2023-04-23T06:46:31.881417,Gondar,Ethiopia
DEV0000243,Mobile,iOS,Opera,40b1e5c3d59b9f266555b4a4771c8035,2025-05-02T16:45:58.775006,2025-06-11T02:01:39.296596,Dire Dawa,Ethiopia
DEV0000244,Mobile,Android,Safari,56f903fcd38240559a22d90534fd4400,2024-06-05T12:20:09.735733,2024-07-21T14:51:48.927218,Hawassa,Ethiopia
DEV0000245,Desktop,Ubuntu,Firefox,0fe4d02616329df3fbac1a807d0f8bf1,2025-01-20T14:15:38.600947,2025-02-07T17:41:35.418901,Addis Ababa,Ethiopia
DEV0000246,Laptop,Windows,Opera,becb40861e22d9e05ea7b1e75bd1f45d,2024-07-10T01:16:39.073935,2025-04-16T23:30:21.423362,Hawassa,Ethiopia
DEV0000247,Mobile,iOS,Safari,1a9f4cb190a84a5587968e3cba12c35a,2024-05-15T15:57:56.156431,2024-11-08T09:53:42.000733,Arba Minch,Ethiopia
DEV0000248,Mobile,iOS,Firefox,496cf00fe730a14ca60fcb02b9cba0da,2023-01-15T16:20:20.269848,2025-06-18T00:58:38.150378,Mekelle,Ethiopia
DEV0000249,Tablet,iPadOS,Edge,4694e0ef41fe8d9bbe4f0b8a2c9cffef,2025-01-23T01:16:06.180383,2025-03-16T21:21:27.544285,Gondar,Ethiopia
DEV0000250,Mobile,iOS,Samsung Internet,7f4178f0441348aecb43e49e0293328f,2022-01-06T09:53:48.660431,2022-10-23T23:37:15.173045,Addis Ababa,Ethiopia
DEV0000251,Mobile,iOS,Chrome,77ba9b3485462255b6f95de9f029a7b9,2022-03-28T23:20:20.048186,2024-07-16T02:11:28.671851,Addis Ababa,Ethiopia
DEV0000252,Mobile,Android,Safari,52d68a97d4a0a454dae4c3176ff71d6c,2025-05-13T07:03:47.527931,2025-06-13T09:11:59.423582,Arba Minch,Ethiopia
DEV0000253,Mobile,iOS,Samsung Internet,83f5f81c636f52dc0693d890be15845d,2023-01-06T06:40:01.475264,2025-02-12T19:41:37.769743,Adama,Ethiopia
DEV0000254,Mobile,iOS,Safari,54c0170bb23a3d9497ab52db973bd948,2023-12-12T19:21:41.020918,2025-10-10T14:44:40.702032,Bishoftu,Ethiopia
DEV0000255,Mobile,Android,Chrome,910679eb385d61b444a663e9e4e63a7e,2023-09-07T10:10:57.860061,2023-11-12T00:16:48.577625,Addis Ababa,Ethiopia
DEV0000256,Mobile,Android,,d424477970ea1156d5e438def8a29f4d,2023-01-24T06:15:37.428173,2023-08-31T05:35:45.510940,Addis Ababa,Ethiopia
DEV0000257,Tablet,Android,Safari,f559b0681f1e0a44c0d62b4369a25f3b,2024-09-07T15:57:52.963733,2024-09-28T21:34:35.252665,Addis Ababa,Ethiopia
DEV0000258,Tablet,iPadOS,,63de041f40091042e25f9006273d1739,2025-06-28T11:54:10.615874,2025-07-09T04:07:39.376831,Addis Ababa,Ethiopia
DEV0000259,Desktop,Windows,Samsung Internet,f4ccfc739857060292273d59a4c4e4d5,2024-05-30T15:08:38.421247,2025-10-28T11:08:48.145853,Addis Ababa,Ethiopia
DEV0000260,Mobile,iOS,Safari,5fd22199253916038c014e85853361d3,2023-08-27T07:51:54.319965,2025-01-05T21:36:32.036045,Mekelle,Ethiopia
DEV0000261,Desktop,Windows,Chrome,b4907e1ff862bc4d976e7528591f2263,2023-05-27T11:41:26.311324,2025-12-19T20:38:13.356802,Addis Ababa,Ethiopia
DEV0000262,Mobile,Android,Chrome,ab945a63caa55ab33706744140a4fe98,2024-02-03T14:16:00.768918,2025-07-10T15:10:18.946269,Adama,Ethiopia
DEV0000263,Mobile,Android,Chrome,d32246f4515eac8188ba0329b9fa58c7,2024-04-30T23:24:30.515389,2025-11-28T14:07:39.407037,Bahir Dar,Ethiopia
DEV0000264,Mobile,iOS,Samsung Internet,af0ff77d0bbaa8cddf1fd75a03716610,2023-11-21T09:25:21.025531,2025-11-11T10:37:38.610674,Addis Ababa,Ethiopia
DEV0000265,Mobile,iOS,Edge,1a7697c11beeef1bf8e6ecd33fa1eb5a,2022-11-17T14:00:43.175686,2024-05-01T13:53:41.329644,Bahir Dar,Ethiopia
DEV0000266,Mobile,Android,Chrome,bd1961eb36efe32787a4aaa03b0b29d5,2024-12-31T13:05:26.952125,2025-10-30T01:58:36.306359,Hawassa,Ethiopia
DEV0000267,Tablet,iPadOS,Firefox,5b1eb4b408dac8810d3a42f5b9a508d4,2024-11-03T04:28:41.578992,2025-02-10T01:22:35.344055,Bishoftu,Ethiopia
DEV0000268,Laptop,macOS,Opera,17f3f9ac742077b5fe17d71ae744e917,2022-07-19T19:16:46.382362,2024-09-01T00:37:46.194299,Addis Ababa,Ethiopia
DEV0000269,Mobile,Android,Chrome,fb2552a7232fdea8595c78c142642936,2022-06-14T09:21:30.403795,2023-08-14T15:35:59.739122,Mekelle,Ethiopia
DEV0000270,Mobile,iOS,Samsung Internet,4595024cfd4dcc03f784fc146c79b428,2022-07-21T23:28:14.352293,2025-06-19T06:24:11.321453,Bahir Dar,Ethiopia
DEV0000271,Mobile,Android,Safari,899e752522c19f5898d441d4f7e5c1dc,2024-04-14T02:56:05.827009,2025-06-12T09:14:25.614815,Arba Minch,Ethiopia
DEV0000272,Mobile,iOS,Safari,6188d002ea7e200899451c691d3a93b2,2024-05-26T06:42:46.392033,2024-06-20T21:28:21.212670,Jimma,Ethiopia
DEV0000273,Tablet,iPadOS,Samsung Internet,ce04f0b11c1b13c92fdeaa1894d19fad,2022-08-01T05:47:48.965854,2025-06-09T07:48:35.237284,Shashamane,Ethiopia
DEV0000274,Mobile,iOS,Firefox,4b9a7eed29e1b93995e64dc1ad73431a,2024-03-29T19:01:57.817806,2025-03-30T22:31:48.578019,Addis Ababa,Ethiopia
DEV0000275,Desktop,macOS,Opera,e6d7d543ce8a7f904873adb8cf6e1c94,2025-06-07T04:40:18.929041,2025-11-16T14:24:49.060668,Debre Birhan,Ethiopia
DEV0000276,Mobile,Android,Edge,cc36d3c5b826111c53549d06ee0053f6,2022-01-26T21:54:04.891287,2025-05-13T23:55:26.248838,Addis Ababa,Ethiopia
DEV0000277,Desktop,Ubuntu,Opera,e7ad7f17f1e821d2d41bcb0a914556ef,2022-05-16T18:30:40.114879,2022-12-22T19:17:40.362057,Bishoftu,Ethiopia
DEV0000278,Mobile,iOS,Edge,35f15f511f4317007fe24779079b569f,2023-08-18T15:37:30.423391,2023-12-16T19:49:28.489040,Addis Ababa,Ethiopia
DEV0000279,Laptop,macOS,Opera,5627cb4acdbed11942b0e6e807971849,2023-06-21T03:27:51.049239,2023-10-09T03:44:56.839417,Addis Ababa,Ethiopia
DEV0000280,Mobile,Android,Chrome,87dca6a8a7f4e63d1a832738c23ea6e7,2025-07-08T15:25:09.583482,2025-12-16T11:26:30.646875,Dilla,Ethiopia
DEV0000281,Laptop,Windows,Chrome,d23e9ff6fee72308058eaac2a7df513f,2023-12-16T20:04:31.566160,2025-08-24T05:24:33.328691,Addis Ababa,Ethiopia
DEV0000282,Mobile,Android,,cd040b989d8a66921e35e26a6348397c,2025-05-14T08:34:49.367347,2025-09-16T06:21:12.346209,Nekemte,Ethiopia
DEV0000283,Mobile,iOS,Safari,2d72acff034d65fad101b9bda62b528c,2023-04-26T09:04:15.985342,2023-08-26T13:57:01.925805,Dilla,Ethiopia
DEV0000284,Tablet,Android,Chrome,b227117ecd9e7e6ca3e9589f9f725f6b,2023-01-17T04:17:46.766155,2025-02-13T01:48:54.618531,Jijiga,Ethiopia
DEV0000285,Mobile,Android,Chrome,239e3bc196d154889791c7962ebbb104,2024-05-30T14:13:50.113874,2024-12-18T20:25:01.000505,Mekelle,Ethiopia
DEV0000286,Desktop,Windows,Edge,096897b73bff8459a4a3b9a78bdf3b5a,2025-03-17T16:04:47.267499,2025-04-05T20:59:13.361384,Addis Ababa,Ethiopia
DEV0000287,Mobile,iOS,Firefox,4136726492c44bcd7ec6b5bfe2c93634,2024-04-13T07:20:06.114633,2025-09-27T03:28:03.001398,Adama,Ethiopia
DEV0000288,Tablet,Android,Firefox,a3bf1a703328cea51121b5d1529b6f26,2022-01-28T15:24:09.161425,2023-01-27T09:17:35.202635,Addis Ababa,Ethiopia
DEV0000289,Desktop,Windows,Samsung Internet,6b372b84dffbba6cd6b4bd9a7ad69fcf,2023-11-07T10:01:04.767202,2025-01-01T01:47:27.862970,Dire Dawa,Ethiopia
DEV0000290,Mobile,iOS,Opera,9fada859170c1d44e3697dceadeaa771,2024-03-27T10:24:09.945062,2024-08-07T00:59:23.257532,Addis Ababa,Ethiopia
DEV0000291,Laptop,macOS,Samsung Internet,5ed7045b04190eef7c636f5fe39b60cf,2023-09-12T01:28:53.868525,2024-04-23T19:17:08.253410,Addis Ababa,Ethiopia
DEV0000292,Mobile,Android,Safari,9760b43849fcb85e500cbab586f88dcb,2022-06-08T05:27:46.312984,2022-08-09T14:09:22.444519,Mekelle,Ethiopia
DEV0000293,Mobile,iOS,Samsung Internet,ab0383ea7bd25715f6bec2d2978be010,2024-07-30T10:49:56.669775,2025-01-03T16:52:21.878026,Hawassa,Ethiopia
DEV0000294,Desktop,macOS,Edge,84417423a4ea63611f63f8c1802077e0,2023-06-21T21:03:17.037434,2025-04-10T14:00:50.329320,Gondar,Ethiopia
DEV0000295,Laptop,Ubuntu,Safari,99ea720aa711a3d5548e4ae4c5a3c483,2025-12-05T03:08:02.359599,2025-12-25T23:07:56.505733,Bishoftu,Ethiopia
DEV0000296,Mobile,Android,Safari,bafac2dc7a75d19ad4d6626d9ef2ae5d,2024-03-28T10:49:15.689301,2025-03-21T00:19:41.902417,Gondar,Ethiopia
DEV0000297,Mobile,Android,Opera,bd2edcccaab8a7e43c6e6c140441fd40,2022-01-07T17:50:39.744403,2024-11-09T13:51:33.739919,Addis Ababa,Ethiopia
DEV0000298,Desktop,macOS,Samsung Internet,59bb370f215d4e45e05eae9ea58053d3,2022-05-08T08:29:55.492517,2025-05-26T18:03:52.138578,Addis Ababa,Ethiopia
DEV0000299,Desktop,Ubuntu,Safari,1be1b4e6838124bdc3eb20bb4f10e3ca,2023-09-04T11:28:57.030531,2023-10-28T21:17:15.354311,Arba Minch,Ethiopia
DEV0000300,Desktop,Ubuntu,Firefox,08aa5278d8ac4f06b25316b96454ed96,2022-02-06T09:36:05.969860,2024-03-15T10:30:49.100950,Hosaena,Ethiopia
DEV0000301,Laptop,macOS,Safari,f42c628114e44a7f812ee0ccc94cded6,2025-12-05T16:25:15.506289,2025-12-14T06:23:18.229043,Mekelle,Ethiopia
DEV0000302,Mobile,iOS,Samsung Internet,3ee8ea64982373085fe6fa6b9fabf83c,2024-03-01T14:20:33.693390,2025-01-03T12:11:14.438575,Addis Ababa,Ethiopia
DEV0000303,Tablet,Android,Opera,2e357dd0d1d1e3f70098f4df9ee9cd3d,2024-02-03T02:43:24.847479,2025-05-04T05:06:33.948585,Jimma,Ethiopia
DEV0000304,Mobile,Android,Firefox,5efdc04c76caad26ce7671acbbd3ee8f,2025-05-31T13:15:20.296218,2025-06-15T11:28:28.363827,Hawassa,Ethiopia
DEV0000305,Desktop,Ubuntu,Edge,785dc8990c5bf438c4fe1fc440327488,2022-02-19T10:19:01.990035,2024-12-30T12:53:05.344053,Hawassa,Ethiopia
DEV0000306,Tablet,iPadOS,Edge,c9ba9758ae9233feb6189e5bb09ab511,2022-10-11T06:54:32.307872,2024-06-27T02:53:45.487559,Addis Ababa,Ethiopia
DEV0000307,Mobile,Android,Safari,5a0873dd185c4735bb6894f9e97d7e98,2022-02-23T23:35:30.421758,2024-07-30T15:42:56.453637,Dire Dawa,Ethiopia
DEV0000308,Mobile,iOS,Samsung Internet,bc5260cfe95f3fa0a36d92dd6165b17b,2022-07-09T02:02:52.748792,2023-03-30T21:10:14.447985,Adama,Ethiopia
DEV0000309,Mobile,Android,Chrome,f63045594fa3866b8ddf5e4c847429bc,2022-02-18T06:23:30.348641,2023-06-08T07:58:14.457781,Hawassa,Ethiopia
DEV0000310,Mobile,Android,Samsung Internet,e1fd8a186b4e746ccda0df7949b9c6fc,2022-11-06T23:43:59.000191,2022-11-13T10:23:23.392466,Sodo,Ethiopia
DEV0000311,Laptop,Windows,Safari,e8aa980a6acda7b1d6a55d3aa1dddf35,2023-09-24T10:48:02.249966,2024-12-12T14:36:01.895176,Addis Ababa,Ethiopia
DEV0000312,Mobile,Android,Firefox,289c350b13e45deb8ed288a5601689f7,2024-12-27T05:11:39.660377,2025-09-25T11:10:50.838477,Dire Dawa,Ethiopia
DEV0000313,Desktop,macOS,,a52d6fc8fdeb218942a162bcdd6875b5,2022-11-02T18:34:22.112909,2025-02-14T23:27:06.552819,Addis Ababa,Ethiopia
DEV0000314,Laptop,macOS,Chrome,bba47fb8f57af3d50660d285e29c8e19,2022-01-07T16:06:11.492035,2024-03-17T04:13:14.243708,Jijiga,Ethiopia
DEV0000315,Mobile,Android,Opera,eaa9abe1bf3adaf035ae8afb8eac7ddb,2025-05-31T08:11:30.784456,2025-09-19T05:15:48.661093,Dire Dawa,Ethiopia
DEV0000316,Mobile,Android,,f7ca3af79823400d2284ecdcd10cff41,2023-03-21T01:22:43.126550,2024-01-22T22:30:20.240544,Bishoftu,Ethiopia
DEV0000317,Mobile,Android,Opera,fcbe20db841cdce6d6458a3789ee1704,2023-11-03T04:18:58.194843,2025-07-07T13:57:10.446311,Adama,Ethiopia
DEV0000318,Mobile,iOS,Opera,b66c995f312c5550b645be1b7bbff8d9,2024-01-22T06:17:26.161515,2024-08-02T09:22:33.732084,Dire Dawa,Ethiopia
DEV0000319,Mobile,iOS,Samsung Internet,0b137184277d8695dbceeef008894869,2023-06-04T15:42:43.967205,2024-07-16T20:05:50.362163,Dire Dawa,Ethiopia
DEV0000320,Laptop,Windows,,512bd1678aa2602f1492bde5622103a3,2024-10-24T03:15:42.177576,2024-11-15T11:54:15.296676,Addis Ababa,Ethiopia
DEV0000321,Laptop,macOS,Firefox,6d5a892e5e0dab573cfd803ec3c4dfc3,2025-07-17T06:18:00.057219,2025-07-17T14:04:32.946790,Hawassa,Ethiopia
DEV0000322,Desktop,Windows,Chrome,bb9cfe004402245614106dcf76fae79a,2025-07-15T16:32:42.207495,2025-08-08T16:06:37.788788,Arba Minch,Ethiopia
DEV0000323,Tablet,Android,Samsung Internet,e636b927067b2b03e2f8164da9e5ccb8,2024-09-27T11:34:37.659758,2025-03-19T01:03:42.801284,Harar,Ethiopia
DEV0000324,Mobile,Android,Firefox,52099149b7f64821fe0eb60552fb3f8e,2023-03-10T01:30:43.453027,2024-01-19T10:50:45.145362,Jimma,Ethiopia
DEV0000325,Mobile,iOS,Firefox,ce3082cf8e862ed77e9da6cabac1affe,2025-01-20T22:24:22.826348,2025-08-23T10:55:29.434458,Addis Ababa,Ethiopia
DEV0000326,Laptop,macOS,Chrome,eed6acdb8eec0caf99bc0a63d47b10fc,2024-07-23T10:57:19.193883,2025-02-27T08:21:24.316091,Addis Ababa,Ethiopia
DEV0000327,Mobile,iOS,Opera,ff0f6c488723e7e8344fc02857b00823,2024-09-22T11:41:05.417443,2025-02-14T19:47:48.714825,Bishoftu,Ethiopia
DEV0000328,Mobile,iOS,Firefox,df7880e6534b80668e77d5e1c12dd141,2022-11-18T07:17:16.709409,2024-10-05T04:32:48.320793,Gondar,Ethiopia
DEV0000329,Tablet,Android,Firefox,3054ceca9d3fdc60f73c5f1625bf604c,2022-07-16T18:35:07.884382,2022-10-05T19:56:59.648674,Hawassa,Ethiopia
DEV0000330,Laptop,Windows,Chrome,c141bf2695c35f40648fde6d8d4ffdb8,2023-05-20T06:11:08.631990,2024-12-13T18:50:16.101525,Jimma,Ethiopia
DEV0000331,Mobile,Android,Safari,89ea6b9038dfdfc0f601bf833fb56d6d,2022-04-21T21:30:42.269269,2025-08-15T19:34:22.321919,Addis Ababa,Ethiopia
DEV0000332,Laptop,Windows,Opera,6ab7211970272288e177161c148e52fc,2024-07-18T10:05:45.233376,2024-08-29T01:24:28.101064,Addis Ababa,Ethiopia
DEV0000333,Laptop,Ubuntu,Firefox,3fd9392999736c5f8c466188c99ed969,2023-11-20T15:18:11.504165,2025-09-25T19:06:20.885201,Addis Ababa,Ethiopia
DEV0000334,Desktop,Ubuntu,Firefox,a83a48c496b8a993e87634ecbdb10bce,2024-03-06T10:59:04.130689,2025-04-30T20:49:29.286587,Addis Ababa,Ethiopia
DEV0000335,Mobile,Android,Safari,11ace6983f8831c1e95c19a0ab757fd4,2025-01-25T05:50:03.187281,2025-05-03T22:44:01.610419,Hawassa,Ethiopia
DEV0000336,Mobile,iOS,Samsung Internet,5c8ccb93126fd39a7c5c85e212c0e8f1,2022-08-16T13:30:09.215374,2023-04-11T18:10:38.923701,Addis Ababa,Ethiopia
DEV0000337,Mobile,iOS,Firefox,811d75a8f6bb55d6d17fd0c16f9e930b,2022-05-04T03:11:29.800775,2023-03-27T19:39:45.793891,Addis Ababa,Ethiopia
DEV0000338,Tablet,iPadOS,Safari,cc208dcdb593e0b954dd9aec0786229e,2022-04-07T02:05:41.030505,2023-11-25T22:13:52.207261,Addis Ababa,Ethiopia
DEV0000339,Mobile,Android,Chrome,49975b072ddf2b9448c7f8f3fb37e6dc,2023-11-06T14:52:45.750941,2024-07-01T10:34:12.530978,Gondar,Ethiopia
DEV0000340,Mobile,Android,Firefox,41ed6bdb53268c468af2e6860b23ec80,2022-06-15T21:12:23.168456,2025-03-13T11:44:34.498791,Addis Ababa,Ethiopia
DEV0000341,Tablet,iPadOS,Edge,468ede3983a01e02f4c5e4cf6970836a,2024-08-03T12:45:08.244771,2025-06-10T13:29:23.231718,Arba Minch,Ethiopia
DEV0000342,Desktop,Windows,Safari,ad38671eeed3c64366dd89428355fcf0,2025-11-17T05:42:08.238191,2025-11-25T16:54:23.872502,Hawassa,Ethiopia
DEV0000343,Mobile,iOS,Firefox,4f3319d565835901b0dc8172f1ddd9af,2023-03-23T10:09:37.430135,2023-08-12T13:58:49.297892,Gondar,Ethiopia
DEV0000344,Mobile,Android,Firefox,5aefa7bcedb45f3679aaddfc7e7f5841,2023-01-18T09:34:02.404655,2025-09-11T10:51:18.287337,Addis Ababa,Ethiopia
DEV0000345,Laptop,Windows,Safari,42cd26b641ec91cd297195732282b6de,2025-08-06T12:09:27.218351,2025-09-04T15:30:25.125029,Addis Ababa,Ethiopia
DEV0000346,Mobile,iOS,Chrome,ddc73cdc860d76d99a52ecbcdc8ec260,2022-03-05T23:26:38.797325,2024-04-28T22:04:25.771380,Addis Ababa,Ethiopia
DEV0000347,Laptop,Windows,Firefox,8007b8e35e4b6deeeb6acf2d47ac0e76,2025-01-16T19:17:30.843063,2025-10-28T09:41:33.424912,Bishoftu,Ethiopia
DEV0000348,Desktop,Windows,Chrome,a186e3a3841e6fd904b7d5b1b4b90210,2022-08-17T15:39:32.021794,2023-12-24T02:41:35.628500,Dire Dawa,Ethiopia
DEV0000349,Mobile,iOS,Opera,4653872b17bd51ab3038db5a382ffdd8,2025-02-03T14:38:14.429543,2025-12-14T17:46:18.040771,Jimma,Ethiopia
DEV0000350,Laptop,Ubuntu,Chrome,1d39602aa2147cb3b4482c014821712f,2024-07-11T04:27:30.887566,2024-10-24T21:02:46.906485,Hawassa,Ethiopia
DEV0000351,Mobile,Android,Opera,27dd7fe2a92e289e8fbd5cb3ffeb2e07,2024-06-17T11:41:59.165510,2025-08-04T00:55:48.187968,Addis Ababa,Ethiopia
DEV0000352,Desktop,Windows,Chrome,751a3615320d920d85ba0bc5cf10a44d,2022-03-15T19:09:45.395745,2023-07-01T09:17:01.567126,Dire Dawa,Ethiopia
DEV0000353,Mobile,iOS,Opera,9a8aaf51b03caf45d3f8da5ad55dd634,2024-03-11T03:05:52.942796,2025-08-23T12:51:35.903923,Addis Ababa,Ethiopia
DEV0000354,Desktop,macOS,Chrome,f5b5945367371be4cc1c638f9aed7389,2023-12-06T15:59:31.909129,2024-10-20T20:01:52.021825,Addis Ababa,Ethiopia
DEV0000355,Laptop,Ubuntu,Opera,c41841f92f62489292e2e2ef15addb86,2024-03-22T03:11:44.183575,2024-08-14T00:18:00.296878,Mekelle,Ethiopia
DEV0000356,Mobile,iOS,Opera,fd2c3dc601bf7066a6fc92e8cba03c46,2025-06-17T15:14:34.259658,2025-08-18T07:29:32.333666,Addis Ababa,Ethiopia
DEV0000357,Mobile,iOS,Firefox,90d00436b21fde61a08609ce6d0e09f2,2023-06-06T17:11:39.643918,2024-12-04T02:33:38.534819,Dire Dawa,Ethiopia
DEV0000358,Desktop,macOS,Opera,9d98e255b0ced5649eea6452788b0b15,2023-02-21T01:45:30.781053,2024-02-11T08:12:01.536005,Dessie,Ethiopia
DEV0000359,Mobile,Android,Samsung Internet,7d0533f1b74c5b9b4fe1643ff1aa45ba,2025-08-04T03:31:16.183829,2025-10-03T19:41:56.909659,Mekelle,Ethiopia
DEV0000360,Mobile,iOS,Chrome,aa08ea639fbcf1970d17ca3941e3954b,2022-05-23T14:13:18.149053,2025-05-14T21:42:06.947835,Jijiga,Ethiopia
DEV0000361,Tablet,Android,Chrome,a4613dddef0963148e20e744f34c7596,2022-04-15T05:39:41.547545,2025-09-29T11:19:44.200709,Hawassa,Ethiopia
DEV0000362,Mobile,iOS,Safari,5061f7a53a533ef3082c86448ebcdc61,2023-07-01T22:09:17.349890,2024-08-18T04:34:21.313757,Addis Ababa,Ethiopia
DEV0000363,Laptop,Ubuntu,Safari,76ef836442f8943232df470582b2f1a2,2023-12-04T12:16:05.349664,2025-01-15T22:35:53.695498,Jimma,Ethiopia
DEV0000364,Laptop,Windows,Safari,f884a73f2e28028c60def7a69d53c907,2025-08-04T14:57:33.900633,2025-11-29T04:03:54.034087,Addis Ababa,Ethiopia
DEV0000365,Mobile,Android,Chrome,cd351d95acdf61317c3e9b5fed00afce,2022-10-26T15:57:35.043459,2024-08-01T17:28:23.744545,Mekelle,Ethiopia
DEV0000366,Tablet,Android,Chrome,7516a246585d31f5674df545578086f6,2022-10-03T04:19:54.871641,2024-06-05T13:32:26.912803,Addis Ababa,Ethiopia
DEV0000367,Desktop,Windows,Opera,89b63c0935859e268ba0554d1e01280c,2025-09-24T16:35:49.712169,2025-10-10T22:03:23.042800,Bahir Dar,Ethiopia
DEV0000368,Mobile,Android,Chrome,26372f01c07be268c62f9894b40eacf2,2023-07-05T19:12:39.355020,2023-10-17T15:32:51.229560,Addis Ababa,Ethiopia
DEV0000369,Mobile,iOS,Samsung Internet,c9a92c497024b09f7f0b21128d164d9d,2023-12-07T00:39:46.739795,2025-04-17T10:56:02.363955,Bahir Dar,Ethiopia
DEV0000370,Tablet,iPadOS,Opera,21f6633dc092d661d6eb518a63b5882b,2024-03-02T14:02:13.125923,2025-04-17T08:12:23.396099,Addis Ababa,Ethiopia
DEV0000371,Laptop,macOS,Safari,4b5f9a8fa78fa8b147e809614c61bc21,2023-03-21T12:51:58.092936,2024-04-30T14:06:35.822726,Sodo,Ethiopia
DEV0000372,Laptop,Ubuntu,Opera,da0518b86de3f76030b00954855d6ba6,2023-07-17T22:44:44.197228,2024-03-08T11:35:14.247056,Hawassa,Ethiopia
DEV0000373,Laptop,Ubuntu,Firefox,5d90c0cae6878cdd9a30fee8b6285c51,2022-12-28T06:53:38.779001,2024-05-24T13:00:53.157484,Addis Ababa,Ethiopia
DEV0000374,Mobile,Android,Firefox,724fd7b402478cd2a3674e615ff1d952,2024-09-20T22:28:50.509295,2024-10-15T06:46:03.317146,Hosaena,Ethiopia
DEV0000375,Tablet,Android,Chrome,29ab498df6a380bdb8f274f5801771d0,2025-06-03T16:39:22.578742,2025-06-08T19:03:28.247229,Addis Ababa,Ethiopia
DEV0000376,Mobile,iOS,Samsung Internet,0a8368c90114931396ec0527c0c11cee,2023-08-29T07:09:51.694898,2023-10-22T16:40:23.594388,Adama,Ethiopia
DEV0000377,Mobile,iOS,Firefox,834359fb99d425b6d55abad6d151c927,2023-10-23T10:33:01.382628,2025-10-07T04:29:13.042590,Addis Ababa,Ethiopia
DEV0000378,Mobile,Android,Safari,a6f3f5bf025a3cf86fc1ecf25410b8ae,2023-11-06T18:42:13.548887,2025-11-21T13:14:27.736570,Hawassa,Ethiopia
DEV0000379,Desktop,Ubuntu,Edge,570cdca219daf40ee7a8bf32196b5f9b,2025-01-05T09:47:20.771059,2025-10-27T03:44:46.087169,Addis Ababa,Ethiopia
DEV0000380,Mobile,iOS,Firefox,a417462ebd401c811de1bb03e11c3bea,2024-11-02T16:49:41.979840,2025-06-12T06:51:44.595811,Mekelle,Ethiopia
DEV0000381,Mobile,iOS,Firefox,877a8bfb6ae1dfdd73924380624b566a,2023-03-17T19:59:37.173717,2025-08-21T16:49:37.095023,Dire Dawa,Ethiopia
DEV0000382,Mobile,Android,Samsung Internet,b344a6bc0de53504a4df6323bb895ab7,2022-09-30T06:40:10.815036,2023-07-22T21:41:10.614476,Addis Ababa,Ethiopia
DEV0000383,Laptop,Windows,Samsung Internet,d3fe19976c2a75eb8a2e70d5bf25f638,2025-10-19T16:03:05.633193,2025-10-30T20:54:22.301619,Hawassa,Ethiopia
DEV0000384,Mobile,Android,Firefox,cf23558a83722f8a6fdf08794ecc60b2,2024-07-28T07:27:21.150585,2024-11-16T05:08:38.777704,Bahir Dar,Ethiopia
DEV0000385,Desktop,Windows,Edge,b1b115c95e387f302be8ff7a467196c9,2024-09-25T00:59:10.764945,2025-08-16T19:56:21.118289,Jijiga,Ethiopia
DEV0000386,Mobile,Android,Safari,747147ec326c67e9f78639bcc2e57106,2023-06-09T19:39:17.957805,2023-10-11T19:55:57.876948,Addis Ababa,Ethiopia
DEV0000387,Tablet,iPadOS,Chrome,8a9ed308e90d8a4616c094b9a6f412ed,2023-02-26T08:21:38.055940,2025-03-16T09:41:16.713345,Gondar,Ethiopia
DEV0000388,Laptop,macOS,Safari,214c1ea8cb6f2cac1d425d2b399a6416,2025-06-03T23:15:38.657105,2025-10-30T09:58:31.267995,Addis Ababa,Ethiopia
DEV0000389,Laptop,Ubuntu,Chrome,7c247e3933ee805b22ee080492a67bca,2022-11-21T08:30:48.753594,2024-08-18T22:39:03.910266,Addis Ababa,Ethiopia
DEV0000390,Mobile,iOS,Chrome,76334ea7dbbe4a662dfd7b6575da4d09,2022-01-08T02:42:25.503937,2024-05-02T15:02:47.759066,Addis Ababa,Ethiopia
DEV0000391,Mobile,iOS,Opera,9d7ccfb0ac8c14f52bfd1fc6adf5c95b,2022-10-20T02:28:06.684530,2022-12-16T23:32:04.075413,Adama,Ethiopia
DEV0000392,Laptop,macOS,Safari,d526aaa1566bd93dd0cc5b5423b15920,2023-02-16T00:40:10.545421,2023-05-27T06:50:45.401665,Harar,Ethiopia
DEV0000393,Mobile,iOS,Firefox,72450b89cd210e2ef9138adb066030d6,2022-03-16T19:24:13.051865,2022-05-27T02:21:08.835396,Dessie,Ethiopia
DEV0000394,Desktop,Ubuntu,Safari,47e5f25306786a97c5e23f27438d8c5f,2023-03-17T15:03:24.193980,2024-06-12T05:57:20.008761,Addis Ababa,Ethiopia
DEV0000395,Laptop,macOS,Chrome,15cf233d7721c90952f4ec953131bdde,2023-12-10T16:16:40.522581,2025-10-23T07:55:04.259810,Mekelle,Ethiopia
DEV0000396,Laptop,Windows,Firefox,065d88a4069c4b62e37d3db9e6798a4f,2024-01-18T22:05:30.414316,2024-12-21T06:56:42.299938,Bahir Dar,Ethiopia
DEV0000397,Desktop,Ubuntu,Samsung Internet,4bc1bfb4514ab2e4ea8f1aab2287dcca,2024-05-13T12:36:49.516859,2025-03-28T09:16:33.176526,Addis Ababa,Ethiopia
DEV0000398,Desktop,macOS,Opera,65cb8f0db5c178835d7a4370cd598119,2023-02-22T21:01:27.324564,2024-01-22T10:24:35.717890,Bahir Dar,Ethiopia
DEV0000399,Desktop,Ubuntu,Edge,e06513189ae8a489089629cf351f1383,2022-01-23T12:01:35.403515,2023-06-03T06:11:42.072566,Gondar,Ethiopia
DEV0000400,Desktop,Windows,Firefox,41753c1d53896a32235894abeafb1508,2025-12-25T06:51:38.161975,2025-12-30T04:56:00.868767,Bahir Dar,Ethiopia
DEV0000401,Desktop,Ubuntu,Chrome,57b69734885daf724b369c88e5adbefe,2025-09-22T03:15:39.580445,2025-10-27T13:19:04.740647,Addis Ababa,Ethiopia
DEV0000402,Mobile,iOS,Safari,9b9cabadb79026ea851014e74f12c297,2024-07-11T23:34:57.093592,2025-10-16T06:34:56.349989,Adama,Ethiopia
DEV0000403,Desktop,Ubuntu,Samsung Internet,7f415b7eb24476d5331aa371458fa98d,2022-02-09T23:02:26.140965,2024-11-23T02:57:18.839749,Jimma,Ethiopia
DEV0000404,Desktop,Ubuntu,Opera,1893ae6c2d8422aff0f985c735ca9a98,2023-03-26T21:19:42.912668,2025-04-19T11:03:16.044536,Bahir Dar,Ethiopia
DEV0000405,Mobile,iOS,Safari,74cdc533fd88e758cd67a82138ad94c4,2022-01-22T14:20:38.898761,2024-11-10T20:41:34.926743,Mekelle,Ethiopia
DEV0000406,Desktop,Ubuntu,Opera,5373fc1ab786723a043c4af717cc3dde,2025-08-08T12:11:22.218148,2025-08-28T09:17:00.328089,Addis Ababa,Ethiopia
DEV0000407,Mobile,Android,Chrome,3595b8800021731918e42ac6d2d6b628,2023-06-02T06:28:17.605099,2023-12-01T23:55:26.644815,Dire Dawa,Ethiopia
DEV0000408,Desktop,Ubuntu,Samsung Internet,3240fd9cfc795b1af9c0aa1171253c4f,2022-08-11T20:46:38.418060,2024-04-23T06:04:06.668559,Arba Minch,Ethiopia
DEV0000409,Laptop,Ubuntu,Samsung Internet,a0a9236154bf5e9fd8f5b678145ffa5a,2022-08-26T02:06:23.558591,2022-12-16T17:46:56.610029,Gondar,Ethiopia
DEV0000410,Mobile,iOS,Opera,81e14a10edf105ec3216d7d3e3a2529c,2022-03-22T22:14:46.555870,2025-07-14T18:23:58.060097,Harar,Ethiopia
DEV0000411,Mobile,iOS,Edge,637a435a170b735663e629fe584d658a,2025-01-27T17:30:16.374492,2025-07-09T15:50:25.801659,Mekelle,Ethiopia
DEV0000412,Desktop,Ubuntu,Opera,2e1468999076088f6844c1326a5f3980,2024-10-25T04:22:48.169603,2025-03-19T05:31:40.805602,Mekelle,Ethiopia
DEV0000413,Mobile,Android,,20f48fe5e0ac33f880d9d0ff17e29a6e,2023-01-07T17:52:54.697930,2023-07-29T21:58:16.586918,Addis Ababa,Ethiopia
DEV0000414,Mobile,Android,Edge,395efb0291c82ab1da062aa9f6a3b2c3,2022-08-26T13:42:32.023649,2023-10-07T14:50:06.236709,Adama,Ethiopia
DEV0000415,Laptop,Windows,Safari,54899fd121ae3a63143aaeb148a161d4,2025-12-29T07:25:04.527671,2025-12-30T02:11:58.207698,Bahir Dar,Ethiopia
DEV0000416,Mobile,Android,Samsung Internet,310ecf8b49a7d5455e4eb06f4a8e10c6,2024-04-19T02:34:17.267640,2024-05-12T01:45:19.880320,Addis Ababa,Ethiopia
DEV0000417,Mobile,iOS,Opera,20b865aac276b4bd23d19d49758e56f8,2025-04-19T07:53:45.218740,2025-11-26T01:04:37.756682,Addis Ababa,Ethiopia
DEV0000418,Mobile,iOS,Safari,875e007b11a01737263d9fdca83a1639,2024-09-21T09:30:46.215418,2025-09-10T19:53:36.690311,Bahir Dar,Ethiopia
DEV0000419,Mobile,Android,Opera,62e2f58b21d225d94aee78ec8270c2f9,2022-07-31T02:20:58.399124,2025-04-18T19:34:07.395483,Harar,Ethiopia
DEV0000420,Tablet,Android,Firefox,2ef030453ea672fd1e5cc4c9e57be5c6,2022-12-27T20:04:39.420727,2023-09-10T23:35:32.993208,Asella,Ethiopia
DEV0000421,Mobile,Android,Firefox,afd989df541c8846fffdc2c7c1fb28a0,2024-11-24T07:28:42.624266,2024-11-26T09:20:08.555580,Bahir Dar,Ethiopia
DEV0000422,Laptop,Windows,Samsung Internet,11c8a33dd9aa8b0f924331cb8a7f78ec,2024-02-01T03:32:53.172790,2025-02-01T00:42:25.576498,Dire Dawa,Ethiopia
DEV0000423,Laptop,Ubuntu,Safari,d6789998693af275ddc31dac63095f40,2024-12-13T21:55:50.093665,2025-12-18T03:44:14.049353,Hawassa,Ethiopia
DEV0000424,Tablet,Android,Samsung Internet,310af42851d5000c421f1286050ff68d,2022-10-08T21:35:15.882204,2023-09-02T11:28:19.764323,Addis Ababa,Ethiopia
DEV0000425,Laptop,Ubuntu,Edge,3f94d58f84060abec9aebba9c50920e6,2024-03-28T05:13:55.749090,2024-07-01T09:04:36.366453,Mekelle,Ethiopia
DEV0000426,Mobile,iOS,Edge,6f7f0b7344bfbdd18801a28f0c9b4b18,2023-04-16T21:18:52.759417,2025-05-23T18:10:45.261624,Addis Ababa,Ethiopia
DEV0000427,Laptop,macOS,Samsung Internet,c64a1b489013b821118c8c61a105413c,2023-10-19T07:03:12.017188,2023-11-04T10:15:57.791664,Addis Ababa,Ethiopia
DEV0000428,Laptop,Windows,Samsung Internet,8bd0da14ae1034bc3c45825e38fc6bd2,2025-02-05T09:25:46.641314,2025-10-29T14:59:57.106235,Addis Ababa,Ethiopia
DEV0000429,Laptop,macOS,Safari,df1e63a5134b7b5ac2855ceacc57bc69,2024-11-14T07:02:39.029403,2025-10-31T14:05:46.845751,Adama,Ethiopia
DEV0000430,Desktop,Ubuntu,Samsung Internet,574566c0b73648c9a6846bcc80931fac,2025-02-20T04:02:50.004069,2025-08-15T21:43:18.446905,Shashamane,Ethiopia
DEV0000431,Laptop,macOS,Safari,e8cee33964dba71c3681489058a92178,2025-05-27T07:49:05.062857,2025-09-21T16:57:59.927024,Bishoftu,Ethiopia
DEV0000432,Tablet,Android,Edge,3d44521dc6a729b135536938ebca9689,2022-07-26T19:28:32.359347,2023-11-15T22:46:53.986739,Gondar,Ethiopia
DEV0000433,Tablet,iPadOS,Firefox,35e2d6cad51e717c19aa13c987d6641e,2025-09-30T08:04:05.892910,2025-12-01T08:51:13.702251,Bahir Dar,Ethiopia
DEV0000434,Mobile,iOS,Chrome,5f50f27476a423d27cb5673fa1fed7d4,2023-06-19T19:31:53.610721,2025-09-03T01:03:35.240488,Adama,Ethiopia
DEV0000435,Mobile,iOS,Opera,d97b9678f2cab16d04280dd4af6a5278,2024-10-31T15:19:04.130137,2024-12-29T07:26:14.343911,Addis Ababa,Ethiopia
DEV0000436,Mobile,Android,Chrome,394f578bdefc5766d325df84e6613416,2024-05-20T21:18:30.965071,2025-08-06T16:02:04.105481,Addis Ababa,Ethiopia
DEV0000437,Mobile,iOS,Samsung Internet,0ea8b3f106c44be5be4c742839c9f935,2023-04-23T22:47:07.506351,2025-09-29T13:14:28.699206,Dire Dawa,Ethiopia
DEV0000438,Desktop,macOS,Chrome,6bcb88a694b9e64d77fd0cc477c2ab0f,2022-08-16T03:58:18.484145,2025-09-29T01:18:45.858557,Addis Ababa,Ethiopia
DEV0000439,Laptop,macOS,Opera,c78168cb9b6b074698c1aa74e1c868f6,2022-11-04T19:56:56.488658,2024-05-11T17:50:48.271513,Addis Ababa,Ethiopia
DEV0000440,Mobile,Android,Safari,8cf5b2da58ee9320ed8385a504d702c8,2022-12-08T04:51:57.229244,2025-02-21T13:37:25.862045,Adama,Ethiopia
DEV0000441,Mobile,iOS,Opera,c7bef17cdd946a3970e5243e7dc4efb4,2024-01-18T21:28:35.554620,2025-08-08T21:57:19.565462,Dire Dawa,Ethiopia
DEV0000442,Tablet,Android,Samsung Internet,f5d0c6918606677a3ec7ec6f8cf356b0,2025-01-20T01:51:03.499661,2025-10-21T12:53:37.496198,Harar,Ethiopia
DEV0000443,Mobile,iOS,Samsung Internet,1444be4d8030881e3bddedf6c4153e55,2024-05-08T03:34:37.802572,2025-07-04T22:31:55.247849,Bishoftu,Ethiopia
DEV0000444,Laptop,macOS,Samsung Internet,82373cca69d53cdb8973014d45a24e50,2025-02-14T23:39:55.777086,2025-05-13T07:02:35.559209,Addis Ababa,Ethiopia
DEV0000445,Mobile,iOS,Firefox,b4b7575332cb49fa337c8474125f78cd,2025-11-17T23:31:44.090043,2025-11-26T22:49:18.015913,Addis Ababa,Ethiopia
DEV0000446,Mobile,iOS,Samsung Internet,e27cd63f13ffadf9357cd272002f0dae,2023-06-29T06:38:11.468511,2024-05-12T22:45:06.248105,Jijiga,Ethiopia
DEV0000447,Mobile,Android,Firefox,e778877f53d315366d6183186a2ba262,2024-10-26T22:11:30.284103,2025-03-14T23:52:31.713049,Bahir Dar,Ethiopia
DEV0000448,Desktop,macOS,Chrome,9f3af47454d6bbb18fd5913cca231077,2024-12-05T10:27:37.769962,2025-03-11T04:07:36.767091,Nekemte,Ethiopia
DEV0000449,Desktop,Windows,Edge,fa4f78697314e157b5919372a7c06043,2023-08-14T13:38:50.500205,2025-03-25T21:53:45.486634,Hosaena,Ethiopia
DEV0000450,Mobile,Android,Firefox,86f597b044d39dc58d04854d41d1cd3c,2024-09-13T19:48:36.610523,2025-12-01T13:44:24.762908,Addis Ababa,Ethiopia
DEV0000451,Laptop,Windows,Firefox,80b1b312fb4b446fb4fd0d9478fdc067,2023-04-21T10:25:16.139685,2023-12-05T05:08:11.402279,Addis Ababa,Ethiopia
DEV0000452,Mobile,iOS,Firefox,4bb7d34215551989597849847ce1a15a,2022-01-27T07:00:11.715338,2023-09-06T07:30:36.441706,Shashamane,Ethiopia
DEV0000453,Mobile,Android,Samsung Internet,92173d80c6441b7cc26a2c4c25893eb9,2023-02-25T04:33:11.831885,2024-12-12T14:33:15.435245,Jimma,Ethiopia
DEV0000454,Tablet,Android,Firefox,7edab119a5122b3781afdc310d033a3e,2023-03-11T19:26:37.706595,2025-12-17T04:52:35.076211,Addis Ababa,Ethiopia
DEV0000455,Mobile,iOS,Firefox,edb90319e8d19e131e74cae7ce1f0df8,2025-10-21T21:41:09.624620,2025-12-16T00:10:01.834677,Addis Ababa,Ethiopia
DEV0000456,Mobile,iOS,Opera,5d66a21a81dda3ba0df28b4c62791f52,2023-02-21T23:22:25.772072,2025-10-26T12:06:17.303015,Bahir Dar,Ethiopia
DEV0000457,Tablet,Android,Edge,492c2638d9f645fcd36f69e387a36eff,2024-10-03T23:31:41.542369,2025-12-23T14:39:28.512133,Addis Ababa,Ethiopia
DEV0000458,Mobile,Android,Chrome,79d7c02cbb8687e7e44697abf76939a0,2024-06-14T21:53:08.829294,2024-08-14T21:26:17.761996,Addis Ababa,Ethiopia
DEV0000459,Desktop,macOS,Chrome,77de72e1b85a369008c8d66c1cc65fcd,2024-06-02T11:06:05.342156,2024-09-30T02:14:53.415709,Bahir Dar,Ethiopia
DEV0000460,Mobile,iOS,,7ff7e398c0ae198242f69ea016df763d,2023-03-19T06:45:56.293496,2025-12-14T13:12:53.700219,Dessie,Ethiopia
DEV0000461,Mobile,Android,Firefox,5b3f93a9967324b07e717a8b243e6c1e,2024-04-10T11:16:30.788528,2025-01-28T18:52:16.730855,Shashamane,Ethiopia
DEV0000462,Desktop,macOS,Opera,af6896a3f67d8fbe0a0023f92e01a569,2024-06-27T05:08:23.455519,2024-07-29T16:35:07.800176,Nekemte,Ethiopia
DEV0000463,Laptop,Ubuntu,Firefox,65c5442add487e1594b6f43afb8e5cd4,2025-03-15T02:56:52.660265,2025-12-22T16:01:30.451655,Addis Ababa,Ethiopia
DEV0000464,Mobile,iOS,Opera,331b32c7442a4537f2cce2e8a31ad837,2023-10-04T05:14:21.921677,2024-12-17T04:28:37.760962,Mekelle,Ethiopia
DEV0000465,Mobile,iOS,,1dd0bf610ae032c4626b7cba4c3a6da0,2022-07-17T00:28:37.465609,2023-09-22T08:00:27.852355,Addis Ababa,Ethiopia
DEV0000466,Laptop,Ubuntu,,f157a531e7d3e8678cb44fde4690fcbb,2022-10-22T17:54:15.609469,2023-03-07T02:54:06.807420,Dire Dawa,Ethiopia
DEV0000467,Mobile,Android,Opera,2f03b0421b54ecf20271ac969612788d,2025-08-20T09:58:01.527803,2025-10-13T01:26:00.267334,Addis Ababa,Ethiopia
DEV0000468,Laptop,macOS,Safari,95290053b9c2c9e8521c0fb1865d528e,2024-10-11T01:08:26.456702,2025-12-03T21:19:35.186001,Mekelle,Ethiopia
DEV0000469,Laptop,Ubuntu,Samsung Internet,22636d648624062b7de75cea2bc00b21,2022-02-28T12:19:00.881481,2025-02-04T16:39:45.951468,Sodo,Ethiopia
DEV0000470,Mobile,Android,Edge,9569c36e111a6d503eb2a9f68ecedace,2025-11-25T18:04:54.553420,2025-12-06T05:33:25.765661,Mekelle,Ethiopia
DEV0000471,Laptop,macOS,Chrome,791a1c0c6ec9ffcd385d913166f0daba,2025-12-29T00:39:38.865820,2025-12-29T03:50:33.321485,Dire Dawa,Ethiopia
DEV0000472,Mobile,Android,Firefox,376ae1f9af909742c5791ff86d52161b,2022-07-14T17:46:03.079030,2025-05-02T23:16:30.855858,Addis Ababa,Ethiopia
DEV0000473,Mobile,Android,Safari,c358695231b463cfba8598c024dc1852,2025-11-26T19:22:51.614129,2025-12-03T20:34:05.887520,Jimma,Ethiopia
DEV0000474,Mobile,iOS,Opera,88d18c8c0d2036c262fdc59e0835e7f8,2025-11-23T06:21:45.108485,2025-12-22T08:49:46.252450,Addis Ababa,Ethiopia
DEV0000475,Laptop,Windows,Firefox,89d092def51d8c36cf91c6eea8365be3,2024-11-13T22:53:35.044664,2025-05-03T23:06:19.377882,Addis Ababa,Ethiopia
DEV0000476,Laptop,Ubuntu,Firefox,30b4a263c4e4c24b4559623f05e07b29,2024-08-13T00:29:13.505880,2025-08-24T02:24:30.903320,Hawassa,Ethiopia
DEV0000477,Mobile,Android,Edge,bf5c6572a98faac28aa29a763b2fbcef,2024-10-21T23:54:14.223058,2024-11-25T04:37:34.432177,Hawassa,Ethiopia
DEV0000478,Mobile,iOS,Samsung Internet,bf60e423f8a1de39bafafb50d10f13ee,2022-09-04T13:26:38.714451,2025-10-12T14:34:57.814399,Hosaena,Ethiopia
DEV0000479,Laptop,macOS,Edge,738ebac2ac2ca739464db6ca0888c21c,2025-01-28T22:12:09.765652,2025-07-21T02:30:27.289175,Shashamane,Ethiopia
DEV0000480,Tablet,Android,Safari,c6fa05dd6c1215ce9f43295fe0aac41a,2022-08-14T05:33:16.478448,2023-01-07T03:42:12.208870,Hawassa,Ethiopia
DEV0000481,Laptop,macOS,Samsung Internet,6c92a36b7120e0ae0dd64a7677cd697e,2023-07-30T03:12:44.749942,2024-05-03T10:03:20.637268,Addis Ababa,Ethiopia
DEV0000482,Mobile,Android,Firefox,7c4304ab0dcf0287f578db2f49da69ee,2025-06-24T21:50:36.942869,2025-11-05T15:51:48.533417,Addis Ababa,Ethiopia
DEV0000483,Mobile,Android,Safari,446870d3945ed109562e4863cac2bb16,2024-06-19T11:38:43.871419,2025-04-15T15:59:59.242074,Sodo,Ethiopia
DEV0000484,Mobile,Android,Edge,7e3e7241edf1ae495ba716ec99b321c1,2025-07-30T07:05:32.741727,2025-12-31T04:00:55.166922,Dire Dawa,Ethiopia
DEV0000485,Mobile,iOS,Edge,c54efdf50c31ac6e07100bed2deeea47,2025-05-22T10:51:47.230597,2025-06-08T01:11:49.622867,Dire Dawa,Ethiopia
DEV0000486,Tablet,iPadOS,Chrome,4fcb2a91f1cf9e5c1e42696275d1bdab,2025-03-06T12:20:30.193337,2025-11-29T09:14:08.723022,Harar,Ethiopia
DEV0000487,Laptop,Windows,Firefox,f1d6eabf76bec80a4c3fb9ac7b2e591f,2023-04-24T21:21:45.117909,2025-05-28T04:44:12.807525,Shashamane,Ethiopia
DEV0000488,Mobile,iOS,Firefox,327808297e19608e13db9d24d40045ea,2022-04-18T12:40:41.786526,2023-08-27T17:15:20.293242,Addis Ababa,Ethiopia
DEV0000489,Desktop,macOS,Firefox,0f531c5b8f48333739b1f12f17dfe93e,2022-11-19T23:21:14.244683,2025-10-13T22:57:07.213845,Arba Minch,Ethiopia
DEV0000490,Mobile,iOS,Firefox,68f80f0e6e3e450dbb04c8488d9163f6,2023-01-14T03:34:59.768986,2024-10-31T14:44:08.614234,Addis Ababa,Ethiopia
DEV0000491,Mobile,iOS,Chrome,17c91e7cbc48707520ebc99da1c36f43,2025-12-03T03:11:59.494466,2025-12-07T21:13:43.684395,Hawassa,Ethiopia
DEV0000492,Mobile,iOS,Firefox,cafd3ad7a66796d686f6921381f38a3e,2025-02-13T02:14:28.827475,2025-06-09T06:46:24.808848,Gondar,Ethiopia
DEV0000493,Laptop,macOS,Chrome,cf3ec70d4416c53770539f3f8321a1d7,2022-03-15T18:49:13.157313,2022-06-01T06:15:36.988863,Mekelle,Ethiopia
DEV0000494,Desktop,Ubuntu,Chrome,40861b320a400b3847d814ea3c645a90,2025-06-23T09:37:48.533725,2025-09-11T06:39:02.000743,Adama,Ethiopia
DEV0000495,Mobile,iOS,Chrome,0152cab870d67fa5adf0acef8d1c0f0f,2025-06-03T03:56:24.691514,2025-08-26T15:10:08.676503,Addis Ababa,Ethiopia
DEV0000496,Tablet,Android,Firefox,4b8d471e86bfb6a5ea4e5357075e9104,2025-05-02T06:58:55.554006,2025-10-04T12:41:32.218420,Gondar,Ethiopia
DEV0000497,Mobile,Android,Edge,c17e91ce1bd26c06cf0ea91cb46b2027,2024-03-25T18:21:43.568156,2025-10-21T14:36:48.280882,Dire Dawa,Ethiopia
DEV0000498,Mobile,iOS,Firefox,b005f3f5025f0f9ecd62f7de21e5a218,2022-02-12T01:36:21.702174,2025-12-13T21:27:12.971666,Nekemte,Ethiopia
DEV0000499,Mobile,Android,Samsung Internet,487748a4df4ab25f51ce35e24e314cf4,2024-04-22T06:47:36.052754,2025-08-18T04:05:02.565657,Mekelle,Ethiopia
DEV0000500,Tablet,Android,Safari,b433afe7853b81234fc5c6b419246a5b,2024-12-13T21:37:32.472626,2025-04-28T20:04:37.452034,Addis Ababa,Ethiopia
DEV0000501,Tablet,iPadOS,Edge,56accb862e03719f13e53575beaecf3c,2024-10-11T07:09:21.613634,2025-01-10T02:56:52.571634,Addis Ababa,Ethiopia
DEV0000502,Laptop,Ubuntu,Samsung Internet,b362402604ff4a2ea95a4affaf908177,2022-03-17T17:12:24.478407,2023-06-16T07:59:31.625566,Bahir Dar,Ethiopia
DEV0000503,Mobile,Android,Safari,a2d7146aa544228328ddb9218faa03dd,2024-04-28T08:29:51.039386,2025-05-30T15:31:34.257950,Gondar,Ethiopia
DEV0000504,Mobile,Android,Firefox,d829dbdb6515768b0e55e83b15c171d2,2025-02-18T09:20:55.253352,2025-12-12T19:37:16.241680,Dessie,Ethiopia
DEV0000505,Mobile,Android,Firefox,e96393dec12ef001f48ed2a751822eb2,2024-01-25T23:47:46.605014,2024-02-12T14:39:42.420074,Bishoftu,Ethiopia
DEV0000506,Laptop,Windows,Safari,3ff6df8901bff7324dd47c9316aeddb8,2023-09-27T09:37:31.866151,2023-09-28T01:48:44.927118,Addis Ababa,Ethiopia
DEV0000507,Desktop,Windows,Safari,743d8e97cc6305a0d721c860b3794228,2025-10-25T02:25:59.615206,2025-12-21T16:26:30.872660,Jimma,Ethiopia
DEV0000508,Laptop,macOS,Safari,59e7fd4be9691b02062334b8f9b815e3,2024-09-05T04:57:04.283454,2025-11-27T12:22:31.102552,Addis Ababa,Ethiopia
DEV0000509,Mobile,iOS,Opera,7a44ee206fee3d0a4181f894b54e96af,2023-01-10T00:49:55.334812,2023-04-03T15:13:38.296344,Mekelle,Ethiopia
DEV0000510,Mobile,Android,Edge,6be0e4edd78ecc280596d299a57a2bc5,2022-05-26T15:35:11.869274,2023-11-07T21:25:03.267709,Addis Ababa,Ethiopia
DEV0000511,Desktop,Ubuntu,Chrome,f2eade4ee8cb1a3c2af78b1f36879dac,2022-05-11T02:33:48.610682,2023-12-26T20:23:39.685159,Addis Ababa,Ethiopia
DEV0000512,Tablet,Android,Firefox,021182a8c762753efd17cdf9d44d8d02,2022-09-02T06:11:58.967214,2023-04-21T14:34:43.525536,Sodo,Ethiopia
DEV0000513,Mobile,iOS,Opera,be06b1138baa83055ea4028b269bd495,2025-04-23T07:41:41.528560,2025-06-20T17:08:21.375185,Hosaena,Ethiopia
DEV0000514,Laptop,macOS,Samsung Internet,ea46467b6ca6d03025a0f68cd4a504fc,2023-08-26T22:19:33.725402,2024-02-03T16:15:46.350930,Addis Ababa,Ethiopia
DEV0000515,Mobile,Android,Samsung Internet,e94383397406c6e99e438258c9f9e25a,2023-07-20T15:02:27.751737,2024-05-25T16:14:48.432783,Jimma,Ethiopia
DEV0000516,Mobile,Android,Chrome,3e107c3780622fa0c327189c94d92805,2022-07-18T04:43:10.061099,2022-08-13T14:04:17.474788,Dessie,Ethiopia
DEV0000517,Mobile,Android,Firefox,5d7de1784892d6c9a80b024acd8e5a5e,2022-05-07T19:41:12.767589,2023-12-04T21:52:11.645487,Hawassa,Ethiopia
DEV0000518,Mobile,Android,Edge,4792ec17081d2b344449ab3e7900fec6,2024-11-09T14:52:44.280284,2025-09-14T03:50:44.686095,Addis Ababa,Ethiopia
DEV0000519,Laptop,Ubuntu,Firefox,4e6e23aeed31cefba0aae7b097ea7b50,2023-09-22T21:29:21.533319,2024-09-02T15:50:21.281169,Dessie,Ethiopia
DEV0000520,Mobile,Android,Edge,fcbaa3a630a7e9b267290f99e15b6b51,2025-07-21T16:39:33.025979,2025-12-11T18:42:54.477041,Dessie,Ethiopia
DEV0000521,Laptop,Ubuntu,Chrome,48b9a2e9cdea8d79349c8eaa21c01850,2023-07-22T11:20:42.584712,2024-09-26T20:02:49.454257,Addis Ababa,Ethiopia
DEV0000522,Desktop,Windows,Edge,ad35a631f71197a2306410c794c3c2c6,2025-02-19T11:49:31.949497,2025-12-03T21:00:57.127516,Addis Ababa,Ethiopia
DEV0000523,Mobile,Android,Edge,ff576c6290b6f3435d918e8644994c97,2022-02-27T14:13:05.017482,2024-04-06T11:04:54.370430,Mekelle,Ethiopia
DEV0000524,Laptop,macOS,Edge,03db410c515fcb709bd30bc5edc424cc,2023-11-30T00:14:19.241962,2024-11-01T07:09:06.190524,Shashamane,Ethiopia
DEV0000525,Mobile,iOS,Safari,bd6529a5ba13ce1c58a3dd1976f3a78b,2025-01-01T01:56:33.157423,2025-06-28T00:07:48.035665,Addis Ababa,Ethiopia
DEV0000526,Mobile,iOS,Chrome,54235b72e7129e9ccad894a38616bbda,2022-09-20T01:21:30.556029,2025-06-21T14:34:40.933388,Mekelle,Ethiopia
DEV0000527,Tablet,Android,Edge,9e1c0153b4cfa78c836f32b7d3b82d00,2022-04-04T22:36:52.578771,2025-07-31T12:14:35.036005,Addis Ababa,Ethiopia
DEV0000528,Mobile,iOS,Opera,eb3abc2e42a28547f30dcd03b3216d81,2022-05-10T19:28:01.918999,2024-09-21T20:49:08.758966,Addis Ababa,Ethiopia
DEV0000529,Mobile,Android,Chrome,99372ed0cca12ded7d2e00980a6d0362,2022-09-11T00:44:57.711827,2023-12-11T06:50:07.713146,Bahir Dar,Ethiopia
DEV0000530,Desktop,macOS,Opera,1e4f59cce90e6af5f9f74eb9f5c102c3,2023-10-16T18:32:02.696907,2025-01-24T19:37:25.286615,Dire Dawa,Ethiopia
DEV0000531,Mobile,Android,Samsung Internet,7882cd7d736f7a7e929a3b762075dd50,2023-11-01T03:45:31.165713,2024-09-28T16:57:05.732913,Adama,Ethiopia
DEV0000532,Mobile,Android,Safari,cf1c2c0193794b61c996993f3367c2d7,2025-09-29T12:35:20.155281,2025-11-10T23:42:17.988543,Mekelle,Ethiopia
DEV0000533,Mobile,Android,,3359f19ff344ea992e53bb0218a9df25,2022-09-15T21:43:33.302193,2025-10-10T00:31:34.189782,Dire Dawa,Ethiopia
DEV0000534,Tablet,Android,Edge,135394f310eb20caa5b6046647d80a35,2023-06-11T12:57:29.231430,2025-10-22T02:38:03.920393,Dilla,Ethiopia
DEV0000535,Mobile,iOS,Opera,36addb932ee0b656665105243d4be182,2024-04-16T14:48:21.129808,2025-04-30T12:49:59.955386,Addis Ababa,Ethiopia
DEV0000536,Tablet,iPadOS,Firefox,cf6e8a4688891182fe5bb51624674b79,2023-07-29T17:25:50.335981,2023-12-01T10:43:14.170424,Jimma,Ethiopia
DEV0000537,Mobile,iOS,Safari,85a7fca2e817f560894e0b3dc0989cb4,2022-04-06T06:32:35.707140,2025-05-26T17:04:26.516137,Hawassa,Ethiopia
DEV0000538,Tablet,Android,Opera,67f68fb9d367f8ad9a6dd6f9116a73ad,2022-06-06T08:51:59.499686,2024-10-24T07:19:02.888862,Addis Ababa,Ethiopia
DEV0000539,Mobile,Android,Chrome,b1f84280dd5d814a348bbcf24b2261b8,2024-07-23T12:50:43.582658,2025-09-07T12:42:38.357279,Addis Ababa,Ethiopia
DEV0000540,Mobile,iOS,Safari,293fca291dbc7145383368060146e478,2024-11-16T11:22:44.415678,2025-05-11T11:27:55.438196,Sodo,Ethiopia
DEV0000541,Mobile,Android,Safari,40fc11c6bcabb9aa0e036082ba4f8651,2022-12-13T23:18:00.643996,2025-07-01T08:47:17.789968,Adama,Ethiopia
DEV0000542,Laptop,Ubuntu,Samsung Internet,5c009cc0feecb8272139b512096ba5d8,2025-03-29T13:15:35.227052,2025-08-08T07:34:22.870150,Addis Ababa,Ethiopia
DEV0000543,Mobile,Android,Edge,f6f1fa68bab423648cc37349c8a72b35,2022-11-09T22:04:13.926095,2023-01-31T12:40:16.000272,Jijiga,Ethiopia
DEV0000544,Tablet,Android,Safari,4d8db94278950a2abcaf74b875cb96d7,2025-01-02T23:33:38.578658,2025-03-24T15:03:10.459872,Gondar,Ethiopia
DEV0000545,Desktop,macOS,Samsung Internet,31b0690f0f72b77e1f237db6e297c21e,2025-05-09T15:41:28.151635,2025-05-20T04:46:39.017527,Jijiga,Ethiopia
DEV0000546,Mobile,Android,Opera,8e6a2f743870225f6aff9390fa9318cd,2023-02-07T00:12:47.559600,2024-03-01T06:10:00.196375,Addis Ababa,Ethiopia
DEV0000547,Laptop,Windows,Edge,fd2a72763ea19f47ab6f4126318b8a9a,2022-12-25T09:48:29.972771,2024-05-20T09:13:53.875423,Addis Ababa,Ethiopia
DEV0000548,Mobile,Android,Safari,860f44152b07ca2fa643b9b172b52d81,2024-06-30T20:47:35.153777,2025-03-12T03:55:10.822394,Gondar,Ethiopia
DEV0000549,Mobile,iOS,Edge,cf682270addf99a0cf7460e4e3cc6f37,2023-10-31T07:36:05.926110,2024-11-11T09:29:45.003467,Dire Dawa,Ethiopia
DEV0000550,Desktop,Ubuntu,Samsung Internet,1ae76e3e8d3f83cbdea8921dcff8588c,2023-09-21T08:10:45.716244,2025-10-28T06:06:49.144346,Gondar,Ethiopia
DEV0000551,Laptop,macOS,Safari,f607e29827bc1ba8113948921aff9b10,2023-09-26T13:17:31.827023,2025-11-21T06:52:55.876229,Addis Ababa,Ethiopia
DEV0000552,Mobile,iOS,Samsung Internet,c5db82a5f0e4cdd0aaaf32ad2d97445a,2023-08-19T15:00:21.492237,2025-04-01T18:35:25.271883,Mekelle,Ethiopia
DEV0000553,Laptop,macOS,Samsung Internet,c25e5651c5ee297a864fdce94fd1c654,2024-07-10T01:50:04.946510,2025-11-21T14:23:25.328626,Jimma,Ethiopia
DEV0000554,Mobile,Android,,354adcff2c9c62e732580964fd636414,2024-03-01T01:19:40.553043,2025-03-08T10:13:26.958951,Jimma,Ethiopia
DEV0000555,Mobile,iOS,Samsung Internet,0cb6954c59870674ce38830231f3cf38,2023-07-09T14:59:15.213009,2025-09-21T18:08:44.013677,Shashamane,Ethiopia
DEV0000556,Mobile,iOS,Samsung Internet,55a287885d20a048b49ba4c8d399a904,2022-04-02T16:53:28.594649,2025-09-20T01:57:52.750974,Hosaena,Ethiopia
DEV0000557,Tablet,Android,Edge,536318e0d22b4d83adacb0211976d613,2025-09-30T09:12:16.384027,2025-10-25T11:31:24.012717,Addis Ababa,Ethiopia
DEV0000558,Laptop,Ubuntu,Samsung Internet,920e5288dbd0a673d6b8fae0c26794c4,2024-07-10T10:16:17.948243,2025-04-24T08:06:04.688998,Addis Ababa,Ethiopia
DEV0000559,Laptop,Windows,Opera,58102a095c8ef7e21e14683514fa3240,2023-03-22T10:31:05.557273,2024-12-12T21:26:38.169815,Dire Dawa,Ethiopia
DEV0000560,Mobile,Android,Firefox,ba73d9c71184cb5d163a5c66cef46681,2025-09-11T14:05:04.929486,2025-10-19T06:01:35.715175,Addis Ababa,Ethiopia
DEV0000561,Mobile,iOS,Safari,5b93b9de7d3033c495ad9fb4b2581b96,2025-04-23T16:42:20.950998,2025-11-23T12:47:16.837370,Addis Ababa,Ethiopia
DEV0000562,Tablet,iPadOS,Chrome,b8d8d8c9742312098aee9c46ca070546,2022-12-15T16:13:19.815605,2024-10-05T08:28:04.531258,Jijiga,Ethiopia
DEV0000563,Mobile,iOS,Safari,e6932ec96121d4295bf938b28aeabb22,2022-04-05T15:51:10.670939,2023-12-13T08:43:10.088392,Dilla,Ethiopia
DEV0000564,Mobile,iOS,Samsung Internet,d721caf4344607f630348abf885c0125,2022-09-06T15:25:28.161219,2024-12-13T01:54:34.119929,Shashamane,Ethiopia
DEV0000565,Desktop,Windows,Samsung Internet,3563ce7bb6e5023541fb3e92a78f8849,2023-12-03T07:07:15.271247,2025-10-23T10:20:01.524048,Dire Dawa,Ethiopia
DEV0000566,Mobile,iOS,Chrome,504ce3269783d928745a0fc76c92f4cc,2024-09-16T07:22:36.197431,2025-06-17T19:44:06.559985,Addis Ababa,Ethiopia
DEV0000567,Mobile,iOS,Edge,b8a55643105dbe4876ca7b1a419568d5,2023-06-16T12:57:15.762458,2024-03-06T14:40:26.916383,Hawassa,Ethiopia
DEV0000568,Desktop,macOS,Opera,fcd89fd549365b327d00d4b1d2ed2193,2022-05-05T14:48:12.231704,2023-06-16T14:46:45.724275,Hawassa,Ethiopia
DEV0000569,Mobile,iOS,Firefox,a619817a32a40952e1e4cdf3de999861,2022-02-19T10:43:11.751302,2023-11-18T18:28:59.295717,Addis Ababa,Ethiopia
DEV0000570,Laptop,Windows,Edge,afd63d9df37f5d99f3f8217145d28aee,2025-01-06T08:47:04.006508,2025-09-25T21:49:56.999475,Addis Ababa,Ethiopia
DEV0000571,Mobile,Android,Samsung Internet,c303a4a9d29d9b8cbdb3ed12bd457d5f,2023-08-17T14:25:18.131753,2024-03-03T09:43:54.202783,Hawassa,Ethiopia
DEV0000572,Laptop,Ubuntu,Samsung Internet,cdbee06cda6bbdbc18e82c2a33fc55b4,2022-05-16T00:04:46.632492,2023-02-22T17:55:57.897618,Addis Ababa,Ethiopia
DEV0000573,Mobile,iOS,Samsung Internet,8e6657da2ce18d58ad3dd9e5f23cbee6,2024-02-29T11:07:25.941878,2025-08-29T13:03:43.266436,Asella,Ethiopia
DEV0000574,Mobile,iOS,Firefox,80faaf29a6cd73fa1d6a33e2f13ca6f5,2023-08-03T18:03:10.018996,2025-09-07T22:59:34.580068,Gondar,Ethiopia
DEV0000575,Desktop,Windows,Safari,6e8eb766bad908e1613884f20e1899bb,2023-07-08T20:43:08.657721,2024-10-21T22:52:04.145972,Hosaena,Ethiopia
DEV0000576,Laptop,Ubuntu,Samsung Internet,79e6c4f3cc90c3f8380162189d77908d,2023-07-05T21:01:46.160800,2024-01-30T09:38:54.754659,Addis Ababa,Ethiopia
DEV0000577,Laptop,Ubuntu,Safari,5fc8cd36a1a1f8f0819f71a0d89fbf2b,2025-04-26T00:21:10.384594,2025-05-26T04:45:49.004957,Addis Ababa,Ethiopia
DEV0000578,Mobile,Android,Edge,4f4f4c4f6a9a9ad244df2bafaecd784f,2025-08-21T18:26:22.567797,2025-10-28T11:36:24.133540,Addis Ababa,Ethiopia
DEV0000579,Laptop,Ubuntu,Samsung Internet,cdb7b3a5c11b5b3a4443555d4fe4ee55,2022-09-01T11:42:58.876315,2023-03-02T18:51:11.153150,Addis Ababa,Ethiopia
DEV0000580,Laptop,Windows,Chrome,b437943ed5d128fe005ae8540c577291,2024-09-11T07:48:36.303545,2025-09-22T22:56:57.350968,Adama,Ethiopia
DEV0000581,Laptop,Ubuntu,Safari,040ed37dc25c0531716b7bcb9a2feea3,2025-02-06T08:04:10.916920,2025-05-29T01:30:29.338290,Addis Ababa,Ethiopia
DEV0000582,Mobile,Android,Chrome,cd70ff25717abee65da047a2679d3552,2023-03-04T14:30:31.436038,2025-02-13T18:29:18.285268,Shashamane,Ethiopia
DEV0000583,Mobile,Android,Edge,76d84dab54832f834e3c2d0284d6ae61,2025-05-01T03:44:52.056261,2025-10-23T14:38:09.716560,Addis Ababa,Ethiopia
DEV0000584,Laptop,Ubuntu,Samsung Internet,505f27abb893f28d79ad335152d36167,2025-04-16T18:48:25.518567,2025-11-14T17:48:49.821106,Harar,Ethiopia
DEV0000585,Desktop,Ubuntu,Edge,cf73f692dbf82937dd8d38d39b6563b2,2023-01-02T23:57:22.910486,2024-12-27T23:05:16.643695,Addis Ababa,Ethiopia
DEV0000586,Mobile,iOS,Firefox,7f3355f60897c67453481a2a894e7a03,2022-06-11T15:35:01.603067,2024-04-24T03:27:55.328671,Bahir Dar,Ethiopia
DEV0000587,Mobile,Android,Firefox,d42e32209a52da01924525ae19b750d4,2023-03-01T07:58:06.988738,2024-04-18T17:45:16.077643,Gondar,Ethiopia
DEV0000588,Mobile,Android,Samsung Internet,7a1ad9fca65929e8f351dfbf8cdf2c4f,2025-09-25T01:15:46.526474,2025-12-09T07:37:21.833365,Bahir Dar,Ethiopia
DEV0000589,Laptop,Windows,Safari,334e919d53e787de6c52a6334f53edb3,2025-07-02T20:22:57.839672,2025-07-20T13:56:19.657840,Jimma,Ethiopia
DEV0000590,Mobile,iOS,Opera,1ecd0dd7c9211fbe54ff2acb067a5fb7,2024-02-05T00:29:10.795369,2025-05-03T16:41:00.704777,Bahir Dar,Ethiopia
DEV0000591,Mobile,Android,Chrome,af0183bb71df29f9923effb91cba7513,2024-07-28T05:27:49.803276,2025-08-20T03:27:37.174835,Addis Ababa,Ethiopia
DEV0000592,Mobile,iOS,Firefox,8cf1014cb110d64b7573271cfb651cc9,2022-01-26T08:10:17.502732,2024-08-03T00:51:17.318280,Debre Birhan,Ethiopia
DEV0000593,Laptop,Windows,Chrome,ebee846a2ac433e677e5450084fcf1f4,2023-07-28T19:12:01.372617,2025-07-17T07:11:58.587305,Sodo,Ethiopia
DEV0000594,Mobile,Android,Firefox,0ceb72fa1ebf5491c94fff94706f1970,2022-09-26T19:54:50.900339,2023-07-09T15:58:35.154459,Addis Ababa,Ethiopia
DEV0000595,Mobile,Android,Chrome,ec1b1a1892adb736f25ea9e755acb1e5,2024-04-25T11:50:35.330374,2025-04-25T22:20:30.022704,Dire Dawa,Ethiopia
DEV0000596,Mobile,Android,Firefox,e9b48482df6fd1a95340139188aa23cb,2025-07-29T17:33:58.068280,2025-12-15T13:13:05.004674,Hawassa,Ethiopia
DEV0000597,Laptop,macOS,Opera,1d5026149f75f32cf03a11bbd3b5bce8,2023-08-08T03:15:58.667416,2024-10-19T07:01:23.791635,Bahir Dar,Ethiopia
DEV0000598,Mobile,Android,Samsung Internet,145fa952904347932af9aa349ce759a5,2023-08-09T08:07:56.457279,2025-08-02T14:55:07.754603,Addis Ababa,Ethiopia
DEV0000599,Mobile,Android,Chrome,6e1bd460b77c6c0ac0b72ac412dfe774,2024-09-12T08:16:49.249178,2024-12-15T11:10:15.848296,Addis Ababa,Ethiopia
DEV0000600,Mobile,iOS,Chrome,949a4b2807521c6ecd279d6d87c8d425,2023-02-10T12:50:41.817645,2025-09-30T11:52:00.163043,Dessie,Ethiopia
DEV0000601,Desktop,Ubuntu,Samsung Internet,4b143697eb9142a9342b61013598f27e,2022-04-05T15:06:59.441272,2024-05-11T09:36:30.575434,Mekelle,Ethiopia
DEV0000602,Desktop,macOS,Chrome,7a027818df949aac4a4ddf1b61992f75,2022-12-05T05:28:03.418461,2024-04-11T19:27:26.503036,Dire Dawa,Ethiopia
DEV0000603,Mobile,Android,Opera,3344719f30842e85eeabe2ed2c0d5fa7,2023-12-18T23:15:33.446234,2024-06-23T22:03:28.892012,Adama,Ethiopia
DEV0000604,Tablet,Android,Samsung Internet,2e52b98d074acd7fbbb06d6f36914923,2025-05-11T20:28:56.859009,2025-12-16T22:37:10.939869,Addis Ababa,Ethiopia
DEV0000605,Desktop,Windows,Firefox,4d747b395abcead5c1b7da9270a4868d,2025-09-22T00:20:44.604546,2025-09-28T10:10:05.287785,Addis Ababa,Ethiopia
DEV0000606,Mobile,Android,Opera,fcd1644966c324886f06b1de1f099823,2023-07-21T06:51:22.400025,2025-08-01T18:26:46.598222,Harar,Ethiopia
DEV0000607,Laptop,Ubuntu,,20d30faac3351207fec0e46a03b44b27,2025-02-27T15:52:00.693285,2025-05-23T03:43:25.518851,Dessie,Ethiopia
DEV0000608,Desktop,Windows,Edge,59733e2cec53392f4513615a0d9bbea2,2022-04-22T15:24:07.085380,2025-09-03T18:07:42.468096,Jijiga,Ethiopia
DEV0000609,Mobile,iOS,,477bab00bd4823e59354dee28f046500,2025-10-18T04:11:02.467989,2025-11-15T17:54:08.176448,Addis Ababa,Ethiopia
DEV0000610,Mobile,iOS,Safari,d1cecc3dda7688fd557d410b0865435d,2024-02-20T03:44:34.681827,2025-03-26T20:02:33.945623,Mekelle,Ethiopia
DEV0000611,Mobile,Android,Opera,8a26ca0a2fca1a7d8cddd4c6d5cb84eb,2024-07-23T23:32:45.691920,2025-12-30T14:06:21.441777,Addis Ababa,Ethiopia
DEV0000612,Mobile,Android,Edge,283b942a2409fa562482df4a7cb2d1e8,2022-10-17T04:26:15.278031,2024-07-08T14:02:54.487942,Gondar,Ethiopia
DEV0000613,Desktop,macOS,Safari,75fb71468c2b44eef34912b55ac32af6,2023-05-25T14:11:47.168301,2023-07-17T03:47:17.656478,Addis Ababa,Ethiopia
DEV0000614,Mobile,iOS,Samsung Internet,f29e1bb0bd9bb925c2968ca9c22698a7,2023-04-02T02:47:09.203033,2023-06-16T07:11:38.913677,Asella,Ethiopia
DEV0000615,Mobile,Android,Firefox,b41872af0faf3a68fc3a4be403a24612,2022-12-23T08:03:54.473692,2024-11-05T15:16:41.501027,Adama,Ethiopia
DEV0000616,Laptop,Ubuntu,Opera,bae6acc28f8c123d464e153e791d6d0f,2023-08-13T09:21:53.074428,2025-10-25T05:55:49.276117,Hawassa,Ethiopia
DEV0000617,Mobile,iOS,Safari,877e0c5f66ac9a8845e07d4423ecf954,2022-12-10T07:31:27.727854,2024-02-09T21:31:03.436487,Arba Minch,Ethiopia
DEV0000618,Laptop,Windows,Opera,956ce4964e78122e630b80802d0a2e02,2023-07-03T01:46:22.558397,2025-11-05T16:17:37.694878,Dire Dawa,Ethiopia
DEV0000619,Mobile,iOS,Opera,ebcceb7a34a5fc4accf747ef1c60f328,2025-11-16T10:22:45.182395,2025-12-24T14:24:35.582202,Adama,Ethiopia
DEV0000620,Mobile,iOS,Edge,906b9a06a3b8519552fcfc19de501da5,2025-06-10T03:04:17.367462,2025-08-19T10:58:47.881830,Dire Dawa,Ethiopia
DEV0000621,Tablet,iPadOS,Opera,e7b357f43c00c10a26f58bf08cddf72b,2025-09-24T21:32:38.092773,2025-12-07T00:16:47.426214,Addis Ababa,Ethiopia
DEV0000622,Mobile,iOS,Safari,63feccf7502b1808630bcce9a2cef15e,2023-01-16T13:43:58.814734,2023-07-06T19:43:02.154277,Addis Ababa,Ethiopia
DEV0000623,Mobile,Android,Chrome,e2bed4f454767950158a05dbc7784a95,2022-11-26T23:36:16.486438,2024-05-23T13:44:09.305868,Shashamane,Ethiopia
DEV0000624,Tablet,iPadOS,Chrome,ba57c6c0b2be76146f768fc49015b508,2025-08-19T21:37:11.223656,2025-09-09T04:51:42.151946,Addis Ababa,Ethiopia
DEV0000625,Mobile,iOS,Safari,0416d5852229f0aa608b3f3f34e98ff7,2023-05-17T18:40:12.163909,2025-01-21T00:58:31.353367,Bahir Dar,Ethiopia
DEV0000626,Desktop,macOS,Firefox,5c77383cce929b763fcc2c4e812b7b5a,2023-06-20T05:19:07.600629,2024-03-09T02:20:07.096579,Dire Dawa,Ethiopia
DEV0000627,Laptop,Windows,Firefox,a1bbf83b342df3f7b8e73dbf32baa874,2025-07-05T16:27:39.877714,2025-10-31T14:31:08.164307,Mekelle,Ethiopia
DEV0000628,Laptop,macOS,Edge,fb81127e86115fb1b3244adb2df4465b,2023-10-11T13:17:55.100589,2024-03-18T01:52:34.703983,Mekelle,Ethiopia
DEV0000629,Tablet,iPadOS,Firefox,8326b7de903bb4e479b7e43d70753101,2023-03-05T12:50:59.457843,2025-02-25T08:31:33.956161,Sodo,Ethiopia
DEV0000630,Laptop,Windows,Firefox,c1ebf9f07c0cbd32de690e4c858d1997,2024-04-21T17:45:01.952641,2025-04-22T23:21:37.843281,Hawassa,Ethiopia
DEV0000631,Laptop,Windows,Edge,cc00b13e34ef0d7f8d7b7d9443f85476,2024-10-20T01:12:18.737391,2024-12-05T12:24:53.667433,Mekelle,Ethiopia
DEV0000632,Mobile,iOS,Safari,d66acf68a48458692097945ec966def8,2023-03-09T18:43:07.116813,2025-04-25T05:56:21.653791,Bishoftu,Ethiopia
DEV0000633,Mobile,iOS,Safari,9df0023be039acc3466b0692c38ffc62,2023-08-30T19:13:30.370376,2024-10-16T20:44:37.387334,Adama,Ethiopia
DEV0000634,Tablet,Android,Samsung Internet,9ff8b8812c917927f1ca171e554ecdcf,2023-10-15T06:38:28.834193,2024-07-04T01:58:52.176772,Hawassa,Ethiopia
DEV0000635,Tablet,iPadOS,Opera,805e2985d870aaa27f9210dcd34a4645,2024-09-21T05:37:00.066764,2025-05-05T15:14:06.106138,Hosaena,Ethiopia
DEV0000636,Mobile,iOS,Opera,6d45dfc7acf295a9fbbe4bb623c36b3b,2025-04-08T10:45:25.479572,2025-05-05T12:42:38.992883,Mekelle,Ethiopia
DEV0000637,Desktop,Ubuntu,Chrome,56c27f2b37e770440b981f098da21f40,2024-05-23T17:40:30.923160,2024-12-09T21:34:35.911987,Addis Ababa,Ethiopia
DEV0000638,Tablet,iPadOS,Firefox,4c3fd85836d819f3ce2f3f5658bb94cd,2025-06-13T13:15:56.554407,2025-09-28T04:54:33.464741,Dire Dawa,Ethiopia
DEV0000639,Mobile,iOS,Opera,f06198865a4f92e24c21f027e7762b52,2025-05-13T18:52:05.296475,2025-09-22T01:12:42.645599,Hawassa,Ethiopia
DEV0000640,Desktop,Ubuntu,Chrome,55acce544d0ab690050a1a839ee7ad98,2022-05-18T03:08:33.070361,2022-11-17T06:30:34.968828,Dessie,Ethiopia
DEV0000641,Mobile,iOS,Samsung Internet,685c4ab4d37b5027bee1f63e5478734a,2023-07-13T02:32:39.628862,2024-10-29T09:54:51.165969,Addis Ababa,Ethiopia
DEV0000642,Desktop,Windows,Opera,ca71bceb36b40c83c050e12f43ce68db,2023-06-20T22:35:13.370582,2025-06-20T19:37:21.226650,Hawassa,Ethiopia
DEV0000643,Mobile,iOS,Safari,a5ae08fcf952804a9120d171c0ec72a7,2025-09-25T18:22:40.246760,2025-09-28T23:38:31.855158,Addis Ababa,Ethiopia
DEV0000644,Mobile,Android,Edge,f0798e6daac3f7238404406a636a98ea,2025-10-06T15:08:39.212370,2025-12-13T18:17:54.082550,Arba Minch,Ethiopia
DEV0000645,Mobile,Android,Samsung Internet,32543fb23c9210a667c90fd5eb00b3d8,2022-09-06T18:58:26.118777,2022-12-12T13:06:05.089344,Addis Ababa,Ethiopia
DEV0000646,Mobile,Android,Samsung Internet,af57603591838d461ea1994b7be91819,2023-07-31T21:41:00.942154,2025-08-08T15:56:03.403314,Hawassa,Ethiopia
DEV0000647,Mobile,Android,Safari,e6f675bc5fae5c6d11a7b80806918940,2024-04-29T02:39:59.188114,2025-10-13T01:20:06.507349,Addis Ababa,Ethiopia
DEV0000648,Mobile,iOS,Samsung Internet,8211715cf8e95c310eb8e9311409e7ee,2023-07-08T10:34:53.570631,2025-04-20T09:07:58.867543,Hawassa,Ethiopia
DEV0000649,Mobile,iOS,Samsung Internet,90ad99ec5c6e2cfba4f6be2f675d26ee,2023-11-22T07:52:26.324986,2024-11-27T15:52:59.958551,Dire Dawa,Ethiopia
DEV0000650,Mobile,Android,Opera,0e217cad515bdd274773fb22c9430a2a,2025-04-22T05:02:33.332936,2025-05-25T14:23:50.005997,Addis Ababa,Ethiopia
DEV0000651,Mobile,iOS,Firefox,08395d6a583c62b21a2d67e2e62f6c3e,2024-02-11T01:45:45.038149,2024-04-24T03:40:09.918435,Addis Ababa,Ethiopia
DEV0000652,Laptop,Ubuntu,Opera,94f04376791024c6a2cc4a6faa703ec3,2025-06-08T00:24:15.881679,2025-08-23T07:24:41.137521,Mekelle,Ethiopia
DEV0000653,Desktop,Ubuntu,Opera,6ddfbf71113676b4015a0f88a7b9978c,2024-08-08T03:26:24.720364,2025-01-30T20:00:28.192008,Dire Dawa,Ethiopia
DEV0000654,Laptop,Ubuntu,Chrome,d6ea0be73e24c7b968a7d3c12bd98edd,2022-12-12T06:24:45.747424,2024-04-30T04:17:09.869781,Dire Dawa,Ethiopia
DEV0000655,Mobile,Android,Safari,344468a4513d036eeae36e497fcb18fc,2025-05-21T09:19:32.923509,2025-06-01T14:58:57.087160,Jijiga,Ethiopia
DEV0000656,Mobile,iOS,Safari,b8d7b0cd3ecb07728270b4820f2ec663,2023-08-18T19:56:35.616943,2024-02-19T02:29:12.153611,Addis Ababa,Ethiopia
DEV0000657,Mobile,iOS,Opera,25399e58ea7b6a0d55591597d976695f,2024-11-04T18:42:05.473500,2024-11-28T06:12:28.169649,Nekemte,Ethiopia
DEV0000658,Mobile,Android,Safari,a0b4eae12a2c7ca453ad4e0cfc0d4f51,2022-12-27T13:58:06.983788,2025-08-07T00:53:54.126750,Addis Ababa,Ethiopia
DEV0000659,Mobile,iOS,Samsung Internet,2afc3df137b5a1ec77bffd80d942696b,2025-01-28T23:50:38.805558,2025-08-05T07:53:16.849203,Addis Ababa,Ethiopia
DEV0000660,Laptop,Windows,Samsung Internet,7e0b811a6cb4251f635b98b59e13d7dd,2023-10-28T20:33:59.567945,2025-10-10T09:52:35.349382,Nekemte,Ethiopia
DEV0000661,Laptop,Ubuntu,Firefox,e108750bd3c1a190d6e3d2519fdca7d2,2024-03-30T17:40:20.099627,2024-11-08T08:22:08.477192,Dire Dawa,Ethiopia
DEV0000662,Mobile,iOS,Firefox,fdb0cc61787edbe99270aa9ed1b540ad,2024-03-26T05:50:36.325276,2025-08-31T14:47:16.926677,Dessie,Ethiopia
DEV0000663,Mobile,iOS,Safari,1c18bfb31e33610da917fd75078d3b06,2023-09-21T23:13:15.342081,2025-06-19T10:49:50.426747,Hawassa,Ethiopia
DEV0000664,Desktop,Ubuntu,Firefox,25d876b71dfff2a681da3402975753d6,2024-07-14T08:42:32.056666,2025-07-05T03:32:14.658661,Addis Ababa,Ethiopia
DEV0000665,Mobile,iOS,Edge,ccc7a5a87596d21e16edf6228068af4d,2022-11-25T22:30:16.810659,2023-03-06T12:25:51.424680,Adama,Ethiopia
DEV0000666,Mobile,iOS,Opera,60d32f6282bfcd7a3c45c8976de97c38,2023-03-03T19:23:56.828105,2025-06-08T01:44:57.354522,Addis Ababa,Ethiopia
DEV0000667,Tablet,Android,Chrome,4b132f91e78e5fa60beeb30aa495ec29,2022-11-27T09:08:55.285684,2024-03-12T22:03:56.241325,Addis Ababa,Ethiopia
DEV0000668,Mobile,iOS,Edge,e626f2cf0766b6a51aa8dc3ef7d8ee6a,2023-05-12T02:14:56.143191,2024-12-28T00:35:48.815901,Asella,Ethiopia
DEV0000669,Tablet,iPadOS,Chrome,22326c615ddfea0cf4c4994585408b2f,2024-01-04T12:30:33.750425,2024-09-14T13:47:35.053162,Addis Ababa,Ethiopia
DEV0000670,Mobile,Android,Firefox,0b3c7aeb2a99b62fe0c7beee51a9226c,2024-03-30T04:22:31.844388,2025-08-02T15:07:28.377078,Dire Dawa,Ethiopia
DEV0000671,Desktop,Ubuntu,Safari,985fe67889298bff96b73869eadf5864,2024-09-06T01:00:24.566888,2025-10-15T20:55:03.736672,Bahir Dar,Ethiopia
DEV0000672,Desktop,Windows,Chrome,5eb0dcc0755ce5e105ff7383e5dc296f,2024-06-04T23:47:26.153045,2025-05-10T05:22:13.587388,Hawassa,Ethiopia
DEV0000673,Tablet,Android,Chrome,b394d967ab97f3fc64fb1cfadb72cae7,2025-11-28T04:45:41.994864,2025-12-26T02:17:57.837842,Addis Ababa,Ethiopia
DEV0000674,Mobile,Android,Chrome,c23af272cd3ea8b5238d4dc2d288b04a,2025-12-16T03:27:58.174227,2025-12-22T10:39:21.660964,Addis Ababa,Ethiopia
DEV0000675,Mobile,Android,Opera,f3a3567001551467ccd73c06f6e16206,2024-08-26T18:28:09.649741,2025-03-09T07:22:31.166415,Dire Dawa,Ethiopia
DEV0000676,Laptop,macOS,Samsung Internet,53bfa99daf576f2149d47f9faacdfefd,2022-05-12T19:08:47.152035,2024-07-24T14:29:44.106385,Addis Ababa,Ethiopia
DEV0000677,Mobile,iOS,Samsung Internet,6475bf1ffecd69e94e10ae63e8a374cb,2024-10-02T04:30:31.540139,2025-10-31T13:58:47.373764,Addis Ababa,Ethiopia
DEV0000678,Desktop,macOS,Edge,997717e99fcb040098f172519b56c6f2,2025-11-22T02:34:48.289748,2025-12-22T09:00:25.495858,Addis Ababa,Ethiopia
DEV0000679,Desktop,Ubuntu,Safari,626eaa1392e4a0dcac754cb90a137b6c,2025-09-27T20:53:40.732707,2025-11-13T09:55:13.069730,Hosaena,Ethiopia
DEV0000680,Mobile,iOS,Edge,499a81ad2e5cc06cd8aadb45cfbfd7fb,2022-09-05T09:53:07.232472,2024-07-26T00:46:42.376898,Addis Ababa,Ethiopia
DEV0000681,Mobile,iOS,Safari,2ef4897670cc26990582f652a258b176,2024-08-01T11:20:19.260944,2025-06-12T09:05:23.773369,Dilla,Ethiopia
DEV0000682,Desktop,macOS,Firefox,c7c24f09b2308143da084ae60ed5e3dd,2024-04-24T16:28:00.864755,2025-06-28T05:46:14.256377,Hawassa,Ethiopia
DEV0000683,Mobile,Android,Samsung Internet,44b9fde20c3b034f91913b55d83c5026,2025-12-19T07:41:53.852273,2025-12-20T07:50:34.538839,Addis Ababa,Ethiopia
DEV0000684,Mobile,Android,Opera,c6be148a3aebcb3a2d2176e9663c1cb0,2024-08-01T09:58:13.596462,2025-07-02T15:24:40.463300,Nekemte,Ethiopia
DEV0000685,Mobile,Android,Samsung Internet,19f8164b580fda155cf9b08dd80faf58,2024-11-25T00:30:39.725766,2025-12-02T11:47:10.181645,Jimma,Ethiopia
DEV0000686,Desktop,Ubuntu,Opera,94d69530f25221bc82a3370679372d15,2023-11-20T23:18:02.480001,2024-03-30T17:12:42.876882,Addis Ababa,Ethiopia
DEV0000687,Laptop,Windows,Chrome,4fd410a39448956b7fbff38d0af647d0,2024-01-26T10:29:08.522247,2025-10-01T17:33:31.616343,Addis Ababa,Ethiopia
DEV0000688,Laptop,Windows,Opera,18078baf839ebe53d757ac55f376ae47,2023-10-09T04:53:46.913674,2024-08-11T06:48:17.404400,Addis Ababa,Ethiopia
DEV0000689,Mobile,iOS,Samsung Internet,433fd040b1ee66e5628c9ef333e3e616,2023-01-01T05:25:13.566526,2024-05-21T16:05:51.244848,Jimma,Ethiopia
DEV0000690,Mobile,Android,Safari,16260e59ae3d482adf37b0ca0de557cf,2024-07-27T06:49:09.424315,2024-11-18T02:35:50.278120,Jimma,Ethiopia
DEV0000691,Mobile,iOS,Opera,28933c5f2d1ecd42410db4c1404cc49a,2022-11-20T06:59:38.787935,2022-12-18T23:42:28.516338,Hosaena,Ethiopia
DEV0000692,Mobile,iOS,Edge,24f4fd917e54a9efa16cfd41b66e55f0,2023-06-17T01:30:48.209306,2024-01-30T03:53:55.622867,Addis Ababa,Ethiopia
DEV0000693,Tablet,Android,Samsung Internet,4207a0c71494d9b9a59d81ece030a203,2025-06-27T21:57:53.411589,2025-08-17T21:14:40.655543,Hosaena,Ethiopia
DEV0000694,Mobile,Android,Chrome,4107a1a1c8844e23aca240c97d66c290,2024-03-12T15:37:01.412692,2025-02-14T18:26:13.072578,Dire Dawa,Ethiopia
DEV0000695,Mobile,Android,Firefox,48f73a1f5a78d21f643a7eb13d1e5d94,2023-08-14T19:32:24.358444,2023-10-13T15:17:28.963846,Debre Birhan,Ethiopia
DEV0000696,Mobile,iOS,Firefox,aff13ebc0bc3f55b4d9d0577581a5d0b,2022-07-05T06:55:23.771358,2022-10-30T22:10:02.714442,Asella,Ethiopia
DEV0000697,Desktop,Ubuntu,Firefox,43269dab726e906ca8f08442a7a0e980,2022-06-17T07:34:49.920275,2023-03-02T08:53:47.576474,Gondar,Ethiopia
DEV0000698,Mobile,iOS,Samsung Internet,0b3e332ed6addfe26d1524f423bffa6c,2022-03-06T10:46:46.921993,2025-10-13T08:03:52.324487,Addis Ababa,Ethiopia
DEV0000699,Laptop,Windows,Opera,cf3d0de058c9d23f4fc2347e6e77f39c,2022-10-14T23:44:23.983203,2023-01-27T01:26:04.169418,Gondar,Ethiopia
DEV0000700,Laptop,Windows,Firefox,f7c2b8c18fad3bc6f4ce2700a53cd252,2024-10-28T08:44:28.677879,2025-10-24T01:31:15.824623,Adama,Ethiopia
DEV0000701,Mobile,iOS,Samsung Internet,e62ae78766f61a9a92a2fefd703501f3,2024-05-23T13:48:10.617709,2024-07-05T18:01:24.538003,Addis Ababa,Ethiopia
DEV0000702,Desktop,Ubuntu,Firefox,3cd0b79efbe78c59018c15735aed410d,2025-12-29T00:24:12.334990,2025-12-31T23:35:26.198876,Shashamane,Ethiopia
DEV0000703,Mobile,Android,Safari,5447c74c2737a7f81bf95574c0b4f9b2,2023-01-08T16:50:36.982706,2023-11-23T13:08:21.212042,Jimma,Ethiopia
DEV0000704,Mobile,Android,Safari,040005e5b4a23ae615054d779f641cd8,2025-11-01T16:10:07.257937,2025-12-23T09:05:11.248957,Dessie,Ethiopia
DEV0000705,Laptop,macOS,Edge,5dba7a35d56456d9c0065d9e7caaca51,2024-08-04T09:12:28.550156,2025-03-30T20:06:04.657496,Hawassa,Ethiopia
DEV0000706,Laptop,Windows,Firefox,d1f71e6a2565ae64088c7d45614456dc,2023-02-08T01:07:34.950404,2024-11-21T23:32:40.152617,Addis Ababa,Ethiopia
DEV0000707,Mobile,iOS,Safari,367c1ef606597bb37491d050f42941e0,2025-06-29T13:05:15.245563,2025-08-29T21:16:06.167399,Bishoftu,Ethiopia
DEV0000708,Mobile,iOS,Edge,5f60374dca7934d6e6a2d5a100683884,2023-02-03T09:25:09.732190,2024-08-10T01:45:03.592646,Harar,Ethiopia
DEV0000709,Tablet,iPadOS,Samsung Internet,f0d4b47b332e33b9b4b0416818c77c9a,2025-04-09T16:18:34.208322,2025-06-08T16:48:46.377306,Hawassa,Ethiopia
DEV0000710,Mobile,Android,Safari,fb13efec8ca8ca4785ae2bc6fdbf5ece,2025-02-17T03:57:11.421557,2025-05-29T17:20:01.137581,Addis Ababa,Ethiopia
DEV0000711,Mobile,Android,Firefox,e781e85a81f3882e9dee86e647b5ff76,2024-02-02T00:26:45.244455,2024-12-29T17:40:04.191391,Addis Ababa,Ethiopia
DEV0000712,Tablet,iPadOS,Edge,ce158b16d23fc8462d7ed0a6b9f43ddc,2024-08-19T11:41:37.377476,2024-10-15T02:19:23.440696,Jijiga,Ethiopia
DEV0000713,Mobile,Android,Chrome,3866ff20f673eddf879cde39a96cb7c1,2023-09-01T10:30:09.098302,2024-02-27T21:11:13.966552,Dire Dawa,Ethiopia
DEV0000714,Tablet,Android,Chrome,743960242b80a59bce74fbbc4467923b,2022-06-15T00:55:48.406119,2024-08-30T19:07:15.364882,Adama,Ethiopia
DEV0000715,Desktop,Windows,Safari,ebac61a14b4968b1d997d2878b3d241f,2025-03-21T01:38:37.186712,2025-12-24T19:42:04.979869,Bahir Dar,Ethiopia
DEV0000716,Mobile,Android,Edge,6ed594bfe159d14c5b41e1f9e84f26b2,2024-06-11T07:06:43.632491,2024-09-18T01:00:30.272172,Jijiga,Ethiopia
DEV0000717,Tablet,iPadOS,Opera,d6e49302421f766bc4d56b51ba7084f4,2024-09-07T16:01:01.839501,2025-08-24T17:35:06.483928,Shashamane,Ethiopia
DEV0000718,Mobile,iOS,Firefox,0993798486b682a86c2aa0f28ce48557,2025-12-31T04:41:07.108054,2025-12-31T17:33:47.689509,Bahir Dar,Ethiopia
DEV0000719,Mobile,iOS,Safari,276946e38065b575fb4c98e7fc78e9e0,2023-11-08T07:23:10.999656,2024-06-30T01:26:02.962339,Dire Dawa,Ethiopia
DEV0000720,Mobile,Android,Opera,12b9207cebe4012a773e67fd5a4fd517,2025-11-28T13:40:24.144798,2025-12-22T23:50:07.195534,Jimma,Ethiopia
DEV0000721,Desktop,Ubuntu,,560d64f2361cb0590cfd33cbc47f8150,2025-05-27T04:35:34.353113,2025-06-28T01:57:03.323161,Adama,Ethiopia
DEV0000722,Tablet,Android,Samsung Internet,ebcf961e50b001a35d80749673e7aef9,2025-04-21T10:43:08.784023,2025-09-16T22:16:58.337825,Addis Ababa,Ethiopia
DEV0000723,Desktop,Ubuntu,Firefox,4552c27346ec43e7b1936ce8573d4c1e,2024-11-13T23:05:21.955786,2025-03-12T21:25:56.661328,Addis Ababa,Ethiopia
DEV0000724,Mobile,iOS,Samsung Internet,83972fcfa2b4ca825ba0475e0c38950f,2025-09-29T07:03:13.998652,2025-11-21T06:57:53.311712,Hawassa,Ethiopia
DEV0000725,Tablet,Android,Opera,409d16c9fbc09ba296a77bed4a6aecf2,2023-07-10T15:37:57.242734,2024-04-24T08:10:14.145958,Addis Ababa,Ethiopia
DEV0000726,Desktop,macOS,Firefox,60bc2fbb8a2ca358f9db420c8b136536,2022-05-08T22:53:05.470681,2025-08-24T20:56:33.524638,Addis Ababa,Ethiopia
DEV0000727,Mobile,iOS,,960f66d33fb969781e28694a183cefe4,2024-01-05T11:07:48.511601,2024-09-20T06:41:33.717871,Dessie,Ethiopia
DEV0000728,Mobile,iOS,Opera,506d7cc28e90107a4fbb5e6fa2ee5574,2025-10-31T05:13:51.405208,2025-12-25T08:27:37.655713,Gondar,Ethiopia
DEV0000729,Mobile,Android,Safari,25d43b79e228363035b8513582ac9756,2023-03-04T18:21:51.384507,2023-05-09T18:25:16.037555,Harar,Ethiopia
DEV0000730,Mobile,Android,Chrome,65102042ad31023be6de85fe31633c79,2025-11-19T12:22:48.997592,2025-12-29T21:58:56.643232,Debre Birhan,Ethiopia
DEV0000731,Mobile,iOS,Edge,8957af4993bd70b6c81fb3f42c83fc35,2022-07-03T09:15:18.368692,2025-08-27T15:11:53.663574,Bahir Dar,Ethiopia
DEV0000732,Mobile,iOS,Safari,8491055de9b80ad23c6cca76c79c9606,2022-04-07T19:30:23.986083,2022-07-27T15:15:14.702489,Addis Ababa,Ethiopia
DEV0000733,Tablet,iPadOS,Samsung Internet,1592926b03ec83ec937b36a452312412,2024-06-16T15:48:56.297074,2025-01-29T09:34:24.948829,Gondar,Ethiopia
DEV0000734,Desktop,macOS,Firefox,7c86873a12a201be26acbd80fcd11f87,2025-12-16T15:00:29.628238,2025-12-18T12:55:32.090153,Addis Ababa,Ethiopia
DEV0000735,Desktop,Ubuntu,Safari,a65d7c82252f68cc4bc527db2a808150,2025-06-21T14:38:28.114277,2025-12-24T20:21:21.308596,Gondar,Ethiopia
DEV0000736,Mobile,Android,Edge,12874991bed99195a00ddd436cbe3662,2025-01-07T02:20:49.552804,2025-11-02T01:26:25.119428,Adama,Ethiopia
DEV0000737,Desktop,macOS,Edge,3f897bcefc5c4d52c90c17220c5922f3,2025-07-31T14:45:56.206922,2025-08-04T06:51:09.492471,Shashamane,Ethiopia
DEV0000738,Mobile,Android,Firefox,de9dc7af907de20362befab39df5175b,2024-12-23T13:18:54.514052,2025-10-09T09:10:27.017030,Addis Ababa,Ethiopia
DEV0000739,Laptop,macOS,Edge,1326e41e9316cce5abaa0af67f0a5383,2022-07-17T09:43:46.155560,2023-01-20T20:47:51.299561,Mekelle,Ethiopia
DEV0000740,Laptop,macOS,Samsung Internet,a5b7aa070ba08088945b5d72cb8ca658,2022-04-11T02:33:24.241641,2024-01-27T21:03:14.213573,Nekemte,Ethiopia
DEV0000741,Mobile,Android,Opera,d78d8b3f73cee198f2b3f6ee975b94c2,2025-05-03T13:50:46.366775,2025-10-10T17:34:14.342340,Addis Ababa,Ethiopia
DEV0000742,Mobile,Android,Opera,5ff5608a9c0ca782aadc48ce0244edcb,2025-08-21T10:17:36.504818,2025-08-26T14:40:28.548279,Nekemte,Ethiopia
DEV0000743,Mobile,iOS,Chrome,e908a30191ea443e5220b36e17be12b4,2023-08-06T14:45:35.806570,2025-07-03T12:48:32.501373,Dessie,Ethiopia
DEV0000744,Mobile,iOS,Firefox,816bc3ebe2641a27a1030b6e4ca6c7ea,2022-02-26T18:45:25.336132,2024-08-04T19:25:05.420890,Dilla,Ethiopia
DEV0000745,Desktop,Windows,Opera,76141d851d5d925f11ca499dc8896af0,2024-08-10T05:59:41.402052,2025-06-26T20:29:32.761734,Hawassa,Ethiopia
DEV0000746,Tablet,Android,Opera,35a13e7ea1bddd373b98fd65f1932156,2024-01-25T16:45:26.245068,2024-04-08T02:11:00.311035,Dessie,Ethiopia
DEV0000747,Mobile,Android,Samsung Internet,400c70a9082862c57702696bea2bb9c9,2022-10-02T06:29:58.667430,2024-10-13T02:27:44.005179,Addis Ababa,Ethiopia
DEV0000748,Mobile,iOS,Safari,7bd657d7043caa9e76c54ab0517f377c,2023-02-14T14:16:27.208055,2024-04-06T20:21:17.540414,Mekelle,Ethiopia
DEV0000749,Laptop,Windows,Edge,dc290ce437302a8c6b281fcd6e31328a,2023-01-29T18:50:04.473843,2025-12-23T13:04:47.965601,Addis Ababa,Ethiopia
DEV0000750,Desktop,Windows,Safari,e2169b8be4de834e445fdf7e9b3d2335,2023-12-29T19:07:15.133038,2025-02-03T13:56:01.480653,Addis Ababa,Ethiopia
DEV0000751,Mobile,Android,Safari,f7114f8376714833c7e956e6540b854c,2024-02-10T05:34:11.043108,2025-08-31T22:33:56.204502,Hawassa,Ethiopia
DEV0000752,Mobile,Android,,ee18d1b864b299f705e2719c4ae3c44a,2025-08-07T14:57:01.514878,2025-12-15T00:09:00.364877,Hosaena,Ethiopia
DEV0000753,Laptop,Ubuntu,Chrome,9ff979a562456e7da7dd3ade0231de60,2022-06-03T20:53:17.518339,2023-02-15T16:23:47.827246,Shashamane,Ethiopia
DEV0000754,Mobile,iOS,Chrome,f7e7b34337c8ba5f2f893d115c1e4bdc,2023-05-06T03:40:07.456152,2025-07-05T21:36:33.499559,Addis Ababa,Ethiopia
DEV0000755,Mobile,iOS,Edge,88584db0df5cf63be5c26719a740bf1d,2022-11-25T17:43:46.656976,2025-05-25T23:19:54.141457,Dire Dawa,Ethiopia
DEV0000756,Desktop,Windows,Firefox,e937a2551299bd0019e9db42e78f19d3,2023-10-14T03:38:20.592833,2025-04-03T19:02:30.957072,Addis Ababa,Ethiopia
DEV0000757,Mobile,iOS,Chrome,1fd8c476c58db5f3605dcc9a4741292f,2025-08-13T08:06:42.455531,2025-10-17T22:58:40.075160,Harar,Ethiopia
DEV0000758,Laptop,Ubuntu,Edge,9b9f766dc82f910d4075b2efc46b0b30,2022-12-16T23:50:17.798489,2023-08-21T12:56:28.679056,Hosaena,Ethiopia
DEV0000759,Mobile,iOS,Edge,2283ca99c8e926d482e7181c92745950,2022-02-09T08:14:42.815457,2022-03-14T01:48:50.754483,Addis Ababa,Ethiopia
DEV0000760,Mobile,iOS,,c62f527d83db905b87716dce986f33fa,2025-02-16T13:32:38.460484,2025-11-26T05:44:25.049803,Hosaena,Ethiopia
DEV0000761,Laptop,Windows,Samsung Internet,b63e07d43081488dd3f38629fece077e,2023-11-27T04:13:06.654427,2024-03-07T06:51:03.308979,Addis Ababa,Ethiopia
DEV0000762,Mobile,Android,,10e3787d847c5557f53fb4f007e75d9f,2024-09-16T02:15:13.053078,2024-11-02T00:49:47.092069,Jimma,Ethiopia
DEV0000763,Laptop,Windows,Chrome,3eda89f9bef14ddd077b2a155508b463,2024-07-16T11:39:44.637699,2025-04-16T08:51:42.317117,Arba Minch,Ethiopia
DEV0000764,Tablet,Android,,265d1e00a76048f26f8cb0b808e02b28,2025-02-26T10:55:06.510507,2025-11-07T08:56:31.440638,Dessie,Ethiopia
DEV0000765,Laptop,Windows,Safari,17cedafc2eea2707edf55a0a0293dd84,2024-05-15T16:24:44.803717,2024-06-14T11:03:48.540197,Arba Minch,Ethiopia
DEV0000766,Mobile,Android,Safari,3be426e33c344a364c6365c3ab3649f0,2024-08-29T19:36:24.885009,2024-09-18T18:44:44.687951,Adama,Ethiopia
DEV0000767,Tablet,Android,Edge,fa3a12b1292b0572c1dc8ffaa4a8e255,2024-04-14T00:25:03.423716,2024-09-01T17:49:51.345233,Addis Ababa,Ethiopia
DEV0000768,Desktop,Ubuntu,Samsung Internet,8d867aaf5eba24b17e84661d76a4c736,2022-05-11T18:25:00.508621,2022-10-19T16:35:28.661807,Addis Ababa,Ethiopia
DEV0000769,Laptop,Ubuntu,Edge,eb99feaecaf5375fd48a951c78676f7e,2022-03-24T23:24:58.552380,2023-08-17T12:59:02.962859,Addis Ababa,Ethiopia
DEV0000770,Mobile,Android,Firefox,37e8a0840b114329bda08ec30d59e6d8,2024-09-12T20:01:59.534508,2024-12-12T12:00:46.843356,Bahir Dar,Ethiopia
DEV0000771,Mobile,iOS,Safari,a1a58bab8d9640a863cf1f32e1b5777d,2022-12-10T08:20:48.482922,2024-07-03T18:30:30.673092,Dire Dawa,Ethiopia
DEV0000772,Mobile,Android,Firefox,37becd5cced144edf929644ec01428f8,2025-04-02T10:04:43.390800,2025-04-23T21:34:57.482798,Jimma,Ethiopia
DEV0000773,Desktop,Windows,,4b96ebb910a9c99dbc18335da1deefe6,2022-12-31T22:31:53.546360,2025-05-06T13:28:34.329965,Dire Dawa,Ethiopia
DEV0000774,Tablet,Android,Samsung Internet,6c7ab4b61635ccb772ea82b0210ed3ff,2022-07-19T16:27:41.732158,2023-11-28T17:04:15.583123,Shashamane,Ethiopia
DEV0000775,Mobile,Android,Chrome,68f8355dfd80e26524fda665cfd46b3e,2022-01-01T01:35:16.976107,2025-06-02T13:56:46.665987,Dire Dawa,Ethiopia
DEV0000776,Mobile,iOS,Chrome,898312ed35eebac82af48ed1812b9ca8,2025-09-29T18:35:40.100113,2025-12-11T06:30:47.127988,Nekemte,Ethiopia
DEV0000777,Mobile,iOS,Firefox,d2e8dd1f36d2a394880568ac6edf3ffb,2025-11-11T02:43:43.687498,2025-12-22T08:42:14.891967,Dessie,Ethiopia
DEV0000778,Mobile,iOS,Opera,cd534872cab22f16519e17af4945b0f4,2025-01-02T07:33:26.700169,2025-08-01T19:15:19.682970,Shashamane,Ethiopia
DEV0000779,Tablet,iPadOS,Firefox,8d363f84d84f3f6b6faf8253a341914a,2024-04-24T14:24:57.921505,2025-01-28T22:02:47.596323,Addis Ababa,Ethiopia
DEV0000780,Mobile,iOS,Chrome,70f863cab4f6dc35f3317a2e35f8cf1e,2022-06-23T15:32:06.849684,2022-07-11T00:29:44.041233,Adama,Ethiopia
DEV0000781,Laptop,Ubuntu,Safari,fd6d1cbcdb7600b3a4a138c764f961db,2025-10-14T09:42:35.057785,2025-11-22T12:27:02.482309,Addis Ababa,Ethiopia
DEV0000782,Laptop,Windows,Chrome,b51b8f40cb426361d8ebbd2e5af2d65a,2025-09-23T19:27:51.968974,2025-11-27T16:02:51.229674,Addis Ababa,Ethiopia
DEV0000783,Mobile,Android,Opera,0b50b1afebc9581780793c48c0ccf51c,2025-12-19T03:41:19.574082,2025-12-30T16:22:50.683402,Hawassa,Ethiopia
DEV0000784,Mobile,iOS,Safari,1618f4d7ee649ee45388d3e1a98535f4,2023-08-17T13:14:11.002143,2025-03-12T10:15:19.350574,Addis Ababa,Ethiopia
DEV0000785,Mobile,iOS,Chrome,5be49773d85d24cb1a4cb561b3e2068d,2024-04-16T01:52:40.633908,2024-04-27T16:11:53.163727,Addis Ababa,Ethiopia
DEV0000786,Mobile,iOS,Edge,b88b019e8375a05e74379a9ae443499c,2023-09-15T12:04:34.839365,2025-08-16T17:10:38.427385,Bishoftu,Ethiopia
DEV0000787,Mobile,iOS,,07679dac94425e65c7b4c1e397ce3cd2,2023-04-05T11:06:51.990367,2024-02-22T08:25:54.591324,Dire Dawa,Ethiopia
DEV0000788,Laptop,macOS,Firefox,79d6b06b22c1ea32694dc3632ca84a89,2025-06-15T19:02:41.467645,2025-10-10T05:09:09.051538,Asella,Ethiopia
DEV0000789,Mobile,iOS,Samsung Internet,173b0bd971704aecdc225379a43e6b41,2024-02-01T21:48:57.112784,2024-05-24T02:16:58.137306,Adama,Ethiopia
DEV0000790,Mobile,iOS,Samsung Internet,4281959d6c4830f1c81bba57589f1f95,2022-08-05T02:31:21.933277,2025-01-06T15:13:34.290145,Bahir Dar,Ethiopia
DEV0000791,Laptop,Windows,Edge,fdc901589afe377ba8b27785e7f81a2d,2022-11-02T08:53:04.075818,2025-07-21T23:18:35.223857,Bahir Dar,Ethiopia
DEV0000792,Mobile,Android,Chrome,98223971e99032363d5e6589ef90dd1d,2025-10-06T10:07:28.073838,2025-10-20T17:08:06.957155,Addis Ababa,Ethiopia
DEV0000793,Mobile,Android,Firefox,592a6c7a7005fd78b7d1cc7782c0ee3a,2022-01-30T06:49:36.374629,2025-03-04T15:24:49.168740,Adama,Ethiopia
DEV0000794,Mobile,Android,Chrome,6b41fa203ad19e75dce96e57bca61351,2023-08-16T07:51:03.880025,2024-08-28T17:53:38.775666,Dessie,Ethiopia
DEV0000795,Mobile,Android,Edge,a8cde6cfb2823cd4347b1b57ee06ae50,2022-03-02T22:48:38.645503,2025-09-26T00:07:20.949071,Addis Ababa,Ethiopia
DEV0000796,Desktop,macOS,Firefox,04ae682218c5118b1e74a01bbb6085be,2022-05-12T07:20:17.473766,2025-11-03T06:25:46.193190,Nekemte,Ethiopia
DEV0000797,Mobile,iOS,,ec5dbbf65db2eb6392869b982e857828,2024-06-07T03:46:15.956688,2025-02-20T04:04:03.747964,Addis Ababa,Ethiopia
DEV0000798,Laptop,Windows,Samsung Internet,cd4976907a3d62bc192de51b1fcb14bf,2023-03-09T20:39:13.023342,2023-04-14T21:02:08.425810,Dire Dawa,Ethiopia
DEV0000799,Desktop,Windows,Edge,b35c8cb03381bee556fd604506ec8110,2023-07-20T13:37:36.793566,2024-02-20T22:09:19.729799,Mekelle,Ethiopia
DEV0000800,Tablet,iPadOS,Opera,6763c8760b5d5c45824091d0d0d51f30,2025-04-29T17:42:07.739124,2025-07-16T05:55:08.494431,Gondar,Ethiopia
DEV0000801,Desktop,Ubuntu,Edge,2c814aedf22538e6b63dc3c6f1ae1284,2022-10-21T03:38:02.290664,2024-01-10T06:32:20.315239,Addis Ababa,Ethiopia
DEV0000802,Mobile,Android,Edge,062e5d9b66c467cad5962abaa90a385b,2022-01-11T22:49:08.291107,2025-07-03T14:21:23.627744,Dessie,Ethiopia
DEV0000803,Tablet,Android,Firefox,e1926f2728c403b79dee2cf47be208a5,2024-10-29T22:12:04.546186,2024-12-24T17:15:16.419717,Addis Ababa,Ethiopia
DEV0000804,Mobile,iOS,Samsung Internet,8b717cbba1457756c3f6e30ec7ce853f,2025-09-19T05:02:08.934300,2025-09-21T19:17:35.838581,Mekelle,Ethiopia
DEV0000805,Tablet,iPadOS,Safari,5679ebf9e24be8c45f38a61ef49c1b4b,2022-12-23T23:21:50.104868,2023-01-02T21:05:39.948273,Addis Ababa,Ethiopia
DEV0000806,Desktop,macOS,Safari,37ba6753f19199d7937188ad0042bfae,2022-07-04T02:47:20.906910,2024-10-02T09:16:40.554661,Addis Ababa,Ethiopia
DEV0000807,Mobile,iOS,Safari,1f08cf8e3ac4a547213b8eb48b2ada45,2025-02-11T15:38:26.797413,2025-04-23T09:08:20.504812,Dilla,Ethiopia
DEV0000808,Mobile,iOS,,fac150a5b3b08dcc45537307afd7a14b,2025-12-28T01:22:13.802623,2025-12-28T20:16:11.853092,Dire Dawa,Ethiopia
DEV0000809,Desktop,Ubuntu,Edge,01edaa1dc3ef9f6aa2425b364ea62468,2022-05-08T16:45:59.648653,2025-06-16T13:50:52.050488,Addis Ababa,Ethiopia
DEV0000810,Mobile,Android,Opera,8e0f235453648812c441b2a048f8cbb4,2022-06-09T16:45:52.407213,2025-10-20T14:23:14.958903,Jijiga,Ethiopia
DEV0000811,Mobile,iOS,Chrome,90410805256c163d133f6fc778b1d4a9,2025-02-07T06:02:36.050440,2025-06-07T13:47:02.335006,Sodo,Ethiopia
DEV0000812,Desktop,Ubuntu,Firefox,9cc058b2ee1d4e5fa42af042657afe41,2022-12-27T01:42:29.085710,2023-08-12T10:31:06.205764,Adama,Ethiopia
DEV0000813,Laptop,Ubuntu,Firefox,43f4b19e7f80f26a9542669ad13b4e39,2023-12-30T02:53:34.491551,2024-02-09T06:44:57.892274,Shashamane,Ethiopia
DEV0000814,Desktop,Windows,Opera,70139445bda0e045b20ced873745b4ec,2024-04-11T15:52:51.804571,2024-06-22T18:05:31.654923,Addis Ababa,Ethiopia
DEV0000815,Laptop,Ubuntu,Safari,35d034c567b9262c931e9909877f39f9,2023-02-26T10:52:05.578261,2025-11-18T02:26:28.932554,Dire Dawa,Ethiopia
DEV0000816,Mobile,iOS,Safari,da8d74f96578f1a627b50727e4fd9e9c,2024-11-20T23:24:50.691340,2025-12-05T14:32:32.066508,Dire Dawa,Ethiopia
DEV0000817,Laptop,Ubuntu,Chrome,37dbfc4d7f53782c9fe2ed54f5263fc3,2022-11-03T17:02:17.647130,2023-06-23T18:33:48.898093,Addis Ababa,Ethiopia
DEV0000818,Mobile,iOS,Safari,297868302eae1e6c174942a6d96264a1,2025-09-06T20:19:47.705439,2025-11-30T01:18:08.851040,Adama,Ethiopia
DEV0000819,Desktop,macOS,Opera,38c0d22ca1f040c7dce47abc173a2674,2023-06-28T02:44:47.782912,2024-04-26T22:43:00.427627,Hawassa,Ethiopia
DEV0000820,Desktop,Windows,Chrome,a7c15210118691a84a87c9829750eeea,2025-08-09T00:32:58.200530,2025-09-23T11:58:29.397329,Addis Ababa,Ethiopia
DEV0000821,Mobile,Android,Chrome,07a5f935d9dfe1e722f26882fe2293c9,2024-05-29T23:03:32.937960,2025-09-29T08:22:52.595722,Gondar,Ethiopia
DEV0000822,Mobile,iOS,Edge,702e18963221b460a956fc6f7c93f666,2023-06-21T18:02:20.475621,2023-09-14T20:22:38.933349,Dire Dawa,Ethiopia
DEV0000823,Desktop,Windows,Chrome,2daa3c944de6e4052614be5a094ae881,2024-10-04T04:05:39.846338,2025-12-19T06:43:51.636714,Dire Dawa,Ethiopia
DEV0000824,Mobile,Android,Firefox,d66f5ed279a2ec38bdad2321b769a1b2,2025-11-28T01:50:26.933057,2025-12-22T00:49:55.960411,Sodo,Ethiopia
DEV0000825,Mobile,iOS,Opera,82de880912258671d10d1e8993b4e368,2025-12-03T21:35:59.288479,2025-12-06T20:02:20.152690,Shashamane,Ethiopia
DEV0000826,Mobile,iOS,Chrome,ea9284288881e681f268d801dbda309b,2024-03-03T00:20:17.301890,2024-11-09T03:42:39.508612,Addis Ababa,Ethiopia
DEV0000827,Laptop,Windows,,776c7f18ffb2b5d4ceaaa9ffa4d12c3b,2022-03-09T20:42:57.820069,2025-11-25T20:36:09.063539,Addis Ababa,Ethiopia
DEV0000828,Laptop,Windows,Chrome,a2ab3799cbdebc81f4f54db798fee3f8,2022-05-17T16:02:42.173043,2024-12-14T14:47:47.026210,Addis Ababa,Ethiopia
DEV0000829,Mobile,iOS,Samsung Internet,db7f858953e27abeb228455ee6e8aa09,2025-02-19T18:18:29.219607,2025-10-30T04:58:12.403516,Nekemte,Ethiopia
DEV0000830,Mobile,Android,Chrome,74528e8a3007f743cf02a842acf3ab94,2025-12-17T21:35:59.111479,2025-12-26T23:54:40.482435,Nekemte,Ethiopia
DEV0000831,Tablet,iPadOS,Edge,dc4888815dd3984f77acc96fab998815,2024-07-31T03:25:26.966562,2024-11-09T01:01:18.428801,Jijiga,Ethiopia
DEV0000832,Mobile,Android,Safari,4248e93e7cbb88309f86d943ab219c35,2023-04-08T18:40:23.772720,2024-11-03T22:11:40.541786,Jimma,Ethiopia
DEV0000833,Desktop,Ubuntu,Opera,c26a76da81c47ffd0fc12809ca53063c,2025-01-19T02:15:32.641211,2025-08-21T13:06:32.402931,Addis Ababa,Ethiopia
DEV0000834,Laptop,macOS,,a33d2dfc7ff3fcaa39838ffe83a9413b,2022-06-11T08:31:22.428432,2023-07-12T03:37:38.336695,Addis Ababa,Ethiopia
DEV0000835,Mobile,iOS,Safari,d1559f0859c3230ef8fc905df91f55dc,2025-10-25T00:04:52.966073,2025-12-19T21:35:24.510303,Dire Dawa,Ethiopia
DEV0000836,Mobile,Android,Safari,5ea1e610c9720d99e39c2b7742330513,2024-06-24T15:32:23.920214,2024-07-15T18:04:10.143497,Bishoftu,Ethiopia
DEV0000837,Laptop,Windows,Opera,3bfb7c3d2ec4aae214743b3c3f370568,2024-04-27T12:24:58.810803,2025-11-05T06:33:09.008316,Addis Ababa,Ethiopia
DEV0000838,Tablet,Android,Safari,e6d79a231a0fa4bd6d7f0dd947a5f00d,2022-09-22T13:50:03.261914,2024-09-11T09:00:20.646702,Addis Ababa,Ethiopia
DEV0000839,Mobile,iOS,Samsung Internet,6287c6bac9c3aca8cf1b471f41ca96d2,2025-09-02T22:48:43.725401,2025-11-16T16:40:38.865257,Addis Ababa,Ethiopia
DEV0000840,Laptop,Windows,Firefox,66c41a6044b19ccb5ffc67f3a2df883f,2022-07-30T03:31:56.343497,2024-03-30T00:28:30.365124,Jimma,Ethiopia
DEV0000841,Mobile,iOS,Opera,6ad7b532c6ea0d50c90da9412952a5e1,2023-04-20T12:14:55.797437,2023-11-11T20:34:07.342333,Hawassa,Ethiopia
DEV0000842,Desktop,Windows,Safari,da85a7cf10cccdc77744edfdb0e1a101,2025-04-06T07:45:46.282466,2025-05-12T22:19:27.035083,Addis Ababa,Ethiopia
DEV0000843,Laptop,Windows,Firefox,4843cd245820ee1e94499afcbb9fb1be,2024-10-21T04:38:45.891821,2025-01-10T11:06:49.650654,Hawassa,Ethiopia
DEV0000844,Mobile,Android,,b115fa20d6f4f98097220935a1a8303f,2022-11-20T06:50:50.391036,2024-10-16T04:02:21.833989,Hawassa,Ethiopia
DEV0000845,Mobile,Android,Opera,eadbc3d228b999d04a5fd9007af850df,2025-09-01T22:11:17.717994,2025-12-05T09:57:43.938244,Addis Ababa,Ethiopia
DEV0000846,Mobile,iOS,Samsung Internet,410bad356b0e97e44d891daf5d5213b4,2024-06-17T16:05:29.933622,2025-04-07T18:33:59.042164,Jimma,Ethiopia
DEV0000847,Desktop,Windows,Edge,9ef6539b11a32cc3f5f097f1c9f2b9b1,2024-07-03T21:42:10.395745,2025-03-18T01:15:54.283030,Arba Minch,Ethiopia
DEV0000848,Mobile,iOS,Opera,394dc7207c8fb8881e7ae146dd84210e,2023-06-12T16:11:28.774089,2023-11-28T05:35:55.584482,Harar,Ethiopia
DEV0000849,Laptop,macOS,,b4f827c6cbc44d1a46ac6521069a3990,2024-12-06T05:05:41.065288,2025-01-31T14:26:48.747381,Dessie,Ethiopia
DEV0000850,Mobile,Android,Opera,8864ce2d8f44ed333797850521f68054,2022-09-06T19:08:54.092789,2024-01-20T10:56:56.791568,Shashamane,Ethiopia
DEV0000851,Mobile,iOS,Chrome,de4bf452a41c9fb03240f2e1a2509b40,2024-06-11T08:05:09.740698,2025-04-14T16:00:07.576505,Hosaena,Ethiopia
DEV0000852,Mobile,iOS,Chrome,0ff33a0435debeaca17c8a9b710ef109,2024-02-17T13:11:28.706351,2025-04-24T11:48:46.245598,Dessie,Ethiopia
DEV0000853,Mobile,Android,Firefox,2dded4eb9b4fbbb578e1ceb24ed77c00,2025-11-20T09:16:47.800874,2025-12-12T00:43:25.510454,Bishoftu,Ethiopia
DEV0000854,Mobile,Android,,d8d411f71479fe247afff6961cc66180,2024-12-08T20:44:34.307973,2024-12-28T18:49:02.493396,Gondar,Ethiopia
DEV0000855,Mobile,Android,Chrome,67ed68daf948515f1be34f71046fc030,2024-05-22T01:41:37.368290,2024-06-13T10:08:03.006938,Addis Ababa,Ethiopia
DEV0000856,Desktop,macOS,Opera,f362b4a4ec28814fede32626a4cf3882,2023-10-16T18:13:37.726865,2025-06-26T06:21:10.916126,Sodo,Ethiopia
DEV0000857,Desktop,macOS,Samsung Internet,6d9e4fbc918cf38143522b8a2a73f0d5,2023-10-28T15:29:36.373216,2024-07-01T03:56:13.394950,Addis Ababa,Ethiopia
DEV0000858,Desktop,macOS,Chrome,0762123d3bcb492696bd8cfc4703427c,2023-07-09T00:20:22.584536,2024-06-09T10:17:16.185084,Adama,Ethiopia
DEV0000859,Mobile,Android,Safari,88f9700f647f1c1c8760cc3d12b88f4d,2022-02-01T18:50:19.032295,2025-05-09T15:08:21.053490,Addis Ababa,Ethiopia
DEV0000860,Tablet,Android,Firefox,0bcd38ea3d304143da9e603bab5ebfc2,2022-02-12T17:09:23.581549,2023-05-28T15:13:17.145215,Addis Ababa,Ethiopia
DEV0000861,Mobile,Android,Safari,a039f47fee76f0fc25124435f8aa2beb,2025-11-29T17:31:38.468391,2025-12-01T00:45:12.892046,Bishoftu,Ethiopia
DEV0000862,Mobile,iOS,Firefox,9698d1aeb7103ab6331ea478940d4820,2025-05-04T23:21:29.664873,2025-08-25T14:23:43.775092,Jijiga,Ethiopia
DEV0000863,Tablet,Android,Samsung Internet,b72ca490bfa9a78ae4b5f1f6d3a00dd2,2025-04-08T07:00:46.030629,2025-09-21T13:59:02.045674,Gondar,Ethiopia
DEV0000864,Mobile,iOS,Firefox,80badab84310bbe3bd180fc0b6c620b5,2025-09-29T15:29:39.419191,2025-10-17T04:15:28.778033,Adama,Ethiopia
DEV0000865,Desktop,macOS,Samsung Internet,8e5a7cffebea4c1bd8aa37fe15a0c501,2022-10-22T11:35:25.169870,2023-10-17T00:13:50.509529,Addis Ababa,Ethiopia
DEV0000866,Desktop,macOS,Chrome,cc3a9c65b8a4f09c33acb08e0f9bb3a4,2025-06-27T02:33:47.648622,2025-08-11T21:30:24.497915,Addis Ababa,Ethiopia
DEV0000867,Mobile,Android,Samsung Internet,97255a8816ff079420bc5bedb80918b0,2022-02-10T14:10:52.279253,2025-10-26T11:15:56.929670,Addis Ababa,Ethiopia
DEV0000868,Mobile,Android,Chrome,af29767dae17c8889d387b273bda0d19,2022-03-09T20:05:08.382275,2023-05-23T19:19:51.997148,Addis Ababa,Ethiopia
DEV0000869,Mobile,Android,Safari,5cbf426ccdfebba23c1ed4d7a4a7ec11,2025-10-24T13:36:56.017513,2025-11-15T21:17:38.570615,Jijiga,Ethiopia
DEV0000870,Laptop,macOS,Opera,640c9cd1ccfaaec2ab01aacb63a9ac9f,2022-07-22T03:27:18.938776,2023-07-03T03:34:44.597540,Dire Dawa,Ethiopia
DEV0000871,Mobile,iOS,Edge,42ef9451a07e7ce9f58550914837c7e2,2022-07-07T22:51:36.934256,2022-11-16T20:56:14.587460,Nekemte,Ethiopia
DEV0000872,Tablet,iPadOS,Samsung Internet,a397153ed3a0b76eaa095ac250151159,2024-07-09T06:28:47.809780,2024-08-07T00:51:30.484313,Shashamane,Ethiopia
DEV0000873,Laptop,Windows,Opera,72a68a1405e3a22be2974a6d542f8a63,2024-05-31T02:18:46.944273,2025-08-22T18:33:52.241715,Addis Ababa,Ethiopia
DEV0000874,Mobile,Android,Safari,3846bac03e1dddc0793fa82c333e4d6f,2023-09-30T14:04:40.910187,2024-01-25T05:22:51.037792,Addis Ababa,Ethiopia
DEV0000875,Mobile,iOS,Opera,3c6e539f19ff1d2f7e4c00bf017ea27b,2023-09-30T19:00:22.123568,2023-12-07T17:03:01.480619,Jijiga,Ethiopia
DEV0000876,Desktop,Ubuntu,Opera,168d1bd7dcce7f4ac2723dab5eaadc84,2023-12-05T13:04:44.056960,2025-05-07T03:34:17.341928,Dessie,Ethiopia
DEV0000877,Laptop,Windows,Samsung Internet,d817bf0d459f1ce04824572d3e2177d7,2022-09-14T01:39:43.976939,2025-03-22T17:21:57.574879,Mekelle,Ethiopia
DEV0000878,Tablet,Android,Edge,5e9eda29d667011bcb784614fa41dbfd,2024-05-27T12:48:05.042081,2025-10-10T03:30:54.107643,Adama,Ethiopia
DEV0000879,Desktop,Windows,Firefox,e87c3be6d9a36dea70982c3e604d6b6b,2023-06-27T11:24:53.804309,2025-12-04T04:25:23.544615,Sodo,Ethiopia
DEV0000880,Laptop,Windows,Safari,36e01d6b8efe3621722d75e5456d98ad,2025-01-13T05:21:36.134761,2025-04-04T04:55:25.307647,Mekelle,Ethiopia
DEV0000881,Mobile,Android,Safari,ffb26c18c4ce5a0401c9ac254ae273ed,2024-10-03T18:08:08.703484,2025-09-29T14:13:31.601541,Adama,Ethiopia
DEV0000882,Mobile,iOS,Firefox,7a341ff09eb3f58a23b455fd8feefb73,2023-03-15T11:24:05.543085,2025-10-27T18:24:27.131785,Jijiga,Ethiopia
DEV0000883,Desktop,Windows,Firefox,608298af4e9e064fd3ae99f832b8550e,2025-06-07T23:25:46.699471,2025-06-24T06:29:43.693923,Hawassa,Ethiopia
DEV0000884,Mobile,iOS,Opera,51b07b6af0fda247ec9bb72ca7d48ad7,2023-06-01T05:01:57.588915,2025-05-04T08:25:52.628143,Harar,Ethiopia
DEV0000885,Laptop,Ubuntu,Safari,580fcedf0c8a299260f4fce36e3fcee4,2024-05-30T06:41:32.171052,2025-06-20T12:46:36.258535,Addis Ababa,Ethiopia
DEV0000886,Mobile,iOS,Edge,9e7e73555287f60c0e5ff5c67d56839f,2025-06-04T12:19:16.276369,2025-10-05T01:00:19.275206,Hawassa,Ethiopia
DEV0000887,Mobile,iOS,Firefox,c45d585237bcff3504d1d70a0b0230f7,2024-03-24T00:21:23.353332,2024-11-06T20:20:57.311588,Addis Ababa,Ethiopia
DEV0000888,Laptop,Ubuntu,Samsung Internet,cd8e330005d14e6cc1645f0688126a42,2023-09-03T14:42:09.468017,2025-10-20T01:38:34.851022,Bahir Dar,Ethiopia
DEV0000889,Laptop,macOS,Samsung Internet,ca9f7232fbcda1f39f2764fea208696b,2025-11-14T19:12:47.953964,2025-12-18T20:39:07.571014,Addis Ababa,Ethiopia
DEV0000890,Mobile,Android,Opera,37d4600326ce7bc0d40c62d7f95add89,2022-08-07T18:32:26.764142,2025-06-30T04:28:19.100851,Addis Ababa,Ethiopia
DEV0000891,Desktop,Ubuntu,Samsung Internet,2b5ee19797fb87bf10f0beedb2f7cc87,2025-09-05T17:10:07.952852,2025-09-23T20:54:30.584014,Addis Ababa,Ethiopia
DEV0000892,Mobile,iOS,Edge,30dbe4e8717b7016890d8d23ff97abae,2024-01-13T17:39:19.432007,2025-01-31T03:37:39.689453,Hosaena,Ethiopia
DEV0000893,Laptop,Windows,Opera,e389939f83bcc524a24e2403d6ed38a6,2022-04-17T08:20:51.704208,2024-10-29T06:06:58.774793,Addis Ababa,Ethiopia
DEV0000894,Tablet,iPadOS,Opera,9264415fbb74e1b0a2521b0f4924e2b5,2025-12-04T12:27:23.038013,2025-12-24T22:00:18.001553,Hosaena,Ethiopia
DEV0000895,Laptop,Ubuntu,Opera,a0c932851b7bc2c511fe16a3880eb009,2024-04-29T11:54:17.464777,2025-12-05T17:33:49.008612,Hosaena,Ethiopia
DEV0000896,Mobile,iOS,,4c82d6fd0405fff613b222cffeae8f67,2023-04-08T01:50:51.628478,2025-04-26T08:12:55.394479,Adama,Ethiopia
DEV0000897,Tablet,Android,,073a1c32d27fbccb98f2e7139388869f,2025-11-11T17:53:48.528260,2025-12-06T08:31:43.276776,Hosaena,Ethiopia
DEV0000898,Mobile,Android,Edge,05fa263922ca37ebe55a2a0ee8a8591a,2023-10-13T15:57:02.295004,2025-04-21T10:42:04.422219,Addis Ababa,Ethiopia
DEV0000899,Mobile,iOS,Firefox,f22af21d266c13704f976f992c6c9c72,2022-04-04T09:09:19.739068,2024-07-05T13:47:41.213431,Bahir Dar,Ethiopia
DEV0000900,Tablet,Android,Safari,3cbb6d5f3f50b3b89e8981fde6bc6850,2022-10-29T21:55:17.386231,2025-11-20T20:15:07.460420,Addis Ababa,Ethiopia
DEV0000901,Laptop,Ubuntu,Edge,f509674240f9c22067ea16c90fe8fc8a,2023-06-05T17:51:09.056953,2024-03-02T17:18:45.579355,Addis Ababa,Ethiopia
DEV0000902,Mobile,Android,Chrome,b248de049ca400bd2e5853578e11877e,2025-05-19T00:45:17.368556,2025-12-18T10:38:30.040987,Mekelle,Ethiopia
DEV0000903,Mobile,iOS,Firefox,72f17a2da10bd79088d643ae65768a24,2022-01-07T16:18:14.283392,2024-08-21T06:56:20.770086,Gondar,Ethiopia
DEV0000904,Mobile,iOS,Firefox,ad79f2ef1fda3c1aa510e236b175c774,2023-01-24T09:25:01.796025,2023-08-20T06:33:19.253084,Addis Ababa,Ethiopia
DEV0000905,Desktop,Ubuntu,Samsung Internet,4467dfef3eb421cc657519754c134572,2023-08-17T11:11:53.639485,2024-11-04T16:03:38.181013,Dessie,Ethiopia
DEV0000906,Mobile,iOS,Chrome,8a1268a771fcb0de9e29451d7fb671b9,2024-05-29T06:37:49.651384,2024-07-13T14:51:30.483396,Addis Ababa,Ethiopia
DEV0000907,Desktop,macOS,Firefox,8bea0ff8d28bdf31a48d7ba434a21c1e,2023-08-27T18:12:25.824633,2024-06-15T02:37:17.432902,Adama,Ethiopia
DEV0000908,Mobile,Android,Opera,3ddfefcfed7f0298e9edf976722d5f03,2022-10-12T05:46:54.863236,2025-01-29T20:22:19.235813,Dessie,Ethiopia
DEV0000909,Desktop,Ubuntu,Chrome,f6eefb2a7c97a833b8d31eea2b7efadd,2024-06-03T02:12:18.606762,2024-06-21T01:06:13.789932,Addis Ababa,Ethiopia
DEV0000910,Tablet,iPadOS,Edge,6895b981274d81f0a2d06cf05ba0f784,2023-02-28T02:22:57.537470,2023-05-19T18:41:07.123604,Bahir Dar,Ethiopia
DEV0000911,Mobile,iOS,Opera,1be4e2d953f54fa0e0ee3d7446ce075a,2023-08-24T22:12:41.086435,2025-10-13T17:50:46.335797,Gondar,Ethiopia
DEV0000912,Tablet,iPadOS,Firefox,c40bf3a5976e1841b7589641a8e46ba6,2025-12-18T18:01:49.279846,2025-12-22T15:21:35.242621,Addis Ababa,Ethiopia
DEV0000913,Tablet,iPadOS,Opera,9087eb9cc4e6d4bf53729ef1ea34383c,2023-05-09T09:51:00.909930,2024-10-07T08:52:29.896548,Addis Ababa,Ethiopia
DEV0000914,Mobile,iOS,Opera,fb92947cb210203cdc81c7d772b693ed,2022-06-19T11:50:16.107285,2023-03-29T14:10:19.271069,Dire Dawa,Ethiopia
DEV0000915,Mobile,iOS,Safari,97ea5c4e5446ab0c4be910aaf03d8f62,2025-01-30T07:55:49.681570,2025-03-19T21:32:22.962574,Dessie,Ethiopia
DEV0000916,Mobile,Android,Edge,1c14d58dbd7f3ffa3c72aa55cc59ae61,2022-04-22T04:32:06.713426,2024-01-21T01:24:01.204615,Jimma,Ethiopia
DEV0000917,Laptop,Ubuntu,Firefox,473706afa43c54d426e9baebff2e80bc,2024-07-22T15:58:42.997164,2024-09-17T01:57:55.792873,Arba Minch,Ethiopia
DEV0000918,Tablet,iPadOS,Opera,a2692b488de62310af863aaef3c73282,2025-07-03T15:42:54.436110,2025-08-09T03:41:42.814932,Adama,Ethiopia
DEV0000919,Desktop,Ubuntu,Opera,cff6ffe6577641ef41576acb2a5769ba,2023-08-24T08:58:32.765392,2025-05-31T22:39:46.664433,Hawassa,Ethiopia
DEV0000920,Mobile,Android,Opera,1747557f31f1111d3b5d0ac73233d69a,2024-04-29T11:11:52.037991,2025-11-09T11:25:59.610400,Addis Ababa,Ethiopia
DEV0000921,Laptop,macOS,Safari,d76bd2e5982ce8a9b4940ccaed5bbd14,2024-12-14T17:40:46.964490,2025-02-10T15:27:26.666804,Bishoftu,Ethiopia
DEV0000922,Mobile,Android,Samsung Internet,52d92dc4d87547cc3f515151f46aef43,2022-01-10T16:31:47.516903,2024-04-30T05:22:36.698403,Mekelle,Ethiopia
DEV0000923,Mobile,iOS,Samsung Internet,c0cbb225dbe26766d1744b886429d7bd,2024-12-20T04:14:23.197217,2025-08-25T21:48:49.766599,Harar,Ethiopia
DEV0000924,Mobile,iOS,Safari,ea75963eb9de50436578efcda0853a4e,2023-03-16T11:50:32.906378,2025-11-01T11:51:51.436983,Addis Ababa,Ethiopia
DEV0000925,Laptop,Windows,Opera,36d5d8b46342a6e8e5c11ae3f927ba3a,2025-05-11T06:22:12.178414,2025-12-06T21:22:16.803349,Addis Ababa,Ethiopia
DEV0000926,Desktop,macOS,Safari,33dddbf66bf83e15b9b97563c1b1c222,2023-08-23T18:47:25.362223,2025-03-25T14:59:12.845426,Addis Ababa,Ethiopia
DEV0000927,Desktop,macOS,Firefox,16c28cfd9a1f7b5868bf99bdbce167b9,2022-08-18T22:50:17.944047,2025-04-20T00:01:03.356608,Gondar,Ethiopia
DEV0000928,Mobile,Android,Edge,def7634ba96ed23429bec7e578dd7d91,2023-06-20T01:19:13.269552,2025-11-03T18:25:32.484509,Jijiga,Ethiopia
DEV0000929,Mobile,Android,Firefox,4a3469a39753faeaf7cbbe4002fb214e,2024-07-10T03:12:06.906225,2024-09-03T13:53:23.337151,Addis Ababa,Ethiopia
DEV0000930,Mobile,iOS,Opera,68c9b7f4c3b6f3c66e449a033b9364da,2024-08-01T23:54:28.858695,2024-12-26T15:36:44.961163,Jijiga,Ethiopia
DEV0000931,Laptop,macOS,Edge,d4905cbffdf0163677ea82e0dbf2c0cd,2023-06-01T03:59:49.588096,2023-07-10T17:35:55.040703,Hawassa,Ethiopia
DEV0000932,Tablet,Android,Safari,eb411554fb706782603018dcdf229889,2024-10-18T01:51:16.462741,2025-03-25T21:28:25.335232,Addis Ababa,Ethiopia
DEV0000933,Tablet,Android,Opera,baa4e608a6f7f233e0f24af4dd4b9848,2022-01-24T08:03:07.815838,2022-09-20T09:44:36.575736,Gondar,Ethiopia
DEV0000934,Desktop,Windows,Opera,e1d62f26032c996ad3ff43784aad9cc5,2022-12-03T01:56:17.572308,2023-07-04T12:01:51.986765,Addis Ababa,Ethiopia
DEV0000935,Mobile,iOS,Chrome,c400da93506161ab06009407c2b3e88d,2024-09-21T07:16:26.542135,2025-11-25T20:07:30.410435,Addis Ababa,Ethiopia
DEV0000936,Mobile,Android,Opera,422f70bda3a0b66f5b90bbe3dce3bffc,2024-09-07T06:19:30.947852,2025-04-11T10:26:50.065320,Dilla,Ethiopia
DEV0000937,Mobile,Android,Samsung Internet,1a7a0c5f4df5fa08e4d7b887ae537a55,2025-09-06T17:45:31.301483,2025-11-14T19:14:10.409976,Dessie,Ethiopia
DEV0000938,Mobile,iOS,Edge,8cb23749884204f81261b808cf885ade,2022-04-20T02:41:54.131032,2022-08-20T19:07:07.256802,Addis Ababa,Ethiopia
DEV0000939,Laptop,Windows,Firefox,de7d8bc106dd8f9aefef226701a8c2e7,2023-03-30T06:56:20.201257,2024-10-30T19:19:39.206960,Gondar,Ethiopia
DEV0000940,Tablet,iPadOS,Chrome,f9e01bfe813e51c3246df3942a263a94,2022-10-05T03:46:18.907674,2024-04-08T09:27:54.505872,Hawassa,Ethiopia
DEV0000941,Desktop,Ubuntu,Edge,263d3af9ec882efe1e597bc3d312b6dd,2024-09-14T16:36:30.118250,2025-11-22T01:39:43.688062,Jimma,Ethiopia
DEV0000942,Mobile,iOS,Edge,e7a1bc2e6cefdf032b9d954cfb7356b2,2025-01-04T21:02:29.396123,2025-12-01T20:24:21.899204,Bahir Dar,Ethiopia
DEV0000943,Mobile,iOS,Chrome,e63afe9f5e5abb76daaa07395b203d7b,2022-04-12T04:17:31.653191,2025-12-22T06:27:57.001345,Dilla,Ethiopia
DEV0000944,Desktop,Ubuntu,Safari,014c69ea414534fa9fb365a68abf8fe2,2023-04-26T20:31:54.944539,2023-07-04T18:34:13.393366,Addis Ababa,Ethiopia
DEV0000945,Mobile,Android,Firefox,42e63c95d60e1b6e2accb87beefa5b7c,2023-07-24T20:29:19.176499,2023-10-15T15:31:11.426700,Bahir Dar,Ethiopia
DEV0000946,Laptop,macOS,Samsung Internet,0340d694be30d63d93eb1932c2a52b15,2022-05-08T15:05:18.896405,2025-10-03T04:01:26.403386,Jimma,Ethiopia
DEV0000947,Tablet,Android,Firefox,f213450a481018a4e3cf4d9a133a1ddc,2024-12-07T13:57:22.318390,2025-10-17T10:22:24.201449,Addis Ababa,Ethiopia
DEV0000948,Desktop,Windows,Edge,cac1163f38b43f1e4cf9f1a466dd4e22,2022-03-28T22:00:01.222632,2022-07-07T01:04:51.082765,Dessie,Ethiopia
DEV0000949,Mobile,iOS,Samsung Internet,abfee7fdd4e550258f20fa79a9ea01b3,2025-07-10T12:58:00.756010,2025-11-11T00:11:07.697767,Gondar,Ethiopia
DEV0000950,Desktop,Windows,Chrome,ce18b49b0e32be9ba477ac6df676f07c,2024-10-05T15:47:00.956600,2025-09-23T11:00:50.982917,Dire Dawa,Ethiopia
DEV0000951,Mobile,iOS,Chrome,71d4cb51120c754973f90b46bbbd8a57,2024-03-01T08:54:50.687243,2024-04-03T17:50:31.244304,Jijiga,Ethiopia
DEV0000952,Desktop,Windows,Samsung Internet,71a1eae16a1b3553ad78aca4bf28b5b1,2025-05-05T17:22:52.619479,2025-12-31T07:09:26.793703,Addis Ababa,Ethiopia
DEV0000953,Mobile,Android,Chrome,01c44add67b8a4f95587196423226c99,2024-04-30T14:18:25.994675,2025-03-24T22:42:29.770905,Dire Dawa,Ethiopia
DEV0000954,Mobile,Android,Safari,3aa728ca3546b982daed407251c38c06,2023-09-27T15:20:40.593042,2025-07-13T11:46:35.068326,Adama,Ethiopia
DEV0000955,Tablet,iPadOS,Samsung Internet,a8b08c97af45b14235fdb74157556f96,2025-06-21T03:22:26.193893,2025-10-27T22:03:53.420731,Nekemte,Ethiopia
DEV0000956,Laptop,macOS,Chrome,3c0b9f01102afc5e74a6b3bf4df9da6f,2023-05-31T17:49:25.812326,2024-06-09T06:38:19.162951,Addis Ababa,Ethiopia
DEV0000957,Tablet,iPadOS,Firefox,1f6a003bf08d67811fe2c60c06afc515,2023-08-04T10:04:20.593256,2025-04-26T17:05:12.371668,Mekelle,Ethiopia
DEV0000958,Mobile,iOS,Firefox,fbb6e5372512315d8cd361467645a575,2023-10-28T12:02:28.135311,2025-02-04T12:43:08.046075,Addis Ababa,Ethiopia
DEV0000959,Mobile,Android,Safari,ac3258970d7186751ce1dcb78d3780f6,2023-04-02T05:33:32.691233,2025-05-02T15:40:51.456626,Addis Ababa,Ethiopia
DEV0000960,Laptop,Windows,Opera,f8ac46180d78dcf87ef0b93f378ec866,2025-12-06T12:30:47.546346,2025-12-17T01:45:33.102520,Addis Ababa,Ethiopia
DEV0000961,Mobile,iOS,Opera,e38c31602de92031eba869a8ff636d66,2024-09-30T12:50:24.464671,2025-08-11T23:54:32.620427,Sodo,Ethiopia
DEV0000962,Desktop,Ubuntu,Opera,19d13cb5c4543f9d3337ddb3d6bcb002,2024-03-02T20:27:59.915618,2025-10-27T09:28:00.417340,Addis Ababa,Ethiopia
DEV0000963,Mobile,Android,Opera,5529b8675a01b510c29fb67707d86192,2025-08-30T18:33:12.502703,2025-10-20T12:23:51.505095,Adama,Ethiopia
DEV0000964,Mobile,Android,Firefox,32f59087e6a0f29829d56f3e77342ce4,2022-12-06T16:25:36.403112,2024-03-10T03:30:07.685376,Nekemte,Ethiopia
DEV0000965,Desktop,Windows,Safari,975c4553894197293a19b697dea9a598,2025-06-22T14:25:50.378819,2025-09-27T08:08:25.837312,Harar,Ethiopia
DEV0000966,Mobile,Android,Edge,e5b9371ee4607e608e093593657d644d,2022-05-28T02:30:29.731447,2025-09-10T00:41:15.576817,Hawassa,Ethiopia
DEV0000967,Mobile,iOS,Opera,046fa8c1a59e7016b1852f022bf18a66,2022-04-15T19:40:25.695387,2022-12-27T12:53:36.457567,Sodo,Ethiopia
DEV0000968,Desktop,Ubuntu,Opera,055a3b4c1115acf8f6a08123e557b0c8,2025-03-04T13:13:28.107972,2025-04-09T06:56:02.645851,Addis Ababa,Ethiopia
DEV0000969,Mobile,Android,Safari,e809eaf4a8dec3743b0c790a4e7f577c,2024-12-03T11:24:27.950912,2025-12-19T13:17:03.698895,Addis Ababa,Ethiopia
DEV0000970,Laptop,Windows,Chrome,c3341081965fde4250270c7f59e5b8a5,2025-03-13T10:27:43.899936,2025-03-27T12:34:58.609071,Hawassa,Ethiopia
DEV0000971,Mobile,Android,Samsung Internet,d58afd0795d5afeff5347ea020dbf4f3,2025-06-26T09:15:37.992289,2025-09-16T14:50:44.979104,Hawassa,Ethiopia
DEV0000972,Mobile,Android,Opera,bb508a06b903e115c2b6ce2c51446351,2023-11-09T03:50:55.904328,2024-05-13T21:44:51.660691,Hawassa,Ethiopia
DEV0000973,Mobile,iOS,Opera,f3aca8e1c66b9917b3eeea4b33208848,2025-12-11T23:22:29.748992,2025-12-24T04:21:11.369014,Addis Ababa,Ethiopia
DEV0000974,Tablet,iPadOS,Samsung Internet,2cec3ff78914303aac919170a3af01bd,2023-04-10T17:07:31.466490,2023-07-29T17:10:38.072659,Bahir Dar,Ethiopia
DEV0000975,Desktop,macOS,Samsung Internet,d56ea92d8182aed08742bd6f2958219f,2022-02-18T13:16:57.992823,2022-03-17T22:24:33.616995,Jimma,Ethiopia
DEV0000976,Desktop,Windows,Firefox,92ceed1175a39978a6c945040668902b,2024-11-07T14:31:30.934778,2024-12-18T22:10:22.333811,Addis Ababa,Ethiopia
DEV0000977,Desktop,macOS,Firefox,6567e45c298024b79aa06d3090dbd007,2024-11-13T09:38:00.730597,2025-05-30T00:04:04.094578,Jimma,Ethiopia
DEV0000978,Mobile,Android,Safari,622fc4a01a0d3fed740ecd2b11b2f9ae,2023-03-31T09:58:10.612923,2023-05-06T15:35:12.582454,Dilla,Ethiopia
DEV0000979,Mobile,Android,Chrome,8a42ab609f2c7ab6ce98009084c7e031,2023-04-28T20:04:19.652456,2025-12-16T11:38:35.609595,Gondar,Ethiopia
DEV0000980,Tablet,iPadOS,Opera,0c54246c99362ffb90cc370bb4fea636,2024-07-17T20:51:01.139984,2025-02-05T21:25:14.256041,Hawassa,Ethiopia
DEV0000981,Mobile,iOS,Opera,d6a266480dcc353146a33c52c93265d5,2025-08-12T17:45:22.829787,2025-12-03T09:42:36.705345,Mekelle,Ethiopia
DEV0000982,Mobile,Android,Edge,02224eb80111fcc127db89486b9fe8ad,2023-04-12T08:52:44.358038,2025-04-19T02:07:01.617191,Addis Ababa,Ethiopia
DEV0000983,Mobile,iOS,Edge,5178a77bbbbb3a02efc69b9289e1ebb2,2024-11-03T12:52:49.920376,2025-11-25T18:58:07.306625,Addis Ababa,Ethiopia
DEV0000984,Mobile,iOS,Chrome,da74401d44a32ebf1314eace09863d1f,2024-04-09T03:00:13.095595,2024-07-06T03:29:04.183121,Mekelle,Ethiopia
DEV0000985,Desktop,macOS,Safari,6555db40bd152dc1b185231c15b39ed8,2022-01-18T23:03:42.823860,2024-04-01T15:13:46.786647,Jimma,Ethiopia
DEV0000986,Mobile,Android,Firefox,155ce0a393265502420fd0f77032add1,2024-09-25T01:13:06.798183,2025-09-01T09:27:29.344004,Dessie,Ethiopia
DEV0000987,Mobile,iOS,Opera,e0776b83ae0a4b3dfce57d5c92204923,2023-03-26T07:04:15.486240,2023-05-29T05:34:17.215812,Mekelle,Ethiopia
DEV0000988,Tablet,Android,Opera,631bc2883517e631c3e40b3de0738918,2023-05-03T08:56:40.520699,2024-05-12T02:48:32.651624,Addis Ababa,Ethiopia
DEV0000989,Mobile,iOS,Samsung Internet,a9bc705cd692780439e6012ab3aef37d,2023-10-18T17:02:48.289739,2025-08-21T01:19:47.584318,Adama,Ethiopia
DEV0000990,Laptop,Windows,Firefox,6f081099afa16b0c8bffeb8cc4b53c44,2025-02-12T06:46:04.860307,2025-04-13T09:09:31.122010,Jimma,Ethiopia
DEV0000991,Mobile,Android,Edge,7cad983fda2bdc67c95131a3a2c228ab,2025-03-26T22:14:27.931684,2025-07-30T16:22:20.778300,Shashamane,Ethiopia
DEV0000992,Mobile,iOS,Chrome,97a4d6b29b47ebe6e72d2fc6bc3ba056,2024-08-05T07:27:37.814224,2025-10-24T11:06:38.737828,Bahir Dar,Ethiopia
DEV0000993,Mobile,iOS,Firefox,0d3ffb3b7d1ec8c4b0fcb1d0f774cf00,2025-01-18T12:25:42.204987,2025-02-03T00:59:52.002467,Hawassa,Ethiopia
DEV0000994,Laptop,macOS,Firefox,3f4f9a806fa0e0f18d69a91bf5a6474e,2024-07-02T14:13:27.695612,2024-09-14T06:23:54.345640,Bishoftu,Ethiopia
DEV0000995,Laptop,Ubuntu,Edge,a8f4ddebff81212c344701e39fcfa189,2024-08-23T10:54:13.729483,2025-01-27T11:13:01.795857,Addis Ababa,Ethiopia
DEV0000996,Laptop,Ubuntu,Safari,eff8d4f7fa0d9f9f9a40d9b6f01e4677,2022-01-03T11:50:37.174025,2022-02-01T08:50:33.770382,Addis Ababa,Ethiopia
DEV0000997,Mobile,Android,Chrome,b1117cb1704a3b9367b40bf44d15b946,2022-11-27T03:12:53.759754,2024-06-05T19:49:14.956927,Addis Ababa,Ethiopia
DEV0000998,Mobile,iOS,Opera,3c5d32300aee1000abba23b853e54bf4,2022-05-16T14:20:23.492122,2023-03-09T05:09:40.175107,Adama,Ethiopia
DEV0000999,Laptop,Ubuntu,Safari,5773163daba1da3b44843674ed228473,2024-04-08T09:15:42.579250,2025-04-13T13:14:36.419313,Hawassa,Ethiopia
DEV0001000,Mobile,iOS,Samsung Internet,242529c1e8840ed63549be0f8b247e6f,2022-02-14T02:57:39.307268,2022-07-25T09:38:11.943912,Dire Dawa,Ethiopia
