ground_truth_id,entity_type,entity_id,behavior_type,risk_pattern,is_anomalous,severity,pattern_start,pattern_end,related_entity_ids
GT00001,Person,P011051,shell_company,AML_MEDIUM,true,critical,2023-07-27,,TX00009838|TX00008927|TX00000204|TX00007189|P001646|TX00004586|P004937|TX00000133
GT00002,Account,ACC0022415,smurfing,AML_MEDIUM,true,low,2022-03-28,2022-07-21,P000780|TX00003511|P004003|TX00004504|TX00008526|P002429|TX00000282
GT00003,Person,P087593,normal,NORMAL,false,info,2022-07-26,2022-09-06,TX00008717|TX00005902|TX00002664|TX00000491|TX00003020|TX00001514|TX00005135
GT00004,Account,ACC0108264,shell_company,FRAUD_MEDIUM,true,low,2025-09-21,,TX00005229|TX00003682|TX00007548|TX00000827|TX00004375|TX00008544
GT00005,Account,ACC0008471,layering,AML_HIGH,true,low,2025-01-23,2025-04-17,TX00003001|TX00008124|TX00002640|TX00009299|TX00006961|TX00006366|TX00005637|P000259
GT00006,Account,ACC0120027,structuring,AML_MEDIUM,true,medium,2025-12-25,2026-01-01,P001303|TX00007899|P002906|P003846|TX00004446
GT00007,Company,C07994,layering,FRAUD_MEDIUM,true,low,2024-08-14,,TX00009314|P001535|TX00007677|TX00001858
GT00008,Account,ACC0118991,smurfing,FRAUD_MEDIUM,true,critical,2025-07-21,,TX00009094|TX00009391|TX00006379|P003809|TX00006366|P003023|TX00001316|TX00008987
GT00009,Account,ACC0046590,smurfing,FRAUD_HIGH,true,critical,2025-12-16,2026-01-01,P002368|TX00009578|TX00006366|TX00002173|TX00002548|TX00007534
GT00010,Account,ACC0030727,round_tripping,AML_LOW,true,high,2022-11-15,2023-05-08,TX00002394|TX00005785|P003972|P002763|P004479|P002278|P001390
GT00011,Person,P074719,false_invoice,FRAUD_MEDIUM,true,high,2024-08-26,,TX00002280|P003528|TX00007844|TX00007152
GT00012,Person,P069251,structuring,AML_LOW,true,critical,2023-10-02,,TX00005724|P000050|P003020|P002265|P003407
GT00013,Person,P055295,false_invoice,FRAUD_MEDIUM,true,critical,2022-05-19,2022-07-03,TX00000551|TX00009993|TX00004628
GT00014,Account,ACC0090528,normal,NORMAL,false,info,2022-01-30,2022-07-19,P001541|TX00007533|TX00008524|P000811|TX00006969
GT00015,Account,ACC0003595,round_tripping,AML_MEDIUM,true,high,2023-10-24,2023-12-27,TX00000921|TX00008648|P001624|P001955|P004200|TX00002934|TX00002178|TX00006019
GT00016,Account,ACC0136052,false_invoice,AML_HIGH,true,low,2024-09-21,,TX00001882|TX00009390|TX00003075|TX00002709|P004386|TX00007979
GT00017,Person,P001296,smurfing,FRAUD_MEDIUM,true,high,2022-10-31,,TX00003189|TX00007821|TX00005486|TX00006495|TX00000075
GT00018,Account,ACC0034019,false_invoice,AML_LOW,true,high,2023-02-14,,TX00003418|TX00004788
GT00019,Account,ACC0054292,rapid_movement,AML_LOW,true,high,2024-10-19,,TX00008191|TX00007294|P001047|P003672|P003401
GT00020,Person,P034497,normal,NORMAL,false,info,2024-11-06,2024-11-15,TX00009707|TX00008998|TX00001647|TX00006437|TX00009499|TX00005871|TX00002734
GT00021,Person,P022035,smurfing,FRAUD_MEDIUM,true,low,2022-01-26,2022-07-18,P000253|TX00000576|P001405|TX00001753|P002059
GT00022,Account,ACC0049426,round_tripping,FRAUD_MEDIUM,true,high,2023-08-03,,TX00005156|P001607|P003923
GT00023,Account,ACC0132350,layering,FRAUD_HIGH,true,critical,2022-01-24,,TX00005229|P003492|P001058|TX00005280|P004766
GT00024,Account,ACC0140842,structuring,FRAUD_HIGH,true,medium,2022-02-03,,P000778|TX00001635|P003945|P000853|P000701|P002133|TX00006299
GT00025,Person,P097839,round_tripping,AML_HIGH,true,low,2024-10-20,2025-04-03,TX00006021|TX00003207|TX00004882|TX00005909|P000753|P004704|P002008
GT00026,Account,ACC0027073,false_invoice,AML_LOW,true,critical,2023-03-28,,P000230|TX00001711|TX00004743|TX00003763|P003213|TX00005799
GT00027,Account,ACC0050778,smurfing,FRAUD_MEDIUM,true,medium,2023-05-22,2023-06-28,P002224|TX00000228|P004259|TX00007010|P002399|TX00002453
GT00028,Account,ACC0010497,false_invoice,AML_HIGH,true,critical,2022-09-03,,TX00009296|TX00003281|P001539|TX00003436|TX00002503
GT00029,Person,P070839,smurfing,FRAUD_HIGH,true,critical,2023-08-08,2023-09-02,P000611|TX00000612
GT00030,Person,P017988,round_tripping,FRAUD_HIGH,true,high,2024-04-07,,TX00001276|TX00007406|P004833|TX00009974|TX00000659|P004242|P004144|TX00009098
GT00031,Account,ACC0072159,normal,NORMAL,false,info,2023-08-08,2024-02-03,TX00007737|TX00003269|TX00008171
GT00032,Person,P065244,layering,AML_HIGH,true,high,2023-06-26,,TX00008732|TX00002008|TX00001175|P002612|TX00002199|TX00008057|P003720|P003603
GT00033,Person,P034186,shell_company,FRAUD_HIGH,true,low,2023-02-15,2023-06-22,P001958|TX00005997|P001519|TX00005805|TX00001252|P004743
GT00034,Account,ACC0016714,false_invoice,FRAUD_HIGH,true,critical,2023-06-14,2023-07-18,TX00005368|TX00002877|P002594|TX00002731|TX00003463|TX00001369|TX00007108|TX00009759
GT00035,Account,ACC0006363,normal,NORMAL,false,info,2025-02-09,,P003182|TX00003312|TX00006869|P003354
GT00036,Account,ACC0068558,structuring,FRAUD_HIGH,true,medium,2025-01-05,,P004053|P000403|P002929|P004744|TX00004046|TX00003070
GT00037,Account,ACC0124791,normal,NORMAL,false,info,2022-08-19,2022-10-23,TX00001487|P001263|P002016|P001078|P000877|P003100|TX00004943|P003748
GT00038,Account,ACC0059075,normal,NORMAL,false,info,2023-12-11,2024-02-19,TX00006345|TX00008269|P003534|P001506|TX00009623|TX00007812|P000726|TX00008157
GT00039,Account,ACC0104140,shell_company,AML_MEDIUM,true,low,2024-02-29,2024-04-21,TX00002526|P004720|TX00008178|P000522|P004727|TX00003919|TX00005997
GT00040,Account,ACC0141026,normal,NORMAL,false,info,2024-11-13,2024-12-18,TX00004404|P003085|TX00004316|P002407
GT00041,Account,ACC0047464,structuring,AML_LOW,true,low,2022-05-02,2022-09-08,TX00002431|TX00004625|P004886|P002136|TX00002879
GT00042,Account,ACC0008295,structuring,AML_LOW,true,medium,2025-06-08,2025-10-02,TX00002749|TX00000288|TX00004193|TX00000482|P004605
GT00043,Account,ACC0109806,false_invoice,AML_HIGH,true,medium,2025-12-28,2026-01-01,TX00007345|TX00007967|P003889|P004126|TX00009924|TX00005142
GT00044,Account,ACC0096370,structuring,FRAUD_MEDIUM,true,critical,2024-03-06,,P003220|TX00007541|P004085|TX00009461|TX00001121
GT00045,Account,ACC0056557,false_invoice,AML_HIGH,true,low,2024-03-30,2024-06-23,TX00005197|P003078|TX00000223|TX00001935|TX00008954
GT00046,Person,P022298,smurfing,AML_LOW,true,high,2024-06-03,2024-06-15,TX00005208|TX00007838|TX00000497|TX00000920|P001595|TX00004670|P002358
GT00047,Person,P083660,round_tripping,AML_HIGH,true,critical,2025-08-01,2025-12-06,P003630|TX00005313|TX00005446|TX00005130|P000487|TX00002386|TX00001004|TX00000346
GT00048,Person,P084136,false_invoice,AML_MEDIUM,true,critical,2025-02-23,,P003776|TX00007868|P002695|TX00001567|TX00004667|TX00004614|TX00004008|TX00005717
GT00049,Account,ACC0017200,normal,NORMAL,false,info,2022-09-09,,TX00001021|TX00008835|TX00002846|P000719|TX00009078|TX00007892|TX00003816
GT00050,Person,P047797,structuring,AML_HIGH,true,low,2023-05-07,2023-11-01,P002193|TX00008964|TX00002259|TX00008906|TX00006034
GT00051,Account,ACC0024882,structuring,FRAUD_MEDIUM,true,high,2023-06-04,,P004344|P000370|P003176|P000962|TX00000895|P004640|TX00007989|TX00000841
GT00052,Person,P090221,structuring,AML_LOW,true,critical,2022-09-15,,TX00008457|TX00008982|TX00008068
GT00053,Account,ACC0147298,layering,AML_HIGH,true,low,2025-12-28,,TX00004250|TX00001686|TX00005526|P001502|TX00000384|P002269|P002097
GT00054,Account,ACC0136389,rapid_movement,AML_HIGH,true,high,2025-08-20,,TX00005066|TX00007159|TX00006833|P000350|TX00002319|TX00004474
GT00055,Person,P065678,normal,NORMAL,false,info,2022-04-01,,P003656|P002625|P002431|P003335|TX00001148|TX00006126|P003824
GT00056,Account,ACC0030824,shell_company,AML_HIGH,true,medium,2024-08-19,,P002528|TX00009391|TX00006309|P004542|TX00009566|P000951|P003266|TX00009113
GT00057,Person,P077007,shell_company,AML_HIGH,true,low,2024-01-05,2024-05-13,TX00002090|P000615|TX00007239|TX00001531|TX00001479|TX00000796
GT00058,Account,ACC0019526,round_tripping,AML_MEDIUM,true,high,2024-12-02,2025-03-07,P003442|P004530
GT00059,Account,ACC0127128,false_invoice,AML_HIGH,true,low,2025-06-29,,TX00006051|TX00008728|TX00005573|TX00003020
GT00060,Account,ACC0020080,structuring,AML_HIGH,true,high,2025-06-07,,TX00004038|P003207|TX00006199
GT00061,Account,ACC0142806,round_tripping,FRAUD_HIGH,true,high,2023-04-24,2023-05-06,TX00008241|TX00009733|TX00006226|TX00000852|TX00009321
GT00062,Person,P023851,false_invoice,AML_MEDIUM,true,critical,2022-01-21,,P001486|TX00008068|TX00009860|P001926
GT00063,Person,P098550,normal,NORMAL,false,info,2022-11-16,2023-04-13,TX00000122|P002970
GT00064,Account,ACC0004998,smurfing,AML_LOW,true,critical,2024-08-08,,P002430|TX00007237|TX00005287|TX00005545|P002734
GT00065,Person,P072486,round_tripping,FRAUD_MEDIUM,true,critical,2023-10-21,2024-01-10,TX00002011|P004112|TX00009145|TX00006392|P003274
GT00066,Person,P060488,shell_company,AML_MEDIUM,true,medium,2024-09-06,2025-03-01,P004802|TX00009805|P000257
GT00067,Account,ACC0094169,false_invoice,FRAUD_HIGH,true,medium,2025-11-07,2026-01-01,P001022|TX00006276|P003171
GT00068,Person,P093082,smurfing,AML_HIGH,true,high,2023-11-10,2023-11-29,TX00002870|TX00001668|TX00009061
GT00069,Person,P035934,normal,NORMAL,false,info,2023-09-06,2023-11-09,TX00005892|P004595
GT00070,Account,ACC0102905,layering,AML_HIGH,true,critical,2023-02-24,,P001484|P000505|TX00000889|TX00006252|P003868
GT00071,Account,ACC0083024,normal,NORMAL,false,info,2024-03-29,,P000115|TX00001788|TX00009452|TX00000304|P001792|TX00009039|TX00005133|TX00002825
GT00072,Account,ACC0115422,round_tripping,AML_MEDIUM,true,low,2022-04-24,2022-08-22,TX00009495|TX00005385|TX00007094|TX00007664|P002950
GT00073,Person,P087600,shell_company,AML_MEDIUM,true,low,2024-05-18,,P003789|TX00004821|P002817
GT00074,Person,P053398,rapid_movement,AML_LOW,true,medium,2025-05-14,,TX00003356|TX00000497|TX00006027|TX00002938
GT00075,Person,P043858,false_invoice,FRAUD_MEDIUM,true,critical,2025-10-26,2025-12-30,TX00009541|P002669|P003876|TX00006001
GT00076,Account,ACC0033881,round_tripping,FRAUD_MEDIUM,true,low,2025-04-06,,TX00004733|TX00000788|TX00002572|TX00004361
GT00077,Account,ACC0009384,normal,NORMAL,false,info,2024-10-21,2025-02-16,TX00007853|P003363|P004383|TX00007569|P002775|TX00007322
GT00078,Person,P086401,layering,FRAUD_MEDIUM,true,critical,2025-11-29,,TX00002143|TX00002202|P002207
GT00079,Person,P019861,smurfing,AML_HIGH,true,low,2025-02-26,2025-05-11,TX00004695|TX00000158|TX00004807|P000308
GT00080,Person,P055999,layering,AML_HIGH,true,medium,2024-02-24,,TX00001110|TX00000435|TX00008415|TX00006640|P003412|TX00005183
GT00081,Person,P071528,layering,AML_MEDIUM,true,critical,2025-10-26,2026-01-01,TX00006564|TX00003368|TX00003419|P001951|P000864|P000138|P003829
GT00082,Company,C08831,round_tripping,AML_HIGH,true,critical,2023-04-11,,TX00009528|TX00003533
GT00083,Account,ACC0092038,normal,NORMAL,false,info,2023-12-27,2024-03-11,TX00009501|P002313|TX00007989|P002164|TX00000921|P002996|P001098
GT00084,Account,ACC0076055,layering,AML_MEDIUM,true,critical,2025-10-13,2026-01-01,TX00003979|TX00009200|TX00001892|TX00005704|TX00002470
GT00085,Account,ACC0132627,layering,AML_LOW,true,high,2023-10-04,2024-01-11,TX00006187|TX00007068
GT00086,Account,ACC0136843,rapid_movement,FRAUD_HIGH,true,medium,2025-02-26,2025-03-05,TX00009612|TX00002522|TX00006384|P002850|P002456|P004954|P003880|TX00006003
GT00087,Account,ACC0048502,structuring,FRAUD_HIGH,true,high,2023-04-04,2023-07-10,TX00004764|TX00004971|P004913|TX00004490|TX00003418|TX00001565
GT00088,Person,P014821,normal,NORMAL,false,info,2023-09-02,2023-09-14,TX00004103|TX00008683|TX00005776|TX00000816|TX00007952
GT00089,Account,ACC0006407,normal,NORMAL,false,info,2022-01-21,2022-02-16,TX00004319|TX00005056|TX00001491
GT00090,Account,ACC0088519,smurfing,AML_HIGH,true,medium,2022-07-11,,P003054|P002063|P003089|TX00002216|TX00002666|P004134
GT00091,Company,C00833,rapid_movement,FRAUD_HIGH,true,medium,2022-12-08,,TX00008666|TX00006352
GT00092,Account,ACC0034324,shell_company,FRAUD_HIGH,true,medium,2022-08-28,,TX00007133|TX00002570|TX00007320|TX00008486|P004635|TX00000301
GT00093,Person,P039354,structuring,FRAUD_HIGH,true,high,2025-12-15,2026-01-01,TX00006895|TX00008403|TX00009188|P003008|P003209|TX00000924|P002828
GT00094,Account,ACC0008477,layering,AML_HIGH,true,critical,2023-04-26,2023-06-02,P000091|P000654|P001171|P003047
GT00095,Person,P048723,layering,AML_HIGH,true,low,2025-08-18,,P001651|P002674|TX00002315|P004440|TX00001741|TX00007732
GT00096,Account,ACC0034833,layering,AML_LOW,true,medium,2022-04-08,,P002249|TX00003778|TX00006358|TX00003815
GT00097,Account,ACC0133023,smurfing,AML_HIGH,true,low,2023-10-02,2023-11-15,TX00006184|TX00008410|TX00005506
GT00098,Account,ACC0143599,structuring,AML_HIGH,true,critical,2023-07-18,2023-09-14,TX00008727|TX00006538|TX00007155
GT00099,Account,ACC0049169,normal,NORMAL,false,info,2025-09-30,2026-01-01,TX00002031|TX00009264|TX00000755|TX00006876|TX00007267
GT00100,Person,P056143,round_tripping,AML_MEDIUM,true,low,2022-05-27,2022-08-13,P001048|TX00004758|P003187|TX00004606
GT00101,Person,P064290,rapid_movement,AML_LOW,true,high,2023-08-03,2023-12-12,P004996|TX00001220|TX00004106|TX00000530|P002310|TX00001902|P002376
GT00102,Person,P093712,smurfing,AML_HIGH,true,medium,2025-07-28,2025-09-12,P000118|P003949|TX00003525|TX00003582|P001297|P003530
GT00103,Account,ACC0122409,structuring,FRAUD_MEDIUM,true,high,2024-01-22,2024-02-08,TX00001992|TX00001846|P002100|TX00006845|TX00003198|TX00006377|TX00006499
GT00104,Company,C07415,smurfing,FRAUD_HIGH,true,high,2024-08-18,2024-11-15,TX00004480|P001034
GT00105,Account,ACC0087062,normal,NORMAL,false,info,2023-02-28,,TX00000718|P003752
GT00106,Account,ACC0014937,normal,NORMAL,false,info,2023-04-27,2023-05-14,P001212|TX00003282|TX00007616|TX00006166|TX00002728
GT00107,Person,P024781,rapid_movement,FRAUD_MEDIUM,true,critical,2023-02-22,,TX00001920|TX00009692|TX00005917
GT00108,Account,ACC0063385,false_invoice,FRAUD_HIGH,true,high,2022-05-29,2022-07-13,TX00004690|P003360|P003578|TX00009587|P003262
GT00109,Account,ACC0044968,round_tripping,AML_HIGH,true,low,2023-03-16,,P001193|TX00004967|P000406|TX00003776
GT00110,Person,P043931,smurfing,AML_LOW,true,medium,2022-12-22,,TX00000632|TX00008843|TX00007290|TX00001798|TX00001182|TX00003508|TX00000234|TX00002805
GT00111,Account,ACC0057385,shell_company,AML_LOW,true,high,2023-09-21,2023-12-25,TX00002290|P000231
GT00112,Account,ACC0068573,false_invoice,AML_HIGH,true,critical,2024-06-06,,TX00004714|TX00002671|TX00000550|TX00005485|P003642|P001185|TX00008133
GT00113,Account,ACC0104966,structuring,AML_HIGH,true,high,2022-08-05,,TX00002246|TX00008949|TX00003194|TX00000651|TX00007572|TX00005331
GT00114,Person,P043889,normal,NORMAL,false,info,2022-04-29,2022-08-03,TX00008786|TX00000165|TX00009677
GT00115,Account,ACC0113757,shell_company,AML_MEDIUM,true,critical,2024-06-28,2024-09-25,TX00008636|TX00008989|P002277|P001115|TX00000506
GT00116,Account,ACC0138970,normal,NORMAL,false,info,2023-12-06,,TX00001769|TX00005615|TX00003204
GT00117,Account,ACC0001487,normal,NORMAL,false,info,2022-02-06,,P004415|TX00006048|TX00000170|P003793|P001793|TX00008217|TX00004409
GT00118,Account,ACC0022490,layering,FRAUD_MEDIUM,true,critical,2025-02-02,2025-04-05,TX00003369|TX00006239
GT00119,Person,P037384,normal,NORMAL,false,info,2023-08-12,,P004168|TX00006975|TX00005269|TX00005930|P003800|P002575|P001280
GT00120,Account,ACC0070072,shell_company,AML_HIGH,true,low,2023-02-13,2023-03-13,TX00006170|TX00005757|TX00000645|P002713|P002153|TX00001887
GT00121,Account,ACC0147442,layering,AML_HIGH,true,critical,2023-06-20,2023-07-08,TX00003688|TX00005840|P000175|P004072|TX00009542
GT00122,Account,ACC0053494,structuring,FRAUD_HIGH,true,medium,2025-08-20,,TX00004930|TX00002212
GT00123,Person,P010530,smurfing,FRAUD_HIGH,true,medium,2025-08-07,,TX00000842|TX00000718|P002942|TX00008477|TX00007465
GT00124,Company,C09055,normal,NORMAL,false,info,2025-11-13,,TX00001301|TX00003154|TX00003678|TX00006551|TX00009588|P002073|TX00005192|TX00005614
GT00125,Person,P048114,structuring,AML_LOW,true,high,2025-12-20,2026-01-01,TX00004654|TX00002581|TX00008754|P004186|P000738|TX00009092
GT00126,Person,P082627,rapid_movement,FRAUD_HIGH,true,critical,2025-05-28,2025-06-14,TX00001334|TX00006952|TX00001877|TX00001177|TX00001684
GT00127,Person,P021527,shell_company,AML_LOW,true,critical,2025-12-19,2026-01-01,TX00007345|TX00003330|TX00003862|TX00001728|TX00002738|TX00000002
GT00128,Account,ACC0088648,smurfing,FRAUD_MEDIUM,true,low,2025-09-27,2025-12-25,TX00003927|P001708|TX00006092|TX00000658|TX00001003|P001221|P004019
GT00129,Account,ACC0082828,normal,NORMAL,false,info,2025-03-14,,TX00006281|P001485|TX00001350|P001672|TX00009847
GT00130,Person,P078184,false_invoice,AML_LOW,true,low,2024-12-28,2025-06-06,P001821|TX00003290|P003857|TX00001628|P002928|TX00002257
GT00131,Account,ACC0035444,layering,AML_MEDIUM,true,low,2024-10-17,2025-02-22,P000313|TX00005371|TX00000973|P002288|TX00007337
GT00132,Account,ACC0138636,round_tripping,AML_MEDIUM,true,high,2025-03-26,2025-06-07,P003313|TX00009781|P002350|TX00001315|TX00009066|P002660|TX00000613|P003322
GT00133,Account,ACC0022294,smurfing,AML_HIGH,true,medium,2023-01-13,2023-02-19,P000068|P002222|TX00005465|TX00007091|TX00004919|TX00007897|TX00009907|TX00006897
GT00134,Account,ACC0130288,normal,NORMAL,false,info,2025-05-18,,TX00006770|TX00008663|P001035|TX00007583|TX00005962|TX00001512|TX00000736|P004592
GT00135,Person,P084888,normal,NORMAL,false,info,2022-09-05,2022-09-15,TX00002806|TX00007953|TX00007675|TX00005509
GT00136,Person,P056118,normal,NORMAL,false,info,2025-12-05,,TX00005372|TX00003952|P002717|TX00008307
GT00137,Person,P002407,shell_company,AML_LOW,true,high,2025-04-18,2025-08-08,P001439|TX00003843|P003175|TX00006567
GT00138,Account,ACC0030057,normal,NORMAL,false,info,2023-04-04,2023-08-20,TX00007485|TX00007215|P003657|P002692|TX00009105|P001875|TX00009729
GT00139,Account,ACC0073432,smurfing,FRAUD_MEDIUM,true,high,2023-09-26,,TX00005859|P001280|TX00008192|TX00007322
GT00140,Account,ACC0111006,false_invoice,AML_MEDIUM,true,high,2023-09-13,,P003905|TX00009023|P002490|TX00002091|P004911
GT00141,Account,ACC0126234,shell_company,AML_LOW,true,critical,2023-09-21,2023-10-26,P004146|P003160|P002439|P003394
GT00142,Account,ACC0014656,false_invoice,FRAUD_MEDIUM,true,medium,2022-12-24,2023-02-07,TX00001329|TX00007683|TX00001523|P001158|P004546|TX00008287|TX00009041
GT00143,Person,P070834,smurfing,AML_HIGH,true,low,2023-11-07,2024-01-19,TX00001940|TX00001469
GT00144,Account,ACC0062359,shell_company,AML_HIGH,true,high,2023-07-06,2023-10-22,P001632|TX00009587|P001158
GT00145,Account,ACC0065068,rapid_movement,FRAUD_HIGH,true,medium,2023-02-22,,TX00006126|P002697|TX00008000|TX00005900|TX00005779|TX00003391|TX00006801
GT00146,Account,ACC0122057,layering,FRAUD_MEDIUM,true,critical,2025-11-11,2025-12-09,P000679|TX00003667|P000292|P002538|P002425|P000678
GT00147,Account,ACC0039556,normal,NORMAL,false,info,2024-09-27,2025-02-13,P002532|P003926|TX00003017|P000314|TX00007577|TX00006886|P001254
GT00148,Account,ACC0083824,smurfing,FRAUD_HIGH,true,critical,2025-10-06,,TX00009184|TX00000562|P000189|TX00009548
GT00149,Account,ACC0064009,layering,AML_MEDIUM,true,medium,2024-12-01,,P003041|TX00005049|TX00002588
GT00150,Person,P094931,rapid_movement,AML_LOW,true,medium,2023-02-19,,TX00002182|P001794|P000929|P002288|P001930|TX00003685|P000332
GT00151,Account,ACC0110451,layering,AML_HIGH,true,medium,2025-09-07,,P003461|TX00000224|P003622|P000100|TX00003934|P000724|TX00004323
GT00152,Person,P067623,round_tripping,FRAUD_HIGH,true,high,2025-01-27,,P001049|TX00006563|TX00000506|P000548
GT00153,Account,ACC0143931,rapid_movement,AML_HIGH,true,low,2023-12-20,2024-06-15,TX00003964|TX00003730|P001233|TX00003461|TX00000941|P003415
GT00154,Account,ACC0086558,layering,AML_LOW,true,medium,2024-07-07,2024-10-10,P002159|TX00001134|TX00001642|P004729|P002170|TX00002601|TX00005500
GT00155,Company,C05335,round_tripping,AML_MEDIUM,true,low,2022-02-21,2022-06-28,P001493|TX00009612|TX00008297|TX00009371
GT00156,Account,ACC0057926,smurfing,AML_HIGH,true,low,2022-11-09,2023-05-01,P002178|TX00009288|TX00002549
GT00157,Person,P033234,rapid_movement,FRAUD_MEDIUM,true,high,2023-06-11,,P003389|TX00008367
GT00158,Person,P005801,structuring,AML_LOW,true,high,2025-03-05,2025-03-23,TX00007074|P003844|P002101|TX00006520|TX00005974|TX00007328
GT00159,Account,ACC0059510,normal,NORMAL,false,info,2023-12-10,2024-01-04,P001216|TX00005166
GT00160,Person,P060688,false_invoice,FRAUD_HIGH,true,high,2025-05-19,,P002971|TX00009888|TX00007575|TX00004385|P001165|TX00004278|TX00002338|P003955
GT00161,Account,ACC0011104,structuring,AML_MEDIUM,true,low,2024-03-07,2024-05-01,TX00008358|P003307|P001461|TX00000481|TX00007937|TX00000188|TX00009408
GT00162,Company,C00012,shell_company,FRAUD_MEDIUM,true,high,2025-02-12,2025-07-04,TX00007107|P004001|P004731|TX00003019|TX00002014
GT00163,Account,ACC0089140,rapid_movement,AML_LOW,true,high,2025-04-22,,TX00000518|TX00006183|TX00008026|P000188|TX00006526|P001957|P001203|TX00001516
GT00164,Account,ACC0069971,smurfing,AML_LOW,true,high,2022-06-11,2022-09-04,TX00001591|TX00005923|P004518|P002063|TX00009417|TX00008459
GT00165,Person,P045197,normal,NORMAL,false,info,2024-05-09,2024-08-09,TX00007465|P001421|TX00006682|P001077
GT00166,Account,ACC0062073,layering,AML_HIGH,true,critical,2024-04-17,2024-08-18,TX00001801|TX00001429|TX00006984|TX00000427|TX00000278|TX00009957|TX00003506|TX00003731
GT00167,Person,P012468,round_tripping,FRAUD_HIGH,true,critical,2025-05-17,,TX00005813|TX00005352|TX00005270|P003900|TX00001896
GT00168,Account,ACC0039899,structuring,AML_LOW,true,low,2022-06-23,,TX00003894|TX00009094|TX00005275|P001076
GT00169,Person,P031029,normal,NORMAL,false,info,2025-06-17,2025-09-25,TX00005928|TX00006889|P000773|TX00004614|TX00004848
GT00170,Account,ACC0147241,false_invoice,AML_MEDIUM,true,high,2024-06-04,2024-10-13,TX00000025|TX00009361|TX00006497|TX00002495|P001087|P004964
GT00171,Person,P074985,structuring,FRAUD_HIGH,true,medium,2024-08-12,2024-08-22,TX00008545|TX00000062|TX00005511|P001473|TX00000051
GT00172,Account,ACC0038247,normal,NORMAL,false,info,2025-06-22,2025-10-07,P004805|TX00008529|TX00001754|TX00009479
GT00173,Account,ACC0094616,smurfing,AML_HIGH,true,critical,2022-11-26,,TX00003219|P001399|TX00003495|P000276|TX00004626|TX00000401|P000673
GT00174,Account,ACC0137616,normal,NORMAL,false,info,2022-03-18,,TX00007482|P001520|P004359|TX00009371|TX00004371|P004964
GT00175,Person,P061343,normal,NORMAL,false,info,2023-08-06,2023-09-01,P000518|P004514|TX00007277|TX00008691|P002689|P002215|P002475|P001618
GT00176,Person,P014442,shell_company,AML_MEDIUM,true,high,2024-05-07,2024-09-28,P000468|TX00004668|TX00000999|P001189|P003055
GT00177,Account,ACC0097593,smurfing,AML_HIGH,true,low,2022-07-11,2022-10-19,P002877|TX00005748|TX00002932|TX00000339|TX00001189|TX00009303
GT00178,Person,P036587,structuring,AML_MEDIUM,true,critical,2025-07-23,2025-10-04,TX00002935|TX00005958|P003764|TX00006355|P004851|P002601|TX00002018|TX00000297
GT00179,Account,ACC0146341,shell_company,FRAUD_HIGH,true,medium,2024-11-30,2024-12-22,TX00006167|TX00004363|TX00001910|TX00004811|TX00000284
GT00180,Account,ACC0016978,round_tripping,AML_LOW,true,low,2025-11-23,2026-01-01,TX00007157|TX00008329|TX00003994|TX00008632|TX00006968
GT00181,Company,C08545,structuring,FRAUD_HIGH,true,critical,2025-01-27,,P004743|TX00008827|P000798|P000195|P001484|TX00009247
GT00182,Person,P047074,normal,NORMAL,false,info,2024-08-04,2024-11-01,TX00008112|TX00000626|P001226|TX00001613|TX00001758|TX00006466
GT00183,Account,ACC0012725,normal,NORMAL,false,info,2025-03-25,2025-06-19,P004506|TX00009467|TX00001366|TX00002957
GT00184,Person,P023957,normal,NORMAL,false,info,2023-03-17,,TX00001258|TX00004988|TX00006435|TX00008906|P003060|P004840|TX00007614
GT00185,Account,ACC0115887,smurfing,FRAUD_MEDIUM,true,low,2025-03-23,2025-06-04,TX00002866|P002024|P003748|TX00008728|TX00001136|TX00008691|P001884|P004096
GT00186,Person,P090840,layering,AML_HIGH,true,medium,2025-05-31,,TX00003477|TX00002425|TX00003688|TX00001267
GT00187,Account,ACC0066902,shell_company,AML_MEDIUM,true,high,2024-03-08,2024-08-02,TX00005582|P001701|TX00006902|TX00006807|TX00004040|P004306
GT00188,Account,ACC0099820,smurfing,FRAUD_MEDIUM,true,low,2024-04-04,2024-09-16,P002697|TX00007206|TX00001374|TX00006396|P003014
GT00189,Account,ACC0086032,false_invoice,AML_LOW,true,high,2024-10-20,,TX00005150|TX00009669|TX00009385|TX00007858|P003654
GT00190,Account,ACC0092325,rapid_movement,AML_MEDIUM,true,high,2025-03-23,2025-08-29,P004632|P001858|TX00001347|P004070|TX00008810|TX00000673|TX00005583|TX00001248
GT00191,Account,ACC0048575,normal,NORMAL,false,info,2024-04-08,,P000373|TX00007930|TX00009081|TX00003669
GT00192,Account,ACC0100494,round_tripping,AML_HIGH,true,medium,2025-09-09,,P000525|TX00006516|TX00003250
GT00193,Person,P083623,structuring,FRAUD_HIGH,true,medium,2022-09-28,2022-11-28,TX00003779|TX00003781
GT00194,Person,P059106,normal,NORMAL,false,info,2025-06-14,,P004828|TX00007800|P002041|TX00009317
GT00195,Account,ACC0014699,smurfing,FRAUD_HIGH,true,medium,2022-08-16,2022-11-28,TX00004178|TX00008955|P002875|P001367|P001240
GT00196,Account,ACC0118654,shell_company,AML_HIGH,true,high,2024-06-23,,TX00007459|P001367|TX00001555
GT00197,Person,P067219,structuring,AML_LOW,true,critical,2022-01-16,2022-01-29,P001334|TX00009338|TX00002027|TX00000107|P002466|TX00007862
GT00198,Account,ACC0103572,normal,NORMAL,false,info,2024-02-26,2024-08-04,TX00006055|TX00000815|TX00007711|TX00001532
GT00199,Account,ACC0109823,false_invoice,AML_LOW,true,low,2023-07-03,2023-08-29,P004574|TX00006016|TX00004669|P004124
GT00200,Person,P085522,rapid_movement,AML_HIGH,true,low,2023-05-26,2023-08-24,TX00004341|TX00006511|P000936|TX00005256|P003264|P003225
GT00201,Account,ACC0038186,structuring,FRAUD_MEDIUM,true,critical,2022-03-19,,TX00002199|P004974|P002625|TX00008083|TX00000544|TX00002839|TX00003144
GT00202,Company,C05052,smurfing,FRAUD_MEDIUM,true,high,2023-06-29,2023-07-08,TX00002001|P001579|TX00003051|TX00000160
GT00203,Account,ACC0061612,rapid_movement,AML_HIGH,true,medium,2024-12-05,2025-02-19,P000802|TX00001058|TX00000137|TX00006857|TX00003705|TX00004338
GT00204,Account,ACC0129448,structuring,AML_MEDIUM,true,low,2023-01-23,2023-02-28,TX00001205|TX00001750|TX00007435
GT00205,Person,P063882,structuring,AML_HIGH,true,low,2023-12-21,,TX00001142|TX00007465|TX00001272|TX00004309|TX00003461|TX00005958|TX00001170|P003825
GT00206,Account,ACC0008708,normal,NORMAL,false,info,2024-12-08,2024-12-15,TX00007677|TX00009027|TX00001695|TX00002946|TX00006476|TX00008680|TX00009602|P004085
GT00207,Account,ACC0051341,shell_company,AML_MEDIUM,true,high,2024-06-12,2024-06-20,TX00004368|P002704
GT00208,Person,P085794,smurfing,FRAUD_HIGH,true,critical,2024-02-04,2024-03-12,TX00004115|TX00007140|P002815|P004924|TX00000528|TX00007724|TX00009499|TX00003083
GT00209,Person,P037177,normal,NORMAL,false,info,2022-07-05,2022-10-19,P003110|P001552|P002941
GT00210,Account,ACC0018984,round_tripping,FRAUD_MEDIUM,true,critical,2022-01-17,2022-06-12,TX00000410|P003399|TX00003428|TX00002739|TX00003974|P001079|P003149
GT00211,Person,P087829,normal,NORMAL,false,info,2024-06-04,,TX00005263|TX00007750
GT00212,Account,ACC0013762,false_invoice,FRAUD_HIGH,true,high,2025-03-12,,TX00005628|P003947|P003810|P004329
GT00213,Account,ACC0009999,false_invoice,AML_HIGH,true,critical,2023-02-03,,TX00007484|P003781|TX00007130|P000590
GT00214,Person,P046813,smurfing,FRAUD_HIGH,true,medium,2022-09-01,2022-10-04,TX00004713|P000706
GT00215,Person,P059107,shell_company,AML_HIGH,true,medium,2022-08-21,2022-12-09,TX00004339|TX00001140|TX00002897|TX00003909|P000690|TX00007329|TX00009839
GT00216,Account,ACC0039451,normal,NORMAL,false,info,2023-11-15,2024-02-25,TX00007313|TX00008476
GT00217,Account,ACC0015029,layering,FRAUD_MEDIUM,true,high,2023-01-28,2023-05-17,TX00004993|TX00005007|TX00002499|TX00006591|TX00004958|TX00004799|TX00003186|TX00004488
GT00218,Person,P021761,structuring,AML_MEDIUM,true,medium,2022-09-01,2022-12-26,TX00002225|TX00006136|TX00009888|TX00006669|TX00006387
GT00219,Person,P089104,layering,AML_HIGH,true,medium,2025-02-09,2025-02-21,TX00007631|TX00002333|TX00006275|TX00005905|TX00005415|P002216
GT00220,Account,ACC0095257,normal,NORMAL,false,info,2023-06-06,2023-10-12,TX00001321|TX00009194|P001479|P000233|TX00004396|TX00010000|TX00006145
GT00221,Account,ACC0074906,normal,NORMAL,false,info,2024-12-18,2025-04-20,TX00006703|TX00009126
GT00222,Person,P047600,smurfing,AML_HIGH,true,critical,2025-10-11,,TX00008629|P004406
GT00223,Person,P020842,rapid_movement,FRAUD_HIGH,true,critical,2023-05-01,2023-06-01,TX00005824|TX00006233|TX00007796|TX00008316|P003130|TX00008101|P003038
GT00224,Account,ACC0002593,shell_company,AML_LOW,true,low,2022-10-30,2023-02-26,P004722|TX00000692
GT00225,Account,ACC0115980,normal,NORMAL,false,info,2025-11-28,2026-01-01,TX00008876|P000258
GT00226,Person,P028103,false_invoice,AML_HIGH,true,low,2022-08-09,2022-12-13,TX00007186|P002302|P002675|TX00003610|TX00005043|P001762|TX00008290
GT00227,Account,ACC0141083,normal,NORMAL,false,info,2023-06-08,2023-08-20,TX00003486|TX00004728|TX00009456|TX00000178|P001441|TX00004682|TX00005561
GT00228,Account,ACC0126380,false_invoice,AML_HIGH,true,medium,2024-08-14,2024-10-05,TX00002935|TX00007057|TX00007074|TX00000415|P002506|P004884|P001548|TX00001796
GT00229,Account,ACC0021759,shell_company,AML_LOW,true,medium,2022-02-11,2022-04-20,TX00007873|P000964|P003252|P000193|TX00009150|P001028|TX00000565|TX00001083
GT00230,Person,P015782,normal,NORMAL,false,info,2025-02-15,2025-06-28,TX00002852|TX00001457|P004566|TX00000995
GT00231,Person,P030861,shell_company,AML_MEDIUM,true,low,2025-05-21,2025-10-24,P001264|P001079|TX00000399|TX00004658|P000093|TX00006697|TX00009430
GT00232,Person,P078043,structuring,AML_MEDIUM,true,low,2024-08-18,,TX00000085|TX00007229
GT00233,Account,ACC0072476,layering,FRAUD_MEDIUM,true,medium,2022-07-16,,P003344|TX00008335|TX00003676|P003584|TX00008604|TX00003584
GT00234,Account,ACC0040603,normal,NORMAL,false,info,2025-03-22,2025-05-23,TX00007154|TX00005007|TX00001270|P004006|TX00004993|TX00004361|TX00001717
GT00235,Account,ACC0026052,round_tripping,FRAUD_HIGH,true,low,2023-12-11,2024-01-15,TX00006997|TX00004970|TX00007447
GT00236,Person,P082423,layering,FRAUD_HIGH,true,medium,2024-11-10,2025-01-21,TX00004652|TX00000906
GT00237,Account,ACC0119778,normal,NORMAL,false,info,2024-09-22,,P004155|TX00003675|P002536|TX00004094|P002968|TX00001574|TX00004015|TX00000057
GT00238,Account,ACC0134222,smurfing,FRAUD_HIGH,true,critical,2022-09-20,2022-10-25,TX00009192|TX00000254|TX00004307|P001439
GT00239,Account,ACC0130006,round_tripping,FRAUD_MEDIUM,true,medium,2023-06-25,,P002922|TX00008856|TX00005366|P001547
GT00240,Person,P092101,structuring,FRAUD_HIGH,true,low,2023-10-22,2023-12-17,TX00001571|P003721|TX00009583|TX00002332|TX00005841|TX00008100|TX00003496
GT00241,Person,P096507,layering,FRAUD_HIGH,true,high,2023-01-18,2023-05-02,P003520|TX00006834
GT00242,Account,ACC0082776,structuring,FRAUD_MEDIUM,true,critical,2024-08-24,,TX00005151|TX00007329|TX00004881|P003741|P000370
GT00243,Person,P004702,smurfing,FRAUD_HIGH,true,medium,2023-01-24,2023-03-15,TX00000984|TX00002267
GT00244,Account,ACC0001770,structuring,FRAUD_MEDIUM,true,high,2023-06-16,,P002842|TX00009766|TX00005066|TX00008031|TX00004385|TX00007713|P000788|TX00007273
GT00245,Account,ACC0090401,false_invoice,AML_HIGH,true,medium,2025-02-01,2025-06-19,P002721|P003046|TX00007327|TX00009642|TX00005246|TX00000450|TX00008877|TX00007531
GT00246,Person,P026759,shell_company,FRAUD_MEDIUM,true,critical,2024-02-13,,TX00000311|TX00003033|TX00003598|P001173|TX00008119|P001995|TX00002996
GT00247,Account,ACC0131507,layering,AML_MEDIUM,true,low,2023-09-04,,P002385|TX00004449|P002906|TX00005450|TX00008712|TX00007983|TX00008426|TX00001752
GT00248,Person,P042650,smurfing,AML_MEDIUM,true,critical,2024-09-10,,TX00004430|TX00009615|TX00002797
GT00249,Account,ACC0015230,normal,NORMAL,false,info,2024-03-08,,TX00006189|P001156|TX00005249
GT00250,Account,ACC0007828,structuring,FRAUD_HIGH,true,low,2025-02-13,,P001365|P004102|TX00008910|P000744|TX00006589|TX00003775
GT00251,Account,ACC0109607,smurfing,AML_HIGH,true,critical,2025-01-31,2025-06-21,P001309|TX00005587|TX00003120|TX00009694|TX00005646|TX00003635|TX00004115|TX00008531
GT00252,Account,ACC0040161,normal,NORMAL,false,info,2024-05-07,2024-10-29,TX00001057|P000444|TX00008241|TX00001511|TX00002035|TX00000371
GT00253,Company,C00860,normal,NORMAL,false,info,2022-10-04,2023-02-11,TX00008425|TX00009443|P003298|TX00001094|TX00002121|TX00008665|P002108|TX00006230
GT00254,Account,ACC0137626,rapid_movement,FRAUD_MEDIUM,true,high,2022-09-09,,TX00008446|TX00000273|TX00000171
GT00255,Account,ACC0071078,rapid_movement,AML_MEDIUM,true,medium,2025-07-23,2025-12-19,TX00007227|TX00000998|P001487|TX00003005|P000607|TX00008776|P000177|TX00004038
GT00256,Company,C03457,smurfing,FRAUD_HIGH,true,high,2023-03-20,,P000093|TX00007200|TX00002354|TX00000417|TX00009709|TX00001882|P002701|P000628
GT00257,Account,ACC0054109,normal,NORMAL,false,info,2022-08-05,2022-11-17,P003222|TX00005514|TX00008503|TX00001300
GT00258,Account,ACC0011195,round_tripping,AML_HIGH,true,medium,2025-10-28,2026-01-01,P001769|TX00002122|P004501
GT00259,Person,P025913,structuring,FRAUD_MEDIUM,true,low,2023-01-06,2023-05-19,P001785|TX00008176|P003193
GT00260,Account,ACC0104039,normal,NORMAL,false,info,2025-05-15,2025-08-24,TX00001465|TX00001356|TX00001061|TX00005741|P003854|TX00009655
GT00261,Account,ACC0015182,layering,FRAUD_HIGH,true,high,2024-12-04,2025-02-17,P001322|P003164|P002471
GT00262,Account,ACC0092736,structuring,FRAUD_HIGH,true,critical,2022-09-03,2023-02-11,TX00005889|TX00009737|TX00002785
GT00263,Person,P037061,shell_company,AML_HIGH,true,high,2023-02-16,2023-07-16,TX00007106|TX00008550|P003555|TX00007841|TX00005897|TX00001773
GT00264,Account,ACC0034596,structuring,FRAUD_MEDIUM,true,medium,2023-07-27,,TX00001919|TX00008425|TX00007673|TX00000444|P003063|TX00008154|TX00003972
GT00265,Person,P024684,normal,NORMAL,false,info,2022-05-29,2022-09-03,P000556|TX00009739|TX00000370|P004953|P004923|P000315|TX00002195
GT00266,Account,ACC0083336,structuring,AML_LOW,true,high,2022-08-10,2023-01-14,TX00003472|TX00007314|P004036|TX00002121|TX00004846|P001798|P001253|P002546
GT00267,Account,ACC0024842,round_tripping,FRAUD_MEDIUM,true,low,2024-07-27,2024-12-03,TX00001235|TX00005096|TX00000345|P001937|TX00001427|P004027
GT00268,Account,ACC0105628,smurfing,FRAUD_HIGH,true,medium,2025-02-14,2025-05-28,P004896|TX00008910|TX00008125|TX00000350|P003982|P000139|P002484
GT00269,Account,ACC0091219,normal,NORMAL,false,info,2022-12-24,2023-01-15,TX00001276|TX00008005|TX00002445|TX00002335|TX00006680
GT00270,Account,ACC0082696,normal,NORMAL,false,info,2023-08-22,,P002201|TX00005629
GT00271,Account,ACC0011970,round_tripping,AML_MEDIUM,true,low,2022-06-14,2022-11-30,TX00003696|P002861|P002175|P002904|P003351
GT00272,Account,ACC0016478,structuring,AML_HIGH,true,medium,2024-10-01,,TX00005615|TX00005235|TX00004130|P002731|TX00008964|P000985|P003440|TX00007232
GT00273,Person,P090738,layering,AML_LOW,true,medium,2024-06-12,,TX00009552|P003157
GT00274,Account,ACC0054098,normal,NORMAL,false,info,2022-03-26,,TX00005558|TX00009257|TX00007443|P002827|P000514|TX00005749|P000124
GT00275,Company,C07270,false_invoice,FRAUD_HIGH,true,low,2023-05-09,,TX00006633|P001864|P000527
GT00276,Account,ACC0044390,normal,NORMAL,false,info,2023-03-18,,TX00006008|P002759|TX00008051
GT00277,Account,ACC0064880,normal,NORMAL,false,info,2024-10-17,2025-03-15,TX00000625|P002404|P003299|TX00001149|TX00003591|TX00000030|TX00000456
GT00278,Account,ACC0110819,normal,NORMAL,false,info,2022-11-10,2022-11-21,TX00007660|TX00001774|TX00009995|P000448|TX00007000|TX00002195|TX00001663
GT00279,Account,ACC0073865,normal,NORMAL,false,info,2023-05-28,2023-09-01,TX00008478|P001149|P001669|P004940
GT00280,Person,P018962,smurfing,AML_HIGH,true,critical,2025-09-06,2025-11-15,P001879|TX00002235|TX00004093|TX00004088|P001436
GT00281,Person,P000910,structuring,FRAUD_MEDIUM,true,low,2024-02-02,,TX00000186|TX00005133
GT00282,Company,C06996,round_tripping,AML_MEDIUM,true,critical,2024-02-07,,TX00006183|TX00005933|P004959|TX00009173|P002591|TX00006989
GT00283,Account,ACC0120997,rapid_movement,FRAUD_MEDIUM,true,critical,2024-10-29,,P003950|P001825
GT00284,Account,ACC0131743,false_invoice,AML_MEDIUM,true,low,2024-08-15,,TX00000447|P004097
GT00285,Person,P072537,layering,AML_HIGH,true,medium,2024-05-10,2024-10-07,TX00006830|P003019
GT00286,Person,P036950,shell_company,AML_MEDIUM,true,low,2023-02-03,2023-03-27,TX00002079|TX00001134|P002132|P004647|TX00006917
GT00287,Account,ACC0061741,structuring,FRAUD_MEDIUM,true,high,2022-06-28,2022-11-08,P001663|TX00006548|TX00003131|TX00005496
GT00288,Account,ACC0104277,rapid_movement,AML_LOW,true,medium,2023-11-11,,TX00003896|P004854|TX00003626|P000512
GT00289,Company,C04254,false_invoice,AML_LOW,true,low,2025-09-25,2026-01-01,TX00002869|TX00006030
GT00290,Person,P019096,smurfing,AML_HIGH,true,low,2023-01-11,,TX00001163|TX00000676|TX00001425|TX00005509|TX00004457
GT00291,Account,ACC0008117,structuring,FRAUD_HIGH,true,high,2022-11-30,2022-12-25,TX00004185|P000095
GT00292,Account,ACC0057117,false_invoice,AML_LOW,true,low,2023-03-21,2023-03-29,TX00004329|TX00001695|TX00006646
GT00293,Person,P027513,structuring,FRAUD_HIGH,true,medium,2023-04-22,2023-06-09,P002030|TX00000751|TX00003783|TX00008344|P003299|TX00004359|TX00001326|TX00004107
GT00294,Person,P048535,layering,AML_LOW,true,medium,2024-06-17,2024-06-29,P000905|TX00001795|TX00005895|TX00005116|P000263
GT00295,Account,ACC0040994,layering,AML_MEDIUM,true,medium,2025-09-27,2025-11-24,TX00003617|P000118|TX00002847|P003952|P003770
GT00296,Person,P033623,structuring,FRAUD_HIGH,true,critical,2024-03-16,,P002286|TX00007616|TX00000904|TX00007817|P001552
GT00297,Person,P080160,false_invoice,FRAUD_MEDIUM,true,critical,2025-04-13,,P001365|P003606|P001169|P002055|TX00004145|TX00002084
GT00298,Person,P034906,normal,NORMAL,false,info,2023-12-08,2024-01-09,TX00009244|TX00003242|P002697
GT00299,Account,ACC0002555,smurfing,AML_HIGH,true,medium,2022-05-14,2022-11-03,TX00001859|TX00004672|P000340|P003113|TX00002525|TX00008003|TX00002731|P003612
GT00300,Account,ACC0114781,normal,NORMAL,false,info,2022-06-28,,P004951|TX00006062|P004453|TX00003771|TX00002934|P000730|TX00008469
GT00301,Person,P075705,smurfing,FRAUD_MEDIUM,true,critical,2025-12-11,,P002604|P002287|P001825|TX00005873|TX00006747|P002992
GT00302,Person,P088478,rapid_movement,AML_MEDIUM,true,critical,2023-03-23,2023-08-07,TX00004505|TX00000095|TX00009416|TX00004244|TX00007886|TX00007151|TX00008758|P001417
GT00303,Account,ACC0052797,smurfing,AML_LOW,true,high,2024-12-26,2025-01-07,TX00001269|P004624|TX00002595|TX00002703
GT00304,Account,ACC0021207,structuring,FRAUD_MEDIUM,true,critical,2024-08-05,,P002697|TX00003600|TX00000447|TX00008551|P004703|P001775|TX00002184|TX00005648
GT00305,Person,P048364,normal,NORMAL,false,info,2025-05-27,,P000482|P002183|P004345|TX00003307
GT00306,Account,ACC0036020,normal,NORMAL,false,info,2022-04-25,,TX00008678|TX00002396
GT00307,Person,P080009,round_tripping,AML_LOW,true,critical,2025-06-21,,TX00004790|P002700|TX00009779|TX00009264|TX00002792|TX00001270
GT00308,Account,ACC0073904,structuring,FRAUD_HIGH,true,high,2024-02-09,2024-04-11,TX00003692|TX00007281|P000482|TX00005114|TX00004322|TX00005314|TX00000268|P000126
GT00309,Account,ACC0078096,smurfing,AML_MEDIUM,true,low,2023-01-28,,TX00008708|TX00005214|TX00003792|TX00002842|P001491
GT00310,Person,P098147,rapid_movement,FRAUD_MEDIUM,true,high,2023-12-24,,TX00007496|P002316
GT00311,Account,ACC0013485,normal,NORMAL,false,info,2022-04-18,,TX00007668|TX00005758|P003603|TX00001651|TX00003210|TX00007354|TX00001428
GT00312,Account,ACC0041371,normal,NORMAL,false,info,2023-11-21,,P002360|TX00001630|P001306
GT00313,Person,P025691,rapid_movement,FRAUD_MEDIUM,true,low,2022-02-24,,P003302|TX00009611
GT00314,Account,ACC0091879,layering,FRAUD_MEDIUM,true,low,2024-03-28,,P002779|P003915|P003665|TX00001088|TX00001497|TX00006012|TX00009873
GT00315,Account,ACC0015541,rapid_movement,FRAUD_HIGH,true,medium,2022-01-12,,P001997|TX00008039|TX00000548|TX00004581|P002786
GT00316,Person,P003762,false_invoice,FRAUD_HIGH,true,high,2023-03-03,2023-04-01,P003524|P000550|TX00007937|TX00008031
GT00317,Account,ACC0133362,round_tripping,FRAUD_HIGH,true,medium,2022-03-31,2022-07-22,TX00001229|TX00007608|TX00005586|TX00007471|P003460|TX00000504|TX00002227
GT00318,Person,P019842,normal,NORMAL,false,info,2022-11-12,2023-01-05,TX00001611|TX00000186
GT00319,Person,P062793,normal,NORMAL,false,info,2025-12-09,,TX00001974|P004849|TX00009455|TX00007519
GT00320,Account,ACC0079813,normal,NORMAL,false,info,2022-07-13,2023-01-01,TX00004112|TX00008645
GT00321,Account,ACC0129054,round_tripping,FRAUD_MEDIUM,true,medium,2025-04-05,2025-08-04,TX00001685|TX00002288|TX00003994
GT00322,Person,P008657,structuring,AML_HIGH,true,critical,2025-04-06,2025-04-13,P004810|TX00002614
GT00323,Person,P046935,rapid_movement,FRAUD_HIGH,true,low,2023-06-21,,P001107|P003405
GT00324,Person,P051872,layering,AML_LOW,true,critical,2022-09-25,2022-12-29,TX00005965|P002705|P001419
GT00325,Account,ACC0006142,layering,AML_LOW,true,low,2025-10-10,2025-10-29,P000309|TX00004702|TX00004600|P003875|TX00001302|TX00002332
GT00326,Account,ACC0097417,normal,NORMAL,false,info,2022-10-19,,TX00008523|TX00007829|TX00009962|P002098
GT00327,Account,ACC0119947,normal,NORMAL,false,info,2023-09-30,,TX00004968|TX00000770|TX00001856|P000757|TX00006030
GT00328,Account,ACC0088457,shell_company,AML_MEDIUM,true,critical,2023-07-01,2023-09-25,TX00009426|TX00002959|P003831|P003709|P000161|TX00007431|TX00004056
GT00329,Account,ACC0003588,structuring,FRAUD_MEDIUM,true,critical,2023-10-16,2023-11-25,TX00003808|P001273|TX00000732|TX00008409|TX00006932
GT00330,Person,P059618,structuring,FRAUD_HIGH,true,high,2023-03-27,2023-08-11,P003645|TX00003742
GT00331,Person,P051215,rapid_movement,AML_HIGH,true,low,2024-06-26,,TX00007459|P002957|P003478|P000418|TX00002379|TX00007016
GT00332,Person,P022211,normal,NORMAL,false,info,2025-05-26,2025-08-29,TX00004019|TX00002315|P003895|TX00004911
GT00333,Account,ACC0124976,normal,NORMAL,false,info,2025-05-13,2025-06-01,P003443|TX00001170|TX00003739|TX00004900|P003365|TX00008252|P001249|P002553
GT00334,Person,P060683,normal,NORMAL,false,info,2022-08-06,,TX00006495|P002138|TX00005889|TX00006941|TX00007306|TX00006505|TX00003395|TX00001829
GT00335,Person,P085325,smurfing,AML_LOW,true,low,2022-11-05,,TX00002920|P004635
GT00336,Person,P081531,rapid_movement,FRAUD_HIGH,true,medium,2024-12-19,,P001633|TX00007051|TX00003626|TX00003961|TX00008933
GT00337,Account,ACC0045988,false_invoice,AML_MEDIUM,true,low,2025-05-02,2025-10-05,TX00002044|TX00002887|TX00009538|TX00007412|P002107|P001971
GT00338,Account,ACC0017847,round_tripping,FRAUD_HIGH,true,medium,2023-09-19,2024-03-12,TX00007890|TX00002835|TX00006976
GT00339,Account,ACC0087693,rapid_movement,AML_MEDIUM,true,low,2025-06-18,2025-06-25,P002120|TX00007880|TX00004676
GT00340,Person,P075834,round_tripping,AML_HIGH,true,critical,2025-06-25,2025-08-21,TX00003695|TX00009645|TX00000324|TX00007910
GT00341,Account,ACC0008835,shell_company,FRAUD_MEDIUM,true,medium,2023-08-16,2023-09-18,TX00001239|TX00006999
GT00342,Account,ACC0115252,layering,AML_LOW,true,medium,2024-04-30,,P000940|P003993|TX00004197
GT00343,Account,ACC0047780,structuring,FRAUD_HIGH,true,high,2024-09-01,2025-02-23,P001337|TX00006887
GT00344,Account,ACC0109763,normal,NORMAL,false,info,2022-11-04,,TX00009850|TX00005723|P004708|TX00009292|TX00006222|TX00002314|TX00002664
GT00345,Account,ACC0059251,shell_company,AML_MEDIUM,true,low,2024-09-07,2024-10-28,P000098|TX00006447|P003242|TX00005761|TX00005775|TX00005971|TX00008942
GT00346,Person,P077774,normal,NORMAL,false,info,2023-12-17,,TX00002335|TX00007811|TX00001714|P004601|P003671
GT00347,Person,P022311,normal,NORMAL,false,info,2022-12-27,2023-02-20,TX00007066|P002037|TX00003993|TX00000045
GT00348,Company,C07395,false_invoice,AML_MEDIUM,true,high,2022-02-27,,TX00007229|TX00004611|TX00001578|P003112|TX00005652
GT00349,Account,ACC0099108,smurfing,AML_LOW,true,critical,2025-06-04,2025-08-07,TX00003940|TX00003008|TX00002680|TX00006751|TX00001093|TX00009225|TX00001444
GT00350,Account,ACC0073259,shell_company,FRAUD_HIGH,true,high,2025-10-24,,TX00008501|P000409|TX00003189|TX00004968|TX00000362|P000389
GT00351,Account,ACC0066797,layering,AML_LOW,true,critical,2025-06-06,,TX00006251|TX00000002|TX00007473
GT00352,Person,P038468,rapid_movement,FRAUD_MEDIUM,true,high,2023-07-21,2023-11-06,TX00007980|TX00004830|P001138|TX00000562|TX00005523|P001394|TX00002104|TX00005204
GT00353,Person,P067995,round_tripping,AML_LOW,true,high,2022-05-29,2022-06-10,P000976|TX00003334|TX00002074|P001389
GT00354,Person,P057149,shell_company,AML_MEDIUM,true,critical,2024-06-09,2024-07-06,P001473|TX00003326|TX00002539|TX00006846|P001891|TX00007391
GT00355,Person,P046950,shell_company,FRAUD_MEDIUM,true,high,2023-09-26,2024-01-02,TX00004502|P004999|TX00002297|TX00007265|TX00001952|P004154|TX00000936
GT00356,Person,P070066,false_invoice,FRAUD_HIGH,true,medium,2023-07-23,2023-12-02,TX00003053|TX00000251|TX00002953|TX00004566
GT00357,Account,ACC0088665,rapid_movement,AML_LOW,true,high,2023-03-28,,TX00000886|TX00009355|TX00008965|TX00000880|TX00009324|P002792
GT00358,Person,P028620,layering,FRAUD_HIGH,true,critical,2025-10-18,2026-01-01,P002080|TX00009729|TX00002267|TX00000842|TX00003234|TX00006235|TX00002323
GT00359,Person,P082538,structuring,FRAUD_MEDIUM,true,critical,2025-09-18,2026-01-01,TX00007048|TX00005879|TX00005676|TX00006146
GT00360,Account,ACC0140102,normal,NORMAL,false,info,2024-09-28,2025-03-05,P001620|P004237|P001325|P002247|TX00002280|P004274|P001706
GT00361,Person,P042020,layering,FRAUD_HIGH,true,critical,2024-06-14,,TX00008586|TX00004153
GT00362,Person,P021421,structuring,AML_LOW,true,critical,2023-10-20,2023-11-19,P002788|P003228
GT00363,Person,P062804,smurfing,FRAUD_MEDIUM,true,low,2022-08-11,,TX00005140|TX00001939|TX00006144|TX00006023|TX00009605|TX00002626
GT00364,Account,ACC0099400,round_tripping,FRAUD_HIGH,true,high,2024-09-25,,TX00003502|TX00002264|TX00002574|TX00008857|TX00007258|TX00007408|TX00007511
GT00365,Person,P095647,layering,AML_MEDIUM,true,low,2022-07-01,2022-12-14,TX00005768|TX00002144|P004561|TX00005621|TX00004199|P000417|TX00004505|P004100
GT00366,Person,P015615,false_invoice,AML_MEDIUM,true,medium,2023-11-03,,TX00001880|TX00001555|P001102|P004645
GT00367,Account,ACC0135388,layering,AML_HIGH,true,critical,2024-05-25,,TX00002909|TX00005627|TX00004673|TX00000348
GT00368,Account,ACC0059706,normal,NORMAL,false,info,2023-06-19,2023-08-19,P003166|TX00001577
GT00369,Account,ACC0113135,shell_company,AML_HIGH,true,low,2024-10-23,2025-01-26,TX00005818|P000611|TX00001303
GT00370,Person,P096449,smurfing,FRAUD_MEDIUM,true,high,2023-03-01,,TX00004663|TX00005738|TX00007593|TX00005844|TX00006244|P003871|TX00001148|TX00008224
GT00371,Person,P085155,structuring,FRAUD_MEDIUM,true,low,2022-11-12,,P000193|TX00008565|P001428|P004895|P002350
GT00372,Person,P030656,smurfing,FRAUD_MEDIUM,true,critical,2024-03-27,,TX00001842|TX00002023|P002927|TX00003713|P003545
GT00373,Person,P094235,layering,FRAUD_HIGH,true,high,2022-10-02,2023-03-15,TX00009523|P002302
GT00374,Company,C09862,layering,AML_LOW,true,high,2023-04-03,,P000733|TX00009101|P003353|TX00002603
GT00375,Person,P060657,normal,NORMAL,false,info,2022-09-07,2022-11-08,P000927|P000124|TX00006648
GT00376,Account,ACC0096813,normal,NORMAL,false,info,2024-02-25,2024-08-04,TX00008692|TX00009410|TX00005073|TX00002720|TX00005902|TX00008997
GT00377,Account,ACC0092743,smurfing,FRAUD_HIGH,true,critical,2025-10-02,,P003399|TX00009348|P000033|TX00005436|P002311
GT00378,Company,C05214,normal,NORMAL,false,info,2023-03-14,,TX00009376|P000959|TX00004128|TX00007796
GT00379,Account,ACC0003384,rapid_movement,AML_HIGH,true,low,2022-09-24,2023-01-05,TX00002793|TX00003699
GT00380,Person,P019487,round_tripping,AML_MEDIUM,true,low,2023-07-04,2023-11-18,TX00005380|TX00004532|TX00004837|P002958|P001257|TX00004682|P001730|P000354
GT00381,Person,P004774,layering,AML_HIGH,true,critical,2025-04-18,2025-10-06,P002147|TX00001330|P004911|P001592|TX00003944|TX00002320|TX00008409|P001424
GT00382,Company,C03924,layering,AML_MEDIUM,true,critical,2022-05-28,,TX00006039|TX00005948|TX00009932|P000585|P004391|TX00000374
GT00383,Account,ACC0027441,normal,NORMAL,false,info,2022-05-02,,TX00004401|TX00006620
GT00384,Account,ACC0085312,structuring,FRAUD_MEDIUM,true,high,2025-11-18,2026-01-01,TX00002109|TX00000536|P003448|TX00007663|P003795|P000949
GT00385,Person,P006136,smurfing,FRAUD_HIGH,true,high,2023-06-29,2023-11-07,TX00003144|TX00002170|P004685|TX00000786
GT00386,Account,ACC0145498,structuring,AML_HIGH,true,high,2022-04-25,,TX00006063|TX00009433
GT00387,Company,C05830,smurfing,AML_HIGH,true,high,2024-04-27,2024-10-12,P004206|TX00008576|P003006|P001938|TX00001492
GT00388,Person,P092776,layering,AML_LOW,true,high,2023-10-03,2024-01-30,P003323|TX00000844|P000229|TX00002630|TX00006411|TX00005547|P003877|TX00001552
GT00389,Person,P017195,shell_company,FRAUD_HIGH,true,low,2022-12-20,,TX00006682|TX00009288
GT00390,Account,ACC0051177,shell_company,FRAUD_HIGH,true,high,2024-01-24,2024-05-13,TX00007610|TX00006898|TX00000777|TX00008841|P003566|TX00008807|TX00009894|TX00003658
GT00391,Account,ACC0141924,normal,NORMAL,false,info,2022-02-03,,P001177|P002752|TX00002557
GT00392,Person,P084992,normal,NORMAL,false,info,2024-12-29,,TX00000001|TX00000444|P000040|TX00003692|TX00003977
GT00393,Account,ACC0107780,layering,AML_LOW,true,low,2024-05-30,2024-08-08,P000489|P003277
GT00394,Account,ACC0032532,normal,NORMAL,false,info,2025-03-02,2025-06-06,P004978|TX00001225|TX00001556|TX00002929
GT00395,Account,ACC0023335,smurfing,AML_LOW,true,low,2022-03-08,2022-04-22,TX00009479|TX00008558|P002235|TX00001377
GT00396,Person,P037866,rapid_movement,AML_HIGH,true,high,2024-06-19,2024-12-03,TX00007622|TX00006854|TX00004437|TX00001100|TX00007917|TX00007556|TX00001486
GT00397,Person,P042103,shell_company,FRAUD_HIGH,true,critical,2024-12-07,,TX00005267|P002027|TX00002237|TX00002878
GT00398,Account,ACC0035741,normal,NORMAL,false,info,2022-04-06,2022-04-20,TX00001238|TX00007464|TX00007173|P001626|TX00008762|TX00007332|TX00001001
GT00399,Account,ACC0012044,false_invoice,AML_LOW,true,low,2022-02-14,2022-03-26,TX00004726|TX00005348|TX00009362
GT00400,Person,P024237,layering,FRAUD_MEDIUM,true,critical,2025-10-27,2025-11-22,TX00009135|P001470|P001638|TX00000098|TX00006194|TX00003126|TX00006236
GT00401,Account,ACC0107083,rapid_movement,AML_LOW,true,critical,2022-12-30,,TX00001916|TX00006880
GT00402,Account,ACC0045957,smurfing,FRAUD_HIGH,true,low,2022-05-15,2022-07-28,P000742|TX00001306|TX00002186|TX00005431|TX00005477|TX00005612
GT00403,Account,ACC0002986,layering,AML_LOW,true,low,2022-08-23,2022-09-22,P003605|TX00007276
GT00404,Account,ACC0039104,shell_company,AML_HIGH,true,critical,2023-07-18,2023-09-22,TX00008851|TX00002801|TX00006826|TX00001492|TX00003434|P001820|P003200
GT00405,Account,ACC0136573,structuring,AML_MEDIUM,true,medium,2022-07-11,2022-11-03,TX00000199|TX00005434|P002246
GT00406,Person,P005203,layering,AML_LOW,true,medium,2024-01-22,,P003314|TX00006789|P003129|TX00007570
GT00407,Person,P083208,structuring,AML_HIGH,true,critical,2024-06-14,,TX00006144|TX00009196|P003052|TX00006345|P001180|P003678|TX00000535
GT00408,Person,P057319,normal,NORMAL,false,info,2025-02-23,2025-07-07,TX00001313|P004500|P003383
GT00409,Account,ACC0071467,normal,NORMAL,false,info,2023-07-23,,TX00009960|TX00000721|P001141|P000086|TX00000179|TX00001584|TX00007054
GT00410,Account,ACC0056956,layering,FRAUD_MEDIUM,true,critical,2024-02-11,2024-07-14,TX00007800|TX00000930|TX00001636|P000579|TX00008219|TX00007092
GT00411,Account,ACC0116251,round_tripping,AML_MEDIUM,true,high,2024-09-02,2024-10-28,TX00002025|TX00008339|TX00004323|P000531|TX00006056|TX00000211|P001872
GT00412,Person,P088974,rapid_movement,FRAUD_MEDIUM,true,critical,2025-01-30,2025-07-04,P000319|TX00006306|TX00000808
GT00413,Person,P081504,round_tripping,FRAUD_MEDIUM,true,high,2023-09-27,,TX00002395|TX00002533|P003424|P003763
GT00414,Account,ACC0086635,normal,NORMAL,false,info,2025-07-06,,TX00002721|P002090|TX00006353
GT00415,Account,ACC0090320,smurfing,AML_MEDIUM,true,medium,2022-06-23,,TX00007886|TX00002264|TX00005601|P000029|TX00007530|TX00003656|TX00001002|P003302
GT00416,Account,ACC0117888,shell_company,AML_LOW,true,critical,2023-02-25,2023-04-25,TX00006614|TX00007568|TX00009752
GT00417,Account,ACC0042507,rapid_movement,FRAUD_MEDIUM,true,medium,2024-09-07,2024-10-29,TX00004554|TX00008148|P004048
GT00418,Person,P085196,structuring,AML_LOW,true,critical,2023-07-15,,P002636|TX00000064|TX00005062|TX00001806|TX00001934
GT00419,Account,ACC0093795,rapid_movement,AML_MEDIUM,true,high,2025-09-02,,P002148|TX00009137|TX00000091|P000653|P001835|P004996|TX00001004
GT00420,Account,ACC0094093,normal,NORMAL,false,info,2025-04-24,2025-07-30,TX00003922|TX00002478|TX00009891|TX00005335
GT00421,Person,P057807,round_tripping,FRAUD_HIGH,true,high,2023-09-30,2024-02-26,TX00004689|P004129|TX00007314|TX00005041|P000574|TX00004145|P000200|TX00003301
GT00422,Account,ACC0098549,false_invoice,AML_MEDIUM,true,medium,2023-10-11,2024-01-29,P002008|P004997
GT00423,Person,P011788,false_invoice,AML_HIGH,true,high,2025-10-24,2026-01-01,TX00000670|TX00007155|TX00007689|TX00007046|TX00004865|TX00003905|P000787
GT00424,Person,P075259,normal,NORMAL,false,info,2025-10-31,2026-01-01,TX00007092|P002771
GT00425,Person,P038132,shell_company,AML_MEDIUM,true,high,2022-04-03,,TX00004919|TX00009490|P000956|TX00009205|P003337
GT00426,Person,P081555,false_invoice,AML_HIGH,true,low,2024-08-21,,TX00008345|TX00006702
GT00427,Account,ACC0034624,structuring,FRAUD_MEDIUM,true,critical,2024-06-11,2024-07-02,TX00002243|TX00003583
GT00428,Person,P087929,false_invoice,FRAUD_HIGH,true,critical,2024-08-23,,P002255|TX00006385|TX00005009
GT00429,Account,ACC0135021,rapid_movement,AML_MEDIUM,true,high,2024-09-16,2024-10-30,TX00002034|P003266|TX00004629
GT00430,Company,C02712,structuring,AML_HIGH,true,critical,2025-09-19,2025-10-25,TX00004298|TX00001845|P003589|TX00003688|TX00006560|TX00005919
GT00431,Company,C04597,round_tripping,AML_MEDIUM,true,medium,2022-11-30,2023-01-24,TX00000581|P002521|P003125
GT00432,Account,ACC0059401,round_tripping,FRAUD_HIGH,true,medium,2023-06-01,,TX00006476|TX00009707|TX00007305|TX00000485
GT00433,Account,ACC0027959,false_invoice,FRAUD_MEDIUM,true,medium,2023-04-11,2023-07-26,TX00009336|TX00002813|P000303|TX00008990|P004789|TX00000772|TX00000561|TX00003295
GT00434,Company,C08192,rapid_movement,AML_MEDIUM,true,medium,2023-09-12,,P000230|P004139|P000862
GT00435,Person,P012360,normal,NORMAL,false,info,2022-10-09,2022-11-02,TX00005799|P000463|TX00002125|P004049|TX00003224
GT00436,Account,ACC0103918,normal,NORMAL,false,info,2025-03-09,,TX00007307|P003765|P000994|TX00002307
GT00437,Person,P070511,layering,FRAUD_HIGH,true,high,2024-05-26,2024-06-14,TX00004209|TX00000170|TX00000232|P003229
GT00438,Account,ACC0032576,normal,NORMAL,false,info,2022-06-06,2022-08-29,TX00001908|TX00005981|TX00007962|TX00006253
GT00439,Person,P032693,smurfing,AML_MEDIUM,true,medium,2023-08-27,2024-01-10,TX00006051|TX00005333|TX00000205|P000090|TX00005903|TX00006856|TX00009450|TX00005432
GT00440,Account,ACC0125889,round_tripping,FRAUD_MEDIUM,true,medium,2023-08-30,2024-01-02,TX00002279|P004255|TX00001041|P001447|TX00000308|TX00002438
GT00441,Account,ACC0135837,smurfing,AML_MEDIUM,true,low,2023-09-04,,TX00000744|TX00004312|TX00007311|P001300|P000203|P001344|TX00001118|TX00007411
GT00442,Account,ACC0125586,shell_company,AML_MEDIUM,true,medium,2025-10-28,2026-01-01,P004154|TX00004922|P003306|TX00003990|TX00005368|TX00002180|TX00006316
GT00443,Account,ACC0081278,shell_company,FRAUD_MEDIUM,true,low,2024-01-29,,TX00005538|TX00007384
GT00444,Account,ACC0085272,smurfing,AML_MEDIUM,true,high,2025-05-21,,TX00005052|P000872|TX00002995|TX00003343|TX00007418|P004274|TX00009312|TX00009121
GT00445,Company,C05160,shell_company,AML_LOW,true,medium,2025-08-30,,P000774|TX00001045|P004321|TX00002580
GT00446,Account,ACC0048437,rapid_movement,AML_MEDIUM,true,critical,2022-12-19,,TX00006072|P001287|TX00005510|P000758|P002376|TX00008198|TX00007251|P003807
GT00447,Account,ACC0114870,rapid_movement,AML_LOW,true,low,2024-04-13,2024-05-23,P003408|P002348|TX00009406
GT00448,Person,P075532,round_tripping,AML_MEDIUM,true,medium,2023-09-25,,TX00003720|TX00001509|TX00000758
GT00449,Person,P070840,normal,NORMAL,false,info,2022-01-21,2022-05-17,TX00009473|TX00003543|P001555|TX00008060
GT00450,Person,P060484,smurfing,AML_LOW,true,critical,2024-04-15,2024-08-14,TX00002666|TX00000236|TX00008688|P001339|TX00004972|P003538|TX00003785|TX00006736
GT00451,Account,ACC0102702,smurfing,AML_LOW,true,medium,2022-01-29,,TX00008023|TX00004457|P000130|TX00001092|TX00002438|P001386
GT00452,Person,P012807,layering,AML_MEDIUM,true,critical,2022-11-01,,TX00009733|TX00001000
GT00453,Account,ACC0101687,round_tripping,AML_HIGH,true,critical,2024-11-20,2025-03-14,TX00000812|P001064|TX00003573|TX00002406|TX00002208|TX00002447|TX00009089|P003044
GT00454,Person,P059833,rapid_movement,FRAUD_MEDIUM,true,medium,2023-01-19,2023-06-29,P004254|TX00008249|TX00003347|TX00006206|P002903|TX00000741
GT00455,Account,ACC0099611,smurfing,AML_LOW,true,critical,2022-05-01,,TX00005282|TX00005883|P003239|P001937|P001588|P004172
GT00456,Person,P043309,normal,NORMAL,false,info,2023-10-12,2023-12-17,P003679|TX00004593|P001941|TX00007871
GT00457,Account,ACC0000888,structuring,FRAUD_MEDIUM,true,medium,2023-07-22,2023-10-21,P000345|P000983|TX00007651|TX00005168|P004531|TX00006457|TX00000678|P001869
GT00458,Account,ACC0123510,normal,NORMAL,false,info,2023-02-01,2023-04-11,P000981|TX00004969
GT00459,Account,ACC0050671,smurfing,FRAUD_MEDIUM,true,medium,2022-03-05,,P001909|TX00006685|P002470|TX00004434|P002393|TX00006349
GT00460,Account,ACC0123905,normal,NORMAL,false,info,2024-07-31,,TX00000832|TX00000601|P002282|TX00009952
GT00461,Person,P079550,rapid_movement,AML_HIGH,true,medium,2023-12-19,2024-05-17,P003819|P003623
GT00462,Account,ACC0051254,smurfing,AML_MEDIUM,true,medium,2022-07-28,2023-01-23,TX00008464|P000643|P002923|TX00009060|TX00002552|TX00003301|TX00008865
GT00463,Account,ACC0065937,smurfing,FRAUD_MEDIUM,true,medium,2025-09-30,2026-01-01,TX00007653|TX00008574|TX00004085|P000867
GT00464,Account,ACC0082813,smurfing,AML_LOW,true,low,2024-12-30,,TX00009662|TX00003029|TX00006055|TX00004512
GT00465,Account,ACC0050244,round_tripping,FRAUD_HIGH,true,high,2022-09-13,2022-12-06,TX00002055|TX00003270|TX00002020
GT00466,Account,ACC0140920,rapid_movement,FRAUD_MEDIUM,true,high,2024-06-05,,P001241|TX00008748|P003871|P003013|P000196|TX00008449|TX00008161
GT00467,Account,ACC0094983,layering,FRAUD_HIGH,true,high,2024-12-29,2025-05-11,P001404|TX00006048|P004311|P001401|TX00006363|P003960|P003757
GT00468,Company,C01612,normal,NORMAL,false,info,2022-09-04,,P004645|TX00009548|TX00002923|P004332|TX00002430|TX00007603|TX00008980
GT00469,Person,P025325,normal,NORMAL,false,info,2024-12-03,,TX00007470|TX00009299
GT00470,Person,P003128,shell_company,AML_LOW,true,medium,2025-08-24,2025-12-23,TX00004614|P004954|TX00000331
GT00471,Person,P016104,normal,NORMAL,false,info,2025-02-06,2025-07-08,P001979|TX00003231
GT00472,Person,P021266,shell_company,AML_LOW,true,critical,2023-01-17,,TX00004900|TX00005338|P000820|P001729|TX00004064|P004970|TX00007725|P004736
GT00473,Account,ACC0065173,structuring,AML_MEDIUM,true,critical,2022-02-09,2022-05-17,TX00007804|P001251|TX00007484|TX00005521|TX00009399|TX00002942|P001550
GT00474,Account,ACC0071135,structuring,FRAUD_MEDIUM,true,high,2023-05-18,,TX00000998|TX00001435|TX00005120|TX00009354
GT00475,Person,P088098,layering,AML_MEDIUM,true,medium,2024-08-09,,TX00004019|TX00005788|P000758|P004354|TX00003835|P001631|TX00004588
GT00476,Account,ACC0015621,shell_company,AML_MEDIUM,true,low,2022-06-09,2022-09-17,TX00001483|P004971|TX00002450|P004159|P001905
GT00477,Person,P005299,round_tripping,FRAUD_HIGH,true,low,2024-07-06,2024-12-03,P000723|TX00000022|P004323|P003247|TX00008291
GT00478,Account,ACC0130794,normal,NORMAL,false,info,2022-01-18,,TX00005591|TX00006886|TX00003093
GT00479,Person,P032459,normal,NORMAL,false,info,2022-08-19,,P002302|TX00006448|P002089|TX00001089|P000724|TX00001879|TX00003790|P002114
GT00480,Account,ACC0116734,normal,NORMAL,false,info,2022-09-19,2022-11-04,TX00007748|TX00008940
GT00481,Account,ACC0140260,normal,NORMAL,false,info,2024-11-06,,P001532|TX00007242|TX00005279|P002784|P001333|TX00008985
GT00482,Account,ACC0117060,structuring,AML_MEDIUM,true,medium,2025-04-19,,P000848|P003006|TX00001806|TX00009596|P001194
GT00483,Person,P014038,rapid_movement,AML_HIGH,true,low,2023-10-30,,TX00008264|TX00003153|TX00002899
GT00484,Person,P080333,normal,NORMAL,false,info,2023-07-12,2023-11-30,TX00007301|TX00007282|TX00003600|TX00007632|P001454|TX00005516|TX00007617|TX00005128
GT00485,Person,P067175,rapid_movement,AML_MEDIUM,true,medium,2022-08-04,,TX00001663|TX00000905|P003140|TX00008242|TX00004092|P000798|TX00006729
GT00486,Account,ACC0057429,normal,NORMAL,false,info,2024-05-21,2024-08-23,TX00007214|TX00006955|P002884|TX00001104|P004234
GT00487,Person,P010040,rapid_movement,AML_LOW,true,low,2025-02-02,2025-05-20,P003356|TX00000417|TX00006662|TX00007875|P003448|TX00000040|TX00006399|TX00004327
GT00488,Person,P025032,rapid_movement,AML_HIGH,true,low,2024-10-01,,TX00008372|TX00006356
GT00489,Account,ACC0133237,shell_company,FRAUD_HIGH,true,low,2025-07-30,,TX00007386|P003387|P000648
GT00490,Person,P090452,normal,NORMAL,false,info,2022-05-16,2022-05-28,TX00000404|TX00002622|TX00000391|P000737
GT00491,Account,ACC0094110,rapid_movement,AML_LOW,true,medium,2024-10-15,,TX00004932|P001215|P004553|TX00007875|P003132
GT00492,Account,ACC0102751,false_invoice,AML_LOW,true,low,2025-02-15,2025-06-07,P001748|TX00007217|TX00002599
GT00493,Person,P050182,smurfing,AML_HIGH,true,critical,2023-12-27,2024-02-25,TX00001205|P003427
GT00494,Account,ACC0097573,smurfing,AML_LOW,true,low,2023-10-06,2024-02-21,P004328|P000258|TX00002396|TX00007745
GT00495,Person,P023076,normal,NORMAL,false,info,2024-04-23,,TX00006130|TX00006258|TX00003816|TX00007050|TX00000479|TX00004797|P002164|TX00003655
GT00496,Account,ACC0034068,normal,NORMAL,false,info,2022-12-26,2023-01-13,P002005|TX00004216|P001318|TX00002408|P004055|P000562
GT00497,Company,C02902,shell_company,AML_MEDIUM,true,high,2022-05-12,,P001338|P000207|TX00006139|P004071|P003191|P003430|P004697
GT00498,Account,ACC0050699,round_tripping,FRAUD_MEDIUM,true,low,2024-05-01,2024-09-27,TX00001057|TX00004133|P000777|TX00001561|TX00001215|TX00009306|P003755|P002357
GT00499,Person,P031171,shell_company,AML_HIGH,true,low,2024-04-13,2024-06-14,P002053|P004330|P002769|TX00001842|P004643|TX00009805|TX00007760|P000899
GT00500,Account,ACC0132980,structuring,AML_MEDIUM,true,medium,2024-05-17,,TX00003465|P002804
GT00501,Person,P053847,layering,FRAUD_MEDIUM,true,medium,2025-01-16,2025-03-07,P001774|TX00002208|TX00009184|TX00001707|P001458|P003365|TX00009872|P003409
GT00502,Person,P014275,shell_company,AML_HIGH,true,critical,2022-08-16,2023-01-28,P000998|TX00006234|TX00005219|TX00006318|TX00009291
GT00503,Person,P021081,structuring,FRAUD_HIGH,true,high,2023-03-16,,P003069|TX00007329|P003679|TX00009419|P003283|P001872|P002161
GT00504,Account,ACC0094150,normal,NORMAL,false,info,2024-11-11,,TX00003295|TX00007457
GT00505,Account,ACC0057764,false_invoice,FRAUD_MEDIUM,true,low,2024-02-27,2024-08-16,TX00002659|P001996
GT00506,Person,P028462,layering,FRAUD_MEDIUM,true,low,2023-07-08,,P004834|TX00007971|TX00007185|TX00003424|TX00009848|TX00001709
GT00507,Account,ACC0046264,shell_company,AML_MEDIUM,true,critical,2023-01-11,,TX00005731|TX00000352|P000732|P004551|TX00003431|P003920|P003376|TX00005370
GT00508,Account,ACC0045973,layering,FRAUD_MEDIUM,true,critical,2025-06-30,2025-08-31,P002938|P003483|TX00004510
GT00509,Account,ACC0076191,false_invoice,FRAUD_MEDIUM,true,low,2024-09-10,,TX00006337|TX00005248|TX00008825|TX00003468|TX00008076|P000839|TX00005121
GT00510,Account,ACC0008584,shell_company,FRAUD_MEDIUM,true,medium,2023-02-28,2023-08-20,P002808|TX00001912|P004629|P001414|TX00007385|TX00002460
GT00511,Person,P019819,normal,NORMAL,false,info,2023-07-28,2023-08-10,TX00002247|TX00005111
GT00512,Person,P017127,normal,NORMAL,false,info,2022-01-28,2022-03-27,P001246|TX00001929|TX00006499|TX00007226|TX00008070|TX00003660|P000465|TX00001666
GT00513,Account,ACC0087471,false_invoice,FRAUD_MEDIUM,true,low,2024-03-18,2024-03-28,TX00007219|P003058|TX00004008|TX00003339|P003504|TX00005027|P001183
GT00514,Account,ACC0106914,layering,AML_HIGH,true,high,2024-10-04,2024-10-22,P004044|TX00000581|TX00002371|TX00009822
GT00515,Account,ACC0103341,smurfing,FRAUD_MEDIUM,true,medium,2022-03-20,2022-09-06,TX00004424|TX00001947|TX00007265|TX00009989|P003006|TX00005042|TX00005430|TX00006012
GT00516,Person,P092198,false_invoice,AML_HIGH,true,high,2023-05-20,,TX00002056|TX00006305
GT00517,Account,ACC0011102,round_tripping,AML_LOW,true,medium,2024-08-28,2024-11-26,TX00009897|P004584|TX00003119|TX00003089|P000680|TX00009167|TX00004667|TX00009286
GT00518,Person,P038865,false_invoice,AML_LOW,true,critical,2022-10-18,2022-11-06,TX00003121|TX00006788|P003933|TX00002727
GT00519,Account,ACC0144890,normal,NORMAL,false,info,2022-08-06,2023-01-23,TX00000757|TX00006081|P004725|TX00003753
GT00520,Person,P091729,structuring,AML_LOW,true,medium,2024-07-08,2024-12-01,P003849|TX00006853|TX00005443|P000256|P004215|TX00006407|TX00001720
GT00521,Person,P077277,round_tripping,FRAUD_HIGH,true,low,2023-10-22,2024-02-13,TX00006896|TX00009989|P002005|TX00009595|TX00008865
GT00522,Account,ACC0041039,shell_company,AML_LOW,true,medium,2025-01-16,,TX00008795|TX00004059|P001835|TX00003159
GT00523,Account,ACC0063925,false_invoice,AML_HIGH,true,critical,2023-05-04,,TX00009438|TX00009525|P004891|TX00001488|TX00007356|TX00002458|TX00000928|TX00007443
GT00524,Company,C04301,normal,NORMAL,false,info,2024-07-06,2024-09-03,TX00003457|TX00005335
GT00525,Account,ACC0115573,layering,AML_HIGH,true,critical,2023-05-09,2023-09-06,TX00009902|TX00008584
GT00526,Account,ACC0059590,smurfing,AML_LOW,true,high,2024-12-03,2025-04-28,P003921|TX00009838|TX00000059|P000054
GT00527,Person,P076987,rapid_movement,FRAUD_HIGH,true,low,2025-06-01,,TX00009476|TX00009448|TX00006738|P004575|P002198|TX00004744
GT00528,Account,ACC0146846,normal,NORMAL,false,info,2024-08-24,2025-01-06,P002881|TX00002011|TX00009388|P003279|P002392|TX00000083|TX00005554|TX00001437
GT00529,Person,P054056,round_tripping,FRAUD_MEDIUM,true,critical,2025-09-14,,P001716|TX00009339|P003564|P004645|TX00002289|P001590
GT00530,Person,P096081,normal,NORMAL,false,info,2024-05-09,2024-06-10,P002527|P002217|TX00008674|P001078|TX00008292|P000601|TX00000273|TX00006399
GT00531,Account,ACC0109716,normal,NORMAL,false,info,2024-01-24,2024-05-29,TX00000645|TX00009692|TX00006691|TX00006372|TX00009351
GT00532,Person,P024039,round_tripping,FRAUD_MEDIUM,true,high,2023-08-14,,P004197|P001857|TX00003793|TX00007748|TX00000233|P000548|TX00002516|TX00008217
GT00533,Account,ACC0066395,shell_company,AML_MEDIUM,true,critical,2023-06-12,,P001440|P001097|TX00009091|P003091|TX00002382|TX00005231|P000346|P004452
GT00534,Account,ACC0067639,shell_company,AML_HIGH,true,low,2024-01-27,,P000155|TX00000617|TX00001952|TX00008666|TX00001506|P003528|TX00006226|TX00008771
GT00535,Person,P020924,false_invoice,AML_MEDIUM,true,low,2022-02-15,2022-05-29,TX00009838|TX00004965|TX00005097|TX00001867|TX00007036
GT00536,Account,ACC0102998,structuring,AML_HIGH,true,medium,2022-05-27,,P001533|P004951|TX00008249|TX00000890
GT00537,Person,P090140,normal,NORMAL,false,info,2022-12-04,2023-05-21,P002469|TX00001805
GT00538,Person,P020828,shell_company,FRAUD_MEDIUM,true,low,2024-02-02,,TX00001473|TX00005889|P004921|TX00007282|TX00002096|TX00004631|TX00006534|TX00003538
GT00539,Account,ACC0026828,normal,NORMAL,false,info,2022-05-19,2022-07-22,TX00003012|TX00008984|P003845|P002107|TX00001174|P002223|TX00003532|TX00000331
GT00540,Account,ACC0098171,structuring,AML_LOW,true,critical,2025-08-07,2025-08-16,TX00003302|TX00002245|TX00009438
GT00541,Account,ACC0019207,rapid_movement,AML_HIGH,true,low,2022-12-21,,P002941|TX00003209|TX00001681|TX00007975|P004752
GT00542,Account,ACC0033970,normal,NORMAL,false,info,2024-07-07,,P004623|P003705|P003853|TX00002444|P000434|TX00002149
GT00543,Account,ACC0140592,layering,FRAUD_MEDIUM,true,critical,2023-11-12,,TX00009180|P003551
GT00544,Account,ACC0082025,round_tripping,FRAUD_MEDIUM,true,critical,2025-01-12,2025-04-17,TX00006877|TX00009438|TX00005624|TX00007066|TX00003725|TX00000395|TX00007249|P000158
GT00545,Account,ACC0031143,shell_company,FRAUD_HIGH,true,critical,2025-10-14,2025-12-04,TX00009616|P003887|TX00008997|TX00008647|P000259|P001604|P003627|P004435
GT00546,Account,ACC0091745,structuring,AML_HIGH,true,medium,2023-10-23,2023-12-10,TX00009917|TX00006814|P003889|P003601
GT00547,Account,ACC0128026,structuring,AML_HIGH,true,medium,2024-09-27,2025-01-28,TX00000726|TX00003084|P001378|TX00003299
GT00548,Account,ACC0043989,round_tripping,AML_HIGH,true,medium,2022-07-07,2022-10-29,P002040|P002843|P000182|P002154|TX00005251
GT00549,Person,P017721,normal,NORMAL,false,info,2023-08-22,,TX00008296|P001109|P004247|TX00001872
GT00550,Person,P038572,smurfing,AML_LOW,true,critical,2022-09-22,,TX00000241|TX00001409|TX00003648
GT00551,Account,ACC0088045,round_tripping,AML_MEDIUM,true,low,2023-06-23,2023-08-26,P002665|TX00000817|TX00006778|TX00001226
GT00552,Person,P080535,shell_company,FRAUD_MEDIUM,true,medium,2024-09-01,2025-01-03,TX00009055|TX00002502|TX00000246
GT00553,Account,ACC0064723,rapid_movement,FRAUD_HIGH,true,medium,2022-06-26,,TX00009318|TX00001261|TX00009723|TX00004039|TX00007198|TX00005327|TX00005002|TX00009923
GT00554,Account,ACC0110974,layering,FRAUD_MEDIUM,true,critical,2024-05-06,2024-05-26,TX00000365|TX00005810|TX00006312|TX00004927
GT00555,Person,P025364,structuring,AML_HIGH,true,high,2023-02-14,2023-06-22,TX00002854|P000504|TX00007622
GT00556,Company,C07090,normal,NORMAL,false,info,2024-10-11,2024-11-29,TX00005858|TX00003053|TX00005557|TX00008194|TX00000824|TX00003748|TX00003146|TX00005261
GT00557,Account,ACC0036003,normal,NORMAL,false,info,2022-04-23,2022-09-11,TX00000221|TX00006866|P001587|TX00006489|TX00002029|P001896|TX00003472|TX00006025
GT00558,Account,ACC0135387,layering,AML_LOW,true,medium,2025-10-02,2025-12-24,TX00004076|P001978
GT00559,Account,ACC0012975,layering,AML_LOW,true,low,2024-09-27,2024-10-16,P001285|TX00005833|TX00008251|TX00004793
GT00560,Person,P048729,structuring,FRAUD_HIGH,true,critical,2022-08-05,2022-12-13,TX00001470|TX00004028
GT00561,Account,ACC0115573,rapid_movement,FRAUD_MEDIUM,true,low,2025-11-23,,TX00008355|P003924|P003377|TX00007178|TX00001362|TX00003663|TX00007360|P003981
GT00562,Account,ACC0086112,shell_company,FRAUD_MEDIUM,true,low,2025-04-04,,TX00007980|TX00009371|P002937|P002485|P003573
GT00563,Account,ACC0037721,rapid_movement,FRAUD_HIGH,true,medium,2022-05-09,,P003027|P004983|TX00005194|P000135|P002633
GT00564,Account,ACC0058578,round_tripping,FRAUD_HIGH,true,critical,2024-01-01,,P001017|P001632|P002265|TX00009671|TX00007599|P001042|TX00009375
GT00565,Person,P040160,smurfing,AML_HIGH,true,low,2025-06-29,2025-12-15,P003526|P000902|TX00007438|TX00009558|TX00007598
GT00566,Account,ACC0028325,layering,FRAUD_MEDIUM,true,low,2025-02-07,,P003991|P003507|TX00008950|P003320
GT00567,Account,ACC0103739,structuring,AML_HIGH,true,low,2022-10-27,2022-12-05,P002288|P001171|P001247
GT00568,Account,ACC0036196,normal,NORMAL,false,info,2025-03-31,2025-06-05,P004653|TX00000907|P001677|P001669|P004257|P001386|TX00007635|TX00003272
GT00569,Person,P045484,smurfing,FRAUD_HIGH,true,medium,2023-06-12,2023-06-27,P003398|P000066|P000030
GT00570,Company,C04194,layering,AML_MEDIUM,true,critical,2023-04-10,,TX00008270|TX00004835|TX00002391|TX00008516|TX00004526|TX00007071
GT00571,Account,ACC0105644,normal,NORMAL,false,info,2022-09-07,2022-12-11,P000142|TX00006603|TX00000978|TX00001984|TX00001848
GT00572,Person,P061963,shell_company,FRAUD_MEDIUM,true,low,2023-05-22,2023-09-28,TX00008835|TX00009148|P001270|P003074
GT00573,Person,P070196,normal,NORMAL,false,info,2022-06-18,,TX00003583|TX00008245|TX00009701
GT00574,Company,C02012,false_invoice,AML_HIGH,true,medium,2022-07-18,2022-12-15,P004898|TX00005288
GT00575,Account,ACC0083486,layering,AML_HIGH,true,medium,2025-10-27,2025-12-16,TX00004202|TX00003616|TX00006393|P004208
GT00576,Account,ACC0116393,layering,FRAUD_MEDIUM,true,low,2024-01-24,,P001093|TX00007072|TX00004687|TX00002426
GT00577,Person,P030429,normal,NORMAL,false,info,2023-10-26,2024-03-24,TX00002789|TX00007675|TX00003652|TX00000579|TX00005175
GT00578,Person,P045408,normal,NORMAL,false,info,2024-11-07,2024-11-23,TX00007380|TX00003436|P004528|TX00003634|TX00001884|TX00001695|TX00004362
GT00579,Account,ACC0094126,round_tripping,FRAUD_HIGH,true,critical,2023-01-15,2023-03-17,TX00001060|P003096|TX00007134|TX00002923|TX00006669|TX00000885|TX00009068
GT00580,Account,ACC0144282,rapid_movement,AML_HIGH,true,high,2023-05-27,,P001945|P003931|P004067
GT00581,Account,ACC0006965,round_tripping,AML_LOW,true,high,2022-07-12,2022-09-23,P001201|TX00004607|TX00001111|P003627
GT00582,Person,P083854,smurfing,FRAUD_HIGH,true,medium,2024-06-13,2024-09-13,TX00004146|TX00000074
GT00583,Account,ACC0075305,smurfing,AML_HIGH,true,low,2025-02-24,2025-05-06,TX00007799|P004457|TX00003055|TX00009206|TX00008896|P002402
GT00584,Account,ACC0008947,normal,NORMAL,false,info,2025-03-28,,TX00006212|P001947|TX00006797|TX00001840|TX00004499|P002662|P004785
GT00585,Company,C01025,structuring,AML_HIGH,true,critical,2025-11-07,2025-11-27,TX00004735|P000671
GT00586,Person,P056566,structuring,AML_LOW,true,critical,2023-08-26,,P002134|TX00008295|TX00000820
GT00587,Account,ACC0085728,shell_company,AML_MEDIUM,true,high,2023-11-11,2024-03-27,P001233|TX00000159|P001994|P002064
GT00588,Account,ACC0068833,round_tripping,AML_LOW,true,high,2022-04-18,2022-06-07,P002199|TX00007308|P000778|P002386
GT00589,Company,C03225,rapid_movement,FRAUD_MEDIUM,true,high,2022-10-29,,TX00007089|TX00007495|P003816
GT00590,Account,ACC0107304,normal,NORMAL,false,info,2025-04-22,,P000195|P003041|TX00006574|TX00008495|TX00009734|P000123|TX00002014
GT00591,Account,ACC0007230,normal,NORMAL,false,info,2025-02-28,,P003501|TX00003593
GT00592,Company,C08418,structuring,AML_MEDIUM,true,low,2025-12-07,2026-01-01,TX00002926|TX00000219
GT00593,Account,ACC0118291,layering,FRAUD_HIGH,true,low,2025-08-20,,TX00003050|TX00006733|P004450|TX00005521|P003884|TX00002787|TX00002442
GT00594,Account,ACC0146324,round_tripping,FRAUD_HIGH,true,medium,2022-07-12,2022-12-03,TX00006597|P001392|TX00002512
GT00595,Person,P080824,false_invoice,AML_MEDIUM,true,medium,2022-09-15,2023-01-01,TX00002159|TX00000112
GT00596,Account,ACC0070476,normal,NORMAL,false,info,2023-07-17,,P003065|P004552|TX00005090
GT00597,Account,ACC0063128,round_tripping,AML_MEDIUM,true,medium,2024-04-22,2024-07-29,P002861|TX00005799|TX00003689|TX00004450|TX00000796
GT00598,Person,P042279,layering,FRAUD_MEDIUM,true,medium,2022-07-20,2022-12-23,P001491|TX00002852|TX00008864
GT00599,Person,P062264,shell_company,FRAUD_MEDIUM,true,critical,2023-02-02,,P004437|TX00002935|P002731
GT00600,Account,ACC0063914,false_invoice,AML_MEDIUM,true,high,2023-09-29,2024-03-19,P001371|P002733|TX00008957
GT00601,Account,ACC0061510,normal,NORMAL,false,info,2023-01-22,,TX00000456|TX00004891|P002876|P001620|TX00000712
GT00602,Person,P016329,smurfing,AML_MEDIUM,true,medium,2023-12-11,,P002528|TX00007140
GT00603,Person,P094305,normal,NORMAL,false,info,2023-09-19,2023-12-30,TX00003327|P000894|TX00000929|TX00009708
GT00604,Person,P029196,smurfing,AML_MEDIUM,true,low,2025-08-26,2025-11-05,TX00007341|TX00003391|P003070|TX00004700|P004581|TX00006372
GT00605,Account,ACC0115232,rapid_movement,AML_HIGH,true,low,2024-09-24,,TX00008898|TX00000841|P001212|TX00004303|TX00003732
GT00606,Person,P012450,round_tripping,AML_LOW,true,high,2025-02-13,2025-08-03,P001995|TX00001916|TX00001577|TX00007755|P004591|P000496
GT00607,Person,P088749,false_invoice,AML_LOW,true,high,2023-10-31,,TX00002753|TX00008966|TX00004327|P004575
GT00608,Account,ACC0120737,layering,AML_HIGH,true,medium,2022-04-23,2022-08-10,P003669|P002586|P004532|P001086|P000727|TX00009873|P004406
GT00609,Account,ACC0120997,structuring,AML_MEDIUM,true,low,2022-04-14,2022-06-07,P003250|TX00005979|TX00006295|TX00006417|TX00006701|P003494|TX00003608|P003430
GT00610,Account,ACC0057723,layering,AML_HIGH,true,high,2025-12-03,,P003119|P004668|P002739|TX00002243
GT00611,Account,ACC0041847,shell_company,AML_HIGH,true,medium,2022-05-29,,TX00008426|TX00001211|TX00005129
GT00612,Person,P024087,rapid_movement,FRAUD_MEDIUM,true,critical,2023-11-29,,P002288|TX00003320
GT00613,Account,ACC0126022,structuring,FRAUD_MEDIUM,true,high,2023-10-25,2024-03-11,TX00007189|TX00008612|TX00008511|TX00006576|P004625|TX00004570|TX00004645
GT00614,Account,ACC0129184,normal,NORMAL,false,info,2025-05-18,,P004277|TX00006201
GT00615,Person,P015110,rapid_movement,AML_LOW,true,low,2025-02-06,,TX00008061|TX00007808|TX00005747|TX00009268|TX00004119
GT00616,Person,P085191,layering,FRAUD_MEDIUM,true,high,2023-03-14,2023-06-12,TX00001617|TX00004990
GT00617,Person,P067325,false_invoice,FRAUD_MEDIUM,true,low,2024-10-15,2025-03-24,TX00006038|P002725|TX00007983|P004102|TX00005334|TX00003105
GT00618,Account,ACC0131854,round_tripping,AML_LOW,true,high,2023-01-02,2023-04-24,P001207|TX00005301|TX00002548|TX00006220|TX00009123|P003529|TX00002159
GT00619,Account,ACC0017554,structuring,FRAUD_HIGH,true,critical,2022-04-23,2022-05-05,P001076|TX00001228|TX00004203|P000183
GT00620,Person,P082854,shell_company,FRAUD_MEDIUM,true,high,2024-07-07,,TX00005131|P002359
GT00621,Account,ACC0132938,false_invoice,FRAUD_HIGH,true,low,2022-10-25,2023-01-25,TX00001194|TX00001780|P004073
GT00622,Account,ACC0003635,normal,NORMAL,false,info,2023-02-07,,TX00004991|TX00007881
GT00623,Account,ACC0076807,rapid_movement,AML_LOW,true,medium,2022-11-09,,TX00007879|P002185|TX00000047|TX00005105|TX00009190
GT00624,Person,P093866,round_tripping,AML_HIGH,true,critical,2024-06-23,,TX00009359|TX00004372|TX00000499|TX00002139|TX00005612|P002451|P002492|TX00009365
GT00625,Company,C06106,shell_company,FRAUD_HIGH,true,medium,2023-10-18,2023-11-06,TX00002991|TX00000420|TX00002824
GT00626,Person,P071873,layering,AML_LOW,true,critical,2025-02-16,,TX00001205|P003298|TX00004200|TX00001010|TX00002717
GT00627,Person,P059692,shell_company,AML_LOW,true,medium,2024-04-18,2024-08-02,TX00003165|TX00004154|TX00006741|TX00000640|P001991|TX00002645|TX00005311
GT00628,Person,P023851,false_invoice,AML_MEDIUM,true,critical,2025-02-10,,TX00009845|P004141|P000936|TX00000126|TX00001418|TX00008953
GT00629,Account,ACC0071073,normal,NORMAL,false,info,2023-12-27,,P003189|TX00002401|TX00009342|P003044|TX00009925|TX00001300
GT00630,Account,ACC0040737,normal,NORMAL,false,info,2023-10-06,2024-01-11,P001086|TX00002472|P000696|TX00003726
GT00631,Account,ACC0081358,structuring,AML_LOW,true,medium,2022-10-30,2022-12-21,TX00001818|TX00006917|TX00004727|TX00009610|P004468|TX00008579
GT00632,Person,P076177,shell_company,FRAUD_MEDIUM,true,high,2025-07-15,2025-11-04,P001287|TX00006980|TX00003421|P002037|TX00007748|TX00003465|TX00004873
GT00633,Account,ACC0048132,normal,NORMAL,false,info,2023-12-01,2023-12-25,TX00003739|P000275|TX00009553|P003050|P003156
GT00634,Account,ACC0053749,shell_company,FRAUD_MEDIUM,true,high,2023-02-27,,TX00005027|TX00009538|TX00000269|TX00008758|TX00005938|TX00007512|TX00007683
GT00635,Account,ACC0075183,false_invoice,FRAUD_HIGH,true,low,2025-03-14,,P001910|TX00005880|TX00000861|P004499
GT00636,Account,ACC0072886,structuring,FRAUD_HIGH,true,high,2023-07-17,2023-11-22,P004571|TX00001539|TX00009470|P003749|TX00003813|P001816
GT00637,Account,ACC0145397,normal,NORMAL,false,info,2023-02-06,2023-02-25,P000058|P001640|TX00005290|P004785|TX00000247
GT00638,Account,ACC0025211,smurfing,FRAUD_MEDIUM,true,medium,2023-01-19,2023-04-09,TX00006914|TX00008346|TX00006477
GT00639,Person,P077123,structuring,FRAUD_MEDIUM,true,high,2024-11-09,,P003558|P004448|P001133
GT00640,Account,ACC0028653,structuring,AML_LOW,true,high,2025-02-25,,TX00002310|P004797|P003488|TX00005519
GT00641,Person,P048925,smurfing,AML_HIGH,true,high,2023-11-21,2024-02-05,TX00001873|TX00006360
GT00642,Account,ACC0076918,normal,NORMAL,false,info,2025-01-11,,TX00002654|P004355
GT00643,Account,ACC0064957,structuring,AML_MEDIUM,true,high,2025-04-17,2025-10-02,TX00001322|TX00003607|TX00008873|TX00001130
GT00644,Account,ACC0119640,normal,NORMAL,false,info,2025-11-13,,TX00004013|TX00007749|TX00000420
GT00645,Account,ACC0023788,smurfing,AML_HIGH,true,critical,2025-07-21,2025-08-19,P003610|TX00003152
GT00646,Account,ACC0075945,layering,FRAUD_MEDIUM,true,low,2022-04-08,2022-06-03,TX00004965|TX00001461|TX00005455
GT00647,Account,ACC0103133,shell_company,AML_MEDIUM,true,critical,2022-10-24,,TX00009971|TX00002067
GT00648,Account,ACC0020839,smurfing,AML_HIGH,true,medium,2025-12-07,,TX00007432|TX00007761
GT00649,Person,P045660,normal,NORMAL,false,info,2024-02-24,2024-08-15,P003911|P004412
GT00650,Company,C03300,layering,AML_MEDIUM,true,medium,2023-09-03,,TX00007753|TX00008356|P001220|P001558|TX00008105|TX00006620|TX00002745
GT00651,Account,ACC0089572,structuring,AML_MEDIUM,true,medium,2024-03-01,,TX00009580|TX00003950|TX00002059|TX00005045|TX00000148
GT00652,Account,ACC0090892,round_tripping,AML_MEDIUM,true,critical,2023-11-21,2024-05-03,P004285|TX00008910|TX00009139|TX00006839
GT00653,Company,C05941,normal,NORMAL,false,info,2024-06-23,,P002522|TX00006767|P003499
GT00654,Account,ACC0024192,smurfing,AML_HIGH,true,low,2023-04-02,2023-07-15,TX00001260|TX00002947|P003417
GT00655,Account,ACC0087561,round_tripping,FRAUD_MEDIUM,true,critical,2023-10-12,2024-01-27,P002843|TX00009681
GT00656,Account,ACC0141141,round_tripping,AML_LOW,true,medium,2025-12-18,,TX00003949|TX00006915|P004417|P003386|P000180|P004052|P002094|TX00009104
GT00657,Person,P002998,layering,FRAUD_MEDIUM,true,low,2025-12-08,,P001444|TX00006643|TX00009966|P001600|TX00008541|P000588
GT00658,Person,P043581,rapid_movement,AML_LOW,true,critical,2022-07-10,2022-11-13,TX00008597|TX00006803|TX00005114|P001452|TX00002939|P000945
GT00659,Company,C01118,structuring,AML_MEDIUM,true,critical,2022-01-30,2022-03-27,P002472|TX00005424|TX00003039|TX00004860
GT00660,Account,ACC0081012,layering,FRAUD_MEDIUM,true,medium,2024-12-01,,TX00004279|TX00000494|P000343|TX00002289|TX00007980|TX00004492
GT00661,Person,P051796,round_tripping,AML_HIGH,true,low,2022-02-26,2022-08-22,P003719|TX00009025|TX00000091|TX00002273
GT00662,Person,P063650,false_invoice,AML_LOW,true,medium,2022-07-12,,TX00002596|TX00009096|P000180|TX00006672
GT00663,Person,P033269,normal,NORMAL,false,info,2023-06-11,2023-09-01,TX00002918|P000761|TX00007888|TX00002849
GT00664,Account,ACC0092577,normal,NORMAL,false,info,2024-11-11,2025-03-29,TX00007799|TX00004876|TX00008037|TX00002962|TX00009872|TX00007335|P002288
GT00665,Account,ACC0006919,layering,AML_LOW,true,critical,2022-04-25,2022-08-25,P004601|TX00004905|TX00007920|P004879|TX00002960|P004076|P002951|TX00003906
GT00666,Company,C06638,round_tripping,AML_LOW,true,low,2024-08-31,,TX00007773|TX00006368|TX00009456|TX00005377|TX00003044|P002016
GT00667,Person,P099522,smurfing,AML_HIGH,true,medium,2023-08-29,2023-10-19,P004914|TX00004435|TX00007274|P004446
GT00668,Account,ACC0130193,smurfing,AML_LOW,true,high,2025-10-20,2025-12-05,TX00002074|TX00002483|TX00002060|TX00005196|TX00004704|P004353
GT00669,Account,ACC0142307,rapid_movement,AML_HIGH,true,high,2024-01-01,2024-06-25,P004158|TX00003950|TX00003769|P004747|TX00003134|P001035|P000406|TX00007432
GT00670,Person,P057738,smurfing,AML_LOW,true,critical,2022-12-28,,TX00006275|P000950|TX00005881|TX00008357|TX00002102|P001531|TX00007763
GT00671,Company,C03329,false_invoice,AML_LOW,true,medium,2025-04-16,,TX00003046|TX00009562|TX00002842|TX00001358|P000471|TX00001173
GT00672,Person,P034917,normal,NORMAL,false,info,2023-12-01,2024-01-03,P002936|TX00006339|P003156|TX00000226
GT00673,Account,ACC0129487,normal,NORMAL,false,info,2024-02-28,,TX00000759|TX00006647
GT00674,Company,C04194,smurfing,AML_MEDIUM,true,low,2022-02-20,2022-03-20,TX00000274|TX00009819|P000901|TX00008748|TX00002227|TX00004598|TX00009246
GT00675,Account,ACC0148259,smurfing,AML_HIGH,true,high,2025-02-21,2025-03-28,TX00008637|TX00007142
GT00676,Person,P071643,structuring,AML_MEDIUM,true,low,2025-12-17,2026-01-01,TX00003368|TX00001841|P003042|TX00004598|P003775|P001305
GT00677,Account,ACC0137630,layering,FRAUD_HIGH,true,high,2024-10-31,,TX00005963|TX00008024|TX00002569|TX00009190|TX00003407|TX00007333|TX00001932
GT00678,Account,ACC0099005,layering,AML_MEDIUM,true,medium,2025-01-27,,TX00003695|TX00004093|TX00007128|TX00004886|TX00000599|TX00008444
GT00679,Account,ACC0051431,false_invoice,FRAUD_HIGH,true,high,2023-06-28,2023-10-14,P004473|P004788
GT00680,Account,ACC0094172,normal,NORMAL,false,info,2022-04-12,2022-07-17,P003242|TX00007855|P000572|TX00005738
GT00681,Person,P018132,rapid_movement,FRAUD_MEDIUM,true,low,2022-03-12,2022-04-15,TX00001341|TX00004887|P002081
GT00682,Account,ACC0145803,structuring,FRAUD_HIGH,true,high,2022-08-25,2022-12-24,P001808|P001274|TX00005014|P000788|TX00001990|P001535|TX00003355
GT00683,Account,ACC0147463,shell_company,FRAUD_HIGH,true,high,2024-04-15,2024-07-07,P000529|P004230
GT00684,Account,ACC0012060,layering,AML_LOW,true,low,2024-06-11,2024-07-07,TX00002075|TX00003424
GT00685,Account,ACC0074349,round_tripping,AML_HIGH,true,critical,2022-10-06,,TX00005424|TX00000304|TX00000213
GT00686,Account,ACC0061666,layering,AML_MEDIUM,true,low,2022-08-05,,TX00007495|TX00009422
GT00687,Person,P007764,round_tripping,AML_LOW,true,medium,2025-11-30,2026-01-01,TX00007899|TX00000387|TX00007216
GT00688,Person,P001860,normal,NORMAL,false,info,2023-06-12,2023-09-03,TX00003913|TX00008017
GT00689,Account,ACC0059676,shell_company,AML_MEDIUM,true,medium,2024-12-12,,TX00009711|P003289|P002337|TX00003687|TX00006296|TX00004394|P004585|P004655
GT00690,Person,P044916,shell_company,AML_HIGH,true,critical,2024-11-03,,P000837|P002626|TX00007119|P001238|TX00004964|TX00008850|TX00005177
GT00691,Account,ACC0023978,layering,AML_LOW,true,medium,2023-03-08,,TX00005851|P002684|P004291
GT00692,Company,C01893,normal,NORMAL,false,info,2024-11-02,,P004624|P001581|P000349|P004463
GT00693,Account,ACC0065073,layering,AML_HIGH,true,low,2023-12-01,2024-02-23,TX00008887|TX00008655|TX00002473
GT00694,Account,ACC0029046,smurfing,FRAUD_HIGH,true,critical,2023-08-13,,TX00007101|P004464|TX00006421|TX00008283|P002305|TX00001290|TX00003805
GT00695,Account,ACC0098723,layering,FRAUD_HIGH,true,medium,2023-10-17,,TX00006069|P000641
GT00696,Account,ACC0096259,normal,NORMAL,false,info,2023-09-06,2023-11-13,P004476|TX00009411|P001508|TX00009369|P002421
GT00697,Person,P034009,rapid_movement,FRAUD_MEDIUM,true,low,2023-03-16,2023-06-15,P000806|TX00001529|TX00005201|P004323|TX00006877|P002736
GT00698,Account,ACC0015636,rapid_movement,AML_LOW,true,high,2024-08-14,2025-01-08,TX00005405|TX00006450|P002378|TX00004766|TX00009003|P001189|P003808
GT00699,Person,P056455,structuring,FRAUD_MEDIUM,true,medium,2025-01-15,2025-05-13,TX00007672|TX00008945|P004872|TX00002498|TX00001289|P003494
GT00700,Person,P051490,smurfing,AML_HIGH,true,medium,2024-08-20,,TX00009466|TX00002377
GT00701,Account,ACC0108509,round_tripping,FRAUD_HIGH,true,high,2022-02-11,2022-08-07,TX00009201|TX00008558|P004514|TX00000845|P004578|P002661|P000486|TX00005836
GT00702,Account,ACC0030174,structuring,FRAUD_HIGH,true,critical,2023-05-19,,P004032|P002447|P001051|TX00007181
GT00703,Person,P005809,smurfing,FRAUD_MEDIUM,true,medium,2023-12-20,2024-05-09,TX00006658|TX00001241
GT00704,Person,P052196,normal,NORMAL,false,info,2024-07-12,,TX00004661|TX00005447|TX00007590
GT00705,Person,P001126,normal,NORMAL,false,info,2023-01-18,,TX00005598|P004432|TX00008319|P000777|TX00001645|TX00003246
GT00706,Person,P098316,layering,AML_HIGH,true,high,2024-08-19,,P000885|TX00007277|TX00006415|P004405|TX00009811
GT00707,Person,P080298,false_invoice,AML_MEDIUM,true,medium,2023-01-03,2023-03-08,P004935|P002955|P003395|TX00008107
GT00708,Person,P087497,normal,NORMAL,false,info,2025-02-09,2025-05-21,TX00009879|TX00004017|TX00003014|TX00001569
GT00709,Account,ACC0112483,round_tripping,AML_HIGH,true,medium,2025-09-29,2026-01-01,P003528|P002694|TX00007563
GT00710,Person,P082463,smurfing,AML_HIGH,true,medium,2025-05-02,2025-05-30,TX00007705|P001778
GT00711,Account,ACC0113702,false_invoice,AML_HIGH,true,medium,2022-06-01,,TX00005050|TX00004226|TX00002371|P001511|TX00000996|P004231|P000622|TX00002996
GT00712,Account,ACC0092914,shell_company,FRAUD_HIGH,true,high,2022-09-08,2023-01-07,P000400|TX00001186|TX00009251|P004264|P003935|TX00004082|TX00003190
GT00713,Person,P094331,normal,NORMAL,false,info,2024-03-13,,TX00008884|TX00002388
GT00714,Person,P057743,structuring,AML_HIGH,true,high,2024-08-22,2024-10-18,TX00008112|P000638
GT00715,Account,ACC0132657,normal,NORMAL,false,info,2024-04-10,,TX00000655|P001574|TX00006321|TX00006147|P004953|TX00002363|TX00005449
GT00716,Person,P082652,rapid_movement,AML_HIGH,true,low,2024-05-30,,TX00002934|TX00006785|P004157|P000985|TX00006500|TX00004437|TX00007081|P000897
GT00717,Account,ACC0007803,false_invoice,AML_HIGH,true,critical,2023-05-08,2023-06-14,TX00003794|P004958|TX00003650|TX00009355|P003815|TX00006809
GT00718,Person,P027382,shell_company,AML_HIGH,true,medium,2023-07-28,2023-09-05,P001589|TX00005901|TX00000497|TX00007539|TX00003215|TX00007555|TX00006248|P004678
GT00719,Person,P041228,rapid_movement,FRAUD_MEDIUM,true,medium,2025-07-18,2025-08-08,P004766|TX00001532|TX00006337|TX00003860|TX00005314
GT00720,Account,ACC0082560,smurfing,FRAUD_MEDIUM,true,critical,2024-03-31,2024-08-18,TX00003482|TX00008837|TX00001938|TX00008756|TX00004330|TX00006858|TX00007068
GT00721,Person,P096237,normal,NORMAL,false,info,2022-10-06,2023-01-28,P001476|P004748|TX00008617
GT00722,Account,ACC0000813,normal,NORMAL,false,info,2022-04-14,2022-05-05,TX00002686|P001383|TX00003684|P002158|P003072|TX00006748
GT00723,Account,ACC0099518,normal,NORMAL,false,info,2025-12-04,,TX00007881|P002313|P002199|TX00004289
GT00724,Person,P038542,round_tripping,AML_MEDIUM,true,medium,2022-11-27,2023-03-03,P003570|P000068|TX00001258|P003308|TX00008596
GT00725,Account,ACC0085822,normal,NORMAL,false,info,2024-02-20,,P002371|P003857|P002334|P000330|TX00004381|TX00005453|TX00006538|TX00006471
GT00726,Person,P096358,false_invoice,FRAUD_MEDIUM,true,low,2022-07-02,2022-09-12,TX00007840|TX00001257|P003046|TX00002641|TX00005446
GT00727,Account,ACC0005210,structuring,AML_HIGH,true,medium,2024-05-28,2024-07-28,P002427|P004418|TX00003176|TX00001858|TX00004097|TX00007191|P001178|P001804
GT00728,Account,ACC0112639,rapid_movement,AML_MEDIUM,true,medium,2023-04-21,2023-06-23,TX00009021|TX00004528|P001792|TX00007140|P004164|TX00008237
GT00729,Person,P010272,rapid_movement,FRAUD_MEDIUM,true,high,2023-03-22,2023-07-19,TX00005655|TX00006482
GT00730,Account,ACC0033613,false_invoice,FRAUD_HIGH,true,low,2023-09-02,,TX00007019|TX00005273
GT00731,Account,ACC0059224,normal,NORMAL,false,info,2023-01-05,2023-03-20,P000832|P003867|TX00005620|TX00008312
GT00732,Account,ACC0085731,structuring,FRAUD_MEDIUM,true,critical,2023-04-15,2023-09-11,P002050|TX00001495|P000734|TX00003322|TX00004497|TX00000770|TX00003730
GT00733,Account,ACC0142798,rapid_movement,FRAUD_MEDIUM,true,low,2022-02-02,2022-07-30,TX00006688|TX00000487|TX00008243|TX00004793|TX00009791|P001144|TX00008301|TX00007709
GT00734,Account,ACC0029078,smurfing,AML_MEDIUM,true,critical,2022-09-18,2022-11-17,P000341|TX00008771
GT00735,Account,ACC0032597,smurfing,AML_MEDIUM,true,medium,2025-03-06,,TX00003289|TX00009722|TX00009771|TX00003325
GT00736,Account,ACC0092512,normal,NORMAL,false,info,2022-01-15,2022-05-23,P001998|P004693|TX00001677
GT00737,Person,P027583,rapid_movement,AML_LOW,true,low,2022-04-02,,TX00001908|TX00003822|P002417|TX00007623|P002803|TX00007321|TX00006015
GT00738,Account,ACC0036128,normal,NORMAL,false,info,2024-11-20,2025-05-15,TX00001234|TX00009028|TX00002717|TX00002057|TX00001151
GT00739,Person,P069884,false_invoice,FRAUD_MEDIUM,true,medium,2023-06-23,2023-07-22,TX00000957|TX00000493|TX00008353|TX00005216
GT00740,Person,P029982,normal,NORMAL,false,info,2023-07-18,2023-09-15,P004385|TX00003757|P000406
GT00741,Person,P001811,false_invoice,AML_LOW,true,critical,2022-08-13,2023-01-17,TX00003773|TX00002588|P004214
GT00742,Person,P000004,normal,NORMAL,false,info,2022-05-22,,TX00001384|TX00006701|TX00007881|TX00006047|TX00004154|P003990
GT00743,Person,P067498,shell_company,FRAUD_HIGH,true,critical,2023-04-04,,P004999|P000908|TX00003324|TX00002213|P003841
GT00744,Person,P070105,normal,NORMAL,false,info,2022-07-04,,TX00008304|TX00009599|TX00004717|P004331|TX00001691
GT00745,Account,ACC0082601,smurfing,AML_HIGH,true,critical,2023-03-22,2023-04-01,TX00005337|TX00008792|TX00002829|P004530
GT00746,Account,ACC0015390,round_tripping,FRAUD_MEDIUM,true,critical,2023-01-03,,TX00009038|TX00005434|TX00007300|TX00000300|TX00009018|P002806|TX00007110
GT00747,Account,ACC0015635,false_invoice,AML_MEDIUM,true,low,2024-03-03,2024-07-31,TX00009056|TX00002911|TX00002062|P002107|TX00008917
GT00748,Person,P005191,shell_company,FRAUD_HIGH,true,critical,2025-02-18,2025-07-22,TX00008984|P001007|TX00004666|TX00008169|TX00003603|P002413
GT00749,Account,ACC0075683,smurfing,AML_LOW,true,medium,2022-03-11,2022-03-22,TX00006618|TX00000481|TX00006555|TX00000593
GT00750,Person,P031321,normal,NORMAL,false,info,2023-02-15,2023-07-29,TX00008143|TX00003959|TX00009550|P002621|TX00003139|TX00008792
GT00751,Person,P050777,shell_company,AML_HIGH,true,critical,2024-02-04,2024-05-12,P004438|TX00005038|TX00005877|TX00008810|TX00000901
GT00752,Account,ACC0089668,layering,FRAUD_MEDIUM,true,low,2024-07-18,2024-08-24,P002238|P003075|TX00003015|TX00000547|TX00000226|TX00003028|TX00004452|P002760
GT00753,Account,ACC0097801,rapid_movement,AML_LOW,true,high,2023-02-19,2023-03-17,P003234|TX00005983|TX00003640|TX00001652
GT00754,Account,ACC0025174,structuring,FRAUD_HIGH,true,low,2023-11-15,2023-12-03,TX00006063|TX00009647|TX00005948|P000685|TX00000357|TX00009576
GT00755,Company,C01664,false_invoice,AML_MEDIUM,true,high,2024-03-21,,TX00007013|TX00007545
GT00756,Account,ACC0098843,shell_company,AML_HIGH,true,high,2024-08-26,2025-01-13,TX00001542|TX00001984|TX00000794|P002120|TX00008465|TX00009172|TX00005279
GT00757,Person,P030836,normal,NORMAL,false,info,2025-09-30,,P003696|TX00000981|TX00003379|TX00000730|TX00009751|P000244|P001031|TX00003749
GT00758,Account,ACC0042586,smurfing,FRAUD_HIGH,true,critical,2023-01-23,2023-06-26,TX00004372|TX00004223|P002445|TX00005267|P002102|P000448|TX00003641
GT00759,Person,P023987,normal,NORMAL,false,info,2022-08-26,,TX00001082|P000468|P001843
GT00760,Account,ACC0107029,shell_company,AML_LOW,true,medium,2024-12-05,2025-04-18,P001711|P002895|TX00008664|TX00000337|TX00009532|P002458
GT00761,Person,P033368,false_invoice,FRAUD_MEDIUM,true,high,2024-08-30,,TX00002713|TX00005741|P001136|TX00007293|P003402|TX00002922|TX00006121
GT00762,Account,ACC0060385,layering,AML_LOW,true,low,2023-02-28,2023-04-04,TX00007279|P000100
GT00763,Person,P087073,normal,NORMAL,false,info,2022-02-26,2022-05-02,TX00004493|TX00005120|TX00008966|TX00008431|TX00002368|TX00006089|TX00003941
GT00764,Account,ACC0057648,rapid_movement,AML_HIGH,true,medium,2024-01-20,,P003946|TX00007123|TX00004026|TX00007520
GT00765,Person,P011600,false_invoice,AML_LOW,true,high,2023-04-21,,P004760|TX00003042|P002274|TX00006067|TX00008886|P000800|TX00004224
GT00766,Account,ACC0023333,normal,NORMAL,false,info,2025-07-26,,TX00008831|TX00005313|TX00004109|TX00009802
GT00767,Person,P032243,smurfing,FRAUD_MEDIUM,true,medium,2024-09-22,2024-12-08,P001259|TX00001572|TX00001467|TX00008515|TX00008535
GT00768,Account,ACC0128421,layering,AML_HIGH,true,low,2023-11-22,2024-04-16,TX00000425|TX00000209|TX00007641
GT00769,Account,ACC0097078,rapid_movement,AML_MEDIUM,true,low,2023-04-03,2023-07-01,TX00004340|P003450|TX00001044|P003307
GT00770,Account,ACC0054730,round_tripping,FRAUD_HIGH,true,medium,2022-03-23,2022-08-09,TX00003392|P004416|TX00003559|TX00005962|TX00005782|TX00003676|P002988|TX00008385
GT00771,Account,ACC0140314,normal,NORMAL,false,info,2025-02-10,,TX00009869|TX00006988|TX00004798
GT00772,Person,P023010,normal,NORMAL,false,info,2023-01-22,2023-04-24,TX00000990|TX00003423|P003556|TX00004873|TX00009341|TX00008698
GT00773,Account,ACC0143508,shell_company,FRAUD_HIGH,true,medium,2023-03-21,,TX00008699|P003436|P003252|TX00002670|P002044|TX00001241|P004012|TX00007587
GT00774,Account,ACC0149993,structuring,FRAUD_MEDIUM,true,critical,2025-03-21,2025-07-23,TX00009718|TX00007104
GT00775,Account,ACC0145403,normal,NORMAL,false,info,2025-06-20,2025-10-22,TX00008145|P004916
GT00776,Account,ACC0067889,shell_company,AML_LOW,true,medium,2025-12-30,2026-01-01,TX00005975|TX00006854|P004549|TX00008606
GT00777,Account,ACC0027852,normal,NORMAL,false,info,2022-10-07,2023-01-16,TX00008722|TX00002407
GT00778,Account,ACC0099468,rapid_movement,AML_LOW,true,medium,2025-11-28,2025-12-19,P003354|TX00002494|TX00009825|TX00003300|TX00004805|TX00001539|TX00000354
GT00779,Person,P006270,normal,NORMAL,false,info,2025-01-17,2025-05-25,TX00007327|P004806
GT00780,Account,ACC0073438,structuring,AML_MEDIUM,true,low,2023-05-21,,TX00006685|P002707|TX00009113
GT00781,Account,ACC0012925,shell_company,AML_LOW,true,low,2023-06-15,,P001700|TX00007693
GT00782,Account,ACC0046086,layering,AML_LOW,true,medium,2024-02-07,2024-04-09,P004962|TX00000586|TX00008173|P002718|P001356|TX00008313|TX00008930|TX00005004
GT00783,Account,ACC0124889,structuring,FRAUD_HIGH,true,high,2024-05-28,2024-07-28,P001470|TX00005114|TX00004984|TX00003661|TX00004842|P000776
GT00784,Account,ACC0058903,false_invoice,AML_MEDIUM,true,high,2024-07-02,2024-07-18,P000089|TX00007488
GT00785,Account,ACC0098938,normal,NORMAL,false,info,2022-11-10,,TX00004408|TX00005852|TX00007351|P000401|P002470|P002243
GT00786,Account,ACC0051008,shell_company,FRAUD_HIGH,true,high,2024-01-11,,TX00006447|TX00002059
GT00787,Account,ACC0134413,layering,FRAUD_MEDIUM,true,high,2023-01-12,2023-04-06,TX00006524|P001749|TX00009756|TX00004218|P004324|P002019
GT00788,Account,ACC0028265,smurfing,AML_MEDIUM,true,high,2024-12-18,2025-04-12,TX00007527|TX00009316|P003263|P003710|TX00009371|P000250
GT00789,Account,ACC0061857,smurfing,FRAUD_MEDIUM,true,high,2024-05-21,2024-06-29,P004833|P003238|P004847|TX00000794|TX00004306|TX00005829
GT00790,Person,P026935,smurfing,AML_MEDIUM,true,critical,2024-03-23,,P001160|TX00003698
GT00791,Person,P024624,round_tripping,AML_HIGH,true,high,2024-10-06,,TX00001832|TX00006945|TX00001074|TX00001621
GT00792,Account,ACC0037280,normal,NORMAL,false,info,2024-04-11,2024-07-23,TX00008348|P003274|P002582
GT00793,Person,P081003,structuring,FRAUD_MEDIUM,true,high,2024-01-14,2024-02-16,P001480|TX00005572|TX00008560
GT00794,Person,P001619,layering,AML_HIGH,true,low,2024-12-30,,TX00001063|TX00000752|TX00009228|TX00003436
GT00795,Account,ACC0000217,normal,NORMAL,false,info,2022-06-27,2022-09-30,TX00001226|P002049|TX00002561|P004157|P002662|TX00001854
GT00796,Account,ACC0063549,shell_company,AML_LOW,true,medium,2022-11-20,2023-05-10,P000090|P000544
GT00797,Account,ACC0132677,normal,NORMAL,false,info,2024-08-07,2024-10-03,P003238|TX00008713
GT00798,Account,ACC0034886,round_tripping,AML_LOW,true,low,2023-03-06,2023-06-01,TX00002602|TX00005552|TX00006677|TX00009699
GT00799,Account,ACC0045018,false_invoice,FRAUD_HIGH,true,low,2024-01-31,2024-05-29,TX00008013|P000435|TX00001419
GT00800,Account,ACC0084363,structuring,FRAUD_HIGH,true,high,2023-08-06,,P003604|TX00001995|TX00005961
GT00801,Account,ACC0010079,round_tripping,AML_MEDIUM,true,low,2025-07-21,2025-09-09,TX00004051|P002121|TX00002726|P004538|P004767|TX00007054
GT00802,Account,ACC0055739,false_invoice,AML_MEDIUM,true,critical,2025-03-26,2025-04-05,TX00007921|TX00000617|P004540|TX00009375
GT00803,Account,ACC0060585,false_invoice,FRAUD_MEDIUM,true,medium,2025-11-18,,TX00004846|P004624|TX00002491|P001978|TX00006945|P004337|P000801
GT00804,Person,P077906,rapid_movement,FRAUD_MEDIUM,true,low,2024-11-20,,TX00005497|TX00003124
GT00805,Account,ACC0020501,structuring,AML_HIGH,true,critical,2024-12-17,2025-05-01,TX00003091|TX00001084|TX00004525|TX00005847
GT00806,Account,ACC0112012,shell_company,AML_HIGH,true,high,2023-07-15,2023-12-22,P003598|TX00000174|TX00008515|TX00000186|TX00006554|P002860
GT00807,Account,ACC0034938,shell_company,AML_HIGH,true,medium,2025-05-19,2025-09-21,TX00000273|P003130|TX00009373|P002176|TX00007819|P002978|P001995|TX00008165
GT00808,Person,P090751,layering,AML_LOW,true,high,2022-09-17,2023-02-01,P003640|P001463|TX00000208
GT00809,Person,P031545,layering,AML_MEDIUM,true,high,2025-02-11,2025-05-20,P003163|TX00001035
GT00810,Person,P058679,normal,NORMAL,false,info,2025-03-28,2025-05-02,TX00006043|TX00000250|TX00000224|TX00003041|P003294|TX00001476|TX00009746|TX00000113
GT00811,Account,ACC0005339,shell_company,AML_LOW,true,low,2024-08-25,2024-12-03,TX00000060|TX00006595|P003840|TX00009839|TX00001299|TX00003196
GT00812,Person,P051633,shell_company,FRAUD_HIGH,true,low,2023-09-28,,TX00009708|TX00000020
GT00813,Account,ACC0057418,round_tripping,AML_MEDIUM,true,low,2025-04-24,2025-10-14,TX00002526|TX00002433
GT00814,Person,P057940,false_invoice,AML_LOW,true,critical,2023-10-06,,TX00006982|TX00003695|TX00007426|P001875|TX00008442|TX00006861|TX00006007
GT00815,Account,ACC0097359,false_invoice,FRAUD_HIGH,true,critical,2025-11-13,,TX00008634|TX00003213|TX00008824|TX00002623
GT00816,Person,P022564,normal,NORMAL,false,info,2022-06-30,2022-09-04,P004399|TX00002870|TX00006317|TX00005050|TX00006546
GT00817,Account,ACC0064221,layering,AML_HIGH,true,medium,2022-08-30,,TX00006876|P001231|TX00007675|TX00006102|TX00002422|TX00008674|TX00003049|P001205
GT00818,Person,P084048,round_tripping,FRAUD_HIGH,true,critical,2025-06-28,,P003523|P001434|TX00001904|TX00002090|TX00003357|TX00004421
GT00819,Account,ACC0035891,normal,NORMAL,false,info,2023-01-03,2023-05-03,P001614|P002517|TX00003559|TX00000071|TX00008935|TX00001983|TX00005471|TX00000102
GT00820,Account,ACC0096227,rapid_movement,AML_HIGH,true,medium,2022-08-08,,P003728|TX00004804|TX00000299|TX00006814|TX00001896
GT00821,Account,ACC0142314,false_invoice,AML_LOW,true,medium,2022-12-04,,P003026|TX00001972|TX00006231|P000674|TX00007824|P000551|TX00001462|TX00002607
GT00822,Person,P014068,normal,NORMAL,false,info,2024-03-30,2024-05-04,TX00006319|TX00001778
GT00823,Person,P082534,normal,NORMAL,false,info,2024-04-03,2024-04-18,TX00004574|P003366|P004899|TX00006611|TX00005508
GT00824,Person,P019512,normal,NORMAL,false,info,2022-02-12,2022-04-12,TX00003378|TX00000920|P001562|TX00002423
GT00825,Account,ACC0036480,structuring,AML_HIGH,true,critical,2023-06-07,2023-09-01,TX00006378|P003741|P000235|P004051|P002806|TX00003903|P001632
GT00826,Person,P099425,shell_company,AML_MEDIUM,true,medium,2022-11-05,2022-12-22,TX00009104|TX00007090|TX00008752|P001308|P000979|P003246|TX00004824
GT00827,Account,ACC0049115,layering,AML_MEDIUM,true,critical,2024-05-30,2024-08-19,TX00008022|P002471
GT00828,Company,C03977,round_tripping,AML_HIGH,true,low,2024-03-30,,P001510|TX00004656|TX00009679|P004215|TX00002181
GT00829,Account,ACC0014959,smurfing,AML_HIGH,true,low,2024-05-18,2024-09-22,P002675|TX00002405
GT00830,Account,ACC0033082,false_invoice,AML_MEDIUM,true,critical,2023-10-18,2024-04-04,TX00003038|TX00007284|TX00005237|P003052|TX00008067|TX00006614
GT00831,Account,ACC0046018,round_tripping,FRAUD_MEDIUM,true,critical,2025-11-04,,TX00000179|P004713|TX00003058
GT00832,Account,ACC0082678,normal,NORMAL,false,info,2023-03-25,2023-04-19,TX00006740|P002251|TX00000605|TX00002240
GT00833,Account,ACC0045510,round_tripping,FRAUD_HIGH,true,high,2024-12-31,2025-01-08,TX00001780|P003995
GT00834,Account,ACC0095832,structuring,AML_HIGH,true,high,2022-06-06,,TX00003836|TX00000780
GT00835,Account,ACC0018402,normal,NORMAL,false,info,2022-03-08,,TX00002615|P003792|TX00008114
GT00836,Account,ACC0109211,structuring,AML_MEDIUM,true,medium,2025-02-23,2025-03-03,TX00006095|TX00004364|P001341|P002288|TX00008336|TX00009564
GT00837,Person,P015698,rapid_movement,AML_LOW,true,high,2023-10-15,,TX00007896|TX00002268|TX00004407|P002170|TX00002420|P002107|P004489
GT00838,Person,P035765,normal,NORMAL,false,info,2022-03-11,,TX00005061|TX00001456|P001105|P000521|TX00006448|TX00002417|TX00009611|P004306
GT00839,Account,ACC0052496,normal,NORMAL,false,info,2023-09-12,,P002321|P004634|TX00003241|TX00003962|P004902|P003112
GT00840,Person,P059674,smurfing,FRAUD_MEDIUM,true,medium,2023-12-30,,P003022|TX00003455|P000906|TX00004809|P003146|TX00008406|P004542|P002764
GT00841,Account,ACC0116252,normal,NORMAL,false,info,2025-04-10,2025-10-03,TX00009533|TX00008732|P000840|TX00007982|TX00009728|TX00001174
GT00842,Account,ACC0065142,structuring,AML_MEDIUM,true,low,2022-02-03,,P004885|P000794|TX00003617|TX00006779|TX00007988|TX00001064|P004163|TX00004536
GT00843,Person,P081287,false_invoice,FRAUD_HIGH,true,low,2023-12-02,,TX00000338|TX00000166|TX00001427|P002105|TX00006153|P001914|TX00000592|P000768
GT00844,Person,P075963,smurfing,FRAUD_HIGH,true,low,2023-04-06,2023-07-21,TX00009233|TX00006474|TX00001421|P000553|P000416|P001916|TX00009165|TX00001949
GT00845,Company,C00017,smurfing,AML_HIGH,true,medium,2024-10-24,2025-03-15,P000755|TX00001088|TX00009719
GT00846,Account,ACC0035507,false_invoice,AML_LOW,true,low,2022-09-02,2023-02-22,TX00008658|TX00000093|P003511|TX00000637|P001778|TX00002663|P002834|TX00002725
GT00847,Account,ACC0141076,smurfing,AML_HIGH,true,medium,2025-04-05,,P001345|TX00005883|TX00004711
GT00848,Person,P048266,rapid_movement,FRAUD_MEDIUM,true,critical,2023-02-10,2023-08-03,TX00008315|P002751
GT00849,Account,ACC0095134,rapid_movement,FRAUD_HIGH,true,high,2022-10-19,2023-03-16,P002160|P001295|TX00002248|P000879
GT00850,Account,ACC0036047,rapid_movement,FRAUD_MEDIUM,true,critical,2024-08-07,,TX00006254|TX00009208|P003915|TX00007918|TX00003480|TX00009898
GT00851,Account,ACC0100331,rapid_movement,AML_MEDIUM,true,critical,2025-08-08,,TX00006710|P002575|TX00002704|TX00009338|TX00002766
GT00852,Account,ACC0010521,rapid_movement,AML_MEDIUM,true,low,2022-08-19,2022-12-28,TX00003086|TX00006563|P001014
GT00853,Person,P038529,normal,NORMAL,false,info,2023-09-02,2024-01-09,TX00004249|TX00000322|TX00009948
GT00854,Account,ACC0062902,normal,NORMAL,false,info,2025-12-12,2026-01-01,P002620|TX00009311|TX00007854|TX00001147|P000729|TX00003645
GT00855,Account,ACC0096889,layering,AML_LOW,true,critical,2025-12-12,2026-01-01,TX00009111|TX00002062
GT00856,Account,ACC0001379,normal,NORMAL,false,info,2023-05-06,,TX00004763|TX00005592|TX00009912|P000019
GT00857,Account,ACC0133443,normal,NORMAL,false,info,2022-03-11,2022-03-21,TX00001153|P002372|P000681|P004893|P000270|TX00009747
GT00858,Account,ACC0025379,normal,NORMAL,false,info,2024-07-28,,TX00000755|P000867
GT00859,Person,P081957,normal,NORMAL,false,info,2023-11-27,,TX00004176|P004507|P004364
GT00860,Person,P008856,rapid_movement,AML_MEDIUM,true,critical,2023-08-01,2023-12-18,TX00009855|P003932|TX00008157|TX00002993
GT00861,Account,ACC0029018,false_invoice,AML_HIGH,true,critical,2025-03-24,,P003696|TX00009663|TX00004953|TX00000702|P002966
GT00862,Account,ACC0029415,smurfing,AML_LOW,true,medium,2025-08-09,2025-10-10,P002620|TX00000994|TX00006297|TX00005538|TX00009812|P003420|P000773
GT00863,Person,P094150,false_invoice,FRAUD_HIGH,true,low,2024-04-12,2024-07-03,TX00008942|TX00005192|TX00002800|TX00006355|TX00009767|TX00001294|P000177|TX00004522
GT00864,Person,P013911,false_invoice,AML_MEDIUM,true,medium,2022-06-29,,TX00008650|TX00005293|TX00003997|P001738|TX00001070
GT00865,Account,ACC0068057,structuring,FRAUD_HIGH,true,medium,2023-08-16,2023-10-25,TX00008365|TX00007083|P003696|TX00003868
GT00866,Account,ACC0036405,rapid_movement,AML_MEDIUM,true,high,2024-07-26,2024-08-25,P002821|P001190|P002593|P001985
GT00867,Account,ACC0117448,normal,NORMAL,false,info,2022-08-17,2022-12-25,TX00002250|TX00001816|P004922
GT00868,Account,ACC0142277,round_tripping,AML_LOW,true,critical,2022-11-23,2022-12-26,P002224|TX00002224|TX00001009|TX00009378|P002503|TX00004467|TX00006533|P001852
GT00869,Person,P090652,layering,AML_LOW,true,high,2024-06-23,,P002822|P001547|P004213|TX00004011|P001201
GT00870,Company,C00614,normal,NORMAL,false,info,2025-05-01,,TX00001292|TX00004217|TX00006789|TX00006222
GT00871,Account,ACC0075433,shell_company,AML_HIGH,true,critical,2022-08-28,2023-01-18,TX00000525|P001555|TX00003300|TX00002480|TX00007257
GT00872,Person,P086562,shell_company,AML_MEDIUM,true,high,2022-07-19,,TX00002429|P000922|TX00005482
GT00873,Account,ACC0053752,smurfing,AML_HIGH,true,high,2023-02-02,2023-03-27,P004055|TX00004651|TX00008196
GT00874,Person,P002701,smurfing,FRAUD_HIGH,true,low,2022-01-14,,P003656|P002907|TX00008224|P002791|TX00008559|TX00009335|TX00001985|TX00001592
GT00875,Person,P073619,false_invoice,FRAUD_HIGH,true,medium,2024-04-12,2024-10-03,P003854|P002613|P000174|P000274|P001763|P003210
GT00876,Account,ACC0084081,false_invoice,FRAUD_MEDIUM,true,high,2023-05-03,2023-10-24,TX00008868|TX00007470
GT00877,Person,P042712,shell_company,FRAUD_MEDIUM,true,critical,2022-12-17,,TX00003853|TX00006791|TX00006992|P000549|TX00003379|TX00003966|TX00009183|TX00003808
GT00878,Account,ACC0134509,normal,NORMAL,false,info,2023-08-05,,P001256|TX00002151
GT00879,Person,P091696,normal,NORMAL,false,info,2024-07-19,2024-11-29,TX00002776|P001636|P003245|TX00003967
GT00880,Person,P047761,structuring,FRAUD_MEDIUM,true,critical,2023-03-12,2023-06-13,TX00000211|TX00007426|TX00006602|TX00009101|TX00009356|P004431|TX00008491
GT00881,Person,P043526,normal,NORMAL,false,info,2023-04-02,2023-05-28,TX00001758|P003099
GT00882,Person,P096217,round_tripping,FRAUD_HIGH,true,high,2024-06-22,2024-10-12,TX00002199|TX00004493|TX00004357|TX00006299|TX00008251|TX00006024
GT00883,Person,P053617,normal,NORMAL,false,info,2023-04-19,,P001873|TX00003149|P002895|TX00000159|P002596
GT00884,Person,P019120,false_invoice,AML_MEDIUM,true,low,2024-08-04,2024-08-24,TX00002675|TX00009254|TX00000797|TX00000080|TX00004377|TX00009797
GT00885,Person,P037571,normal,NORMAL,false,info,2023-04-27,2023-07-16,P000596|TX00008874|TX00001318
GT00886,Person,P094656,layering,AML_HIGH,true,low,2025-05-13,2025-05-31,TX00005796|TX00002514|TX00002885|TX00005544|TX00003308|TX00004549|TX00002577|P003583
GT00887,Person,P044191,shell_company,AML_LOW,true,medium,2022-04-30,,P004740|TX00008756|TX00002050|P003061|TX00009038
GT00888,Account,ACC0010633,layering,AML_MEDIUM,true,high,2025-01-12,,TX00008900|P004098
GT00889,Account,ACC0104651,structuring,AML_HIGH,true,high,2025-12-03,2026-01-01,P000678|TX00007853|TX00009410|TX00006410|P003704|TX00004232
GT00890,Account,ACC0089427,smurfing,AML_MEDIUM,true,critical,2025-02-13,,TX00001861|TX00003064|TX00000005|TX00006492|P000113|P002553
GT00891,Person,P042486,rapid_movement,AML_LOW,true,medium,2025-01-04,,TX00009706|P002122|TX00000958|TX00004594|TX00009675
GT00892,Person,P060699,false_invoice,AML_LOW,true,medium,2024-02-05,,TX00008167|TX00001369|P001852|TX00004275
GT00893,Person,P036184,structuring,AML_MEDIUM,true,critical,2024-07-27,,TX00000609|P001370|P002450|TX00004721|TX00002073|TX00003932|TX00008559
GT00894,Person,P020099,round_tripping,FRAUD_MEDIUM,true,low,2024-08-09,,TX00003372|TX00006316|TX00003018|TX00008670|TX00000345|TX00009048
GT00895,Person,P024315,smurfing,AML_LOW,true,high,2024-01-06,,TX00007214|P001389|TX00001941
GT00896,Account,ACC0080426,false_invoice,AML_HIGH,true,medium,2023-05-26,,P001901|TX00003415|TX00004414|TX00006119|TX00001153|TX00007569|TX00006380
GT00897,Account,ACC0061033,rapid_movement,AML_HIGH,true,high,2023-04-08,2023-05-12,TX00006839|TX00009324|TX00000860|TX00008257
GT00898,Account,ACC0035118,rapid_movement,FRAUD_MEDIUM,true,medium,2023-08-03,2023-08-17,TX00008544|TX00008851|P002087
GT00899,Account,ACC0110702,normal,NORMAL,false,info,2024-04-25,2024-07-15,P003351|TX00008431|TX00006101|TX00005174|TX00003136|P004604|TX00004339|P001641
GT00900,Account,ACC0126938,structuring,AML_MEDIUM,true,medium,2023-07-15,2023-12-31,P001322|TX00004123|TX00002171|P002233|P003325|P003982|TX00008905
GT00901,Person,P011333,rapid_movement,AML_HIGH,true,medium,2022-10-10,,TX00008109|TX00004203|P000523|P002922|P000881|TX00006283|P001061
GT00902,Account,ACC0026055,rapid_movement,FRAUD_MEDIUM,true,critical,2023-04-23,2023-10-09,TX00001266|TX00009638|TX00005474|TX00009113
GT00903,Account,ACC0013862,smurfing,FRAUD_MEDIUM,true,medium,2024-07-15,,TX00000372|TX00002641|TX00002557
GT00904,Account,ACC0006030,normal,NORMAL,false,info,2022-02-19,,TX00001515|P002919|P003993|P001017|TX00000579|TX00008390
GT00905,Account,ACC0015160,normal,NORMAL,false,info,2024-04-30,2024-10-25,P001064|TX00009773
GT00906,Person,P019454,smurfing,AML_HIGH,true,low,2024-06-29,2024-10-18,TX00008750|TX00005431|P002680|P001837
GT00907,Account,ACC0084088,normal,NORMAL,false,info,2025-10-30,,TX00009514|TX00001608|TX00008592|P002169|P002169|TX00007261|P001021|TX00002000
GT00908,Person,P032816,rapid_movement,AML_MEDIUM,true,medium,2023-06-13,2023-08-29,P004437|TX00007475|TX00009293|TX00004225|TX00007975|TX00007354|P002769
GT00909,Person,P047071,shell_company,AML_LOW,true,critical,2022-08-21,2023-01-30,TX00005701|TX00007776|P004527
GT00910,Account,ACC0037275,round_tripping,AML_LOW,true,critical,2025-06-07,2025-06-20,TX00002177|TX00000912|TX00003929|TX00009228|TX00000397|TX00006547|TX00001438|P003135
GT00911,Account,ACC0106587,structuring,AML_HIGH,true,critical,2024-07-07,,P003323|TX00002737
GT00912,Account,ACC0146955,normal,NORMAL,false,info,2022-01-06,,P000887|TX00008478|P002372|TX00004926|TX00009915|TX00001778|TX00009147|TX00007352
GT00913,Person,P066495,shell_company,AML_LOW,true,low,2023-10-16,,P004461|P003665|P003822
GT00914,Account,ACC0084749,layering,AML_MEDIUM,true,critical,2022-09-30,,P004516|TX00009683|TX00001798
GT00915,Person,P034169,round_tripping,FRAUD_HIGH,true,critical,2023-12-05,2023-12-25,TX00003459|TX00006053|TX00006767|P001325|TX00008768
GT00916,Account,ACC0116129,normal,NORMAL,false,info,2025-08-13,2025-10-29,TX00000168|TX00006681|TX00009050|P000123|P004823|P003537|TX00008660
GT00917,Account,ACC0091463,rapid_movement,AML_HIGH,true,high,2025-08-22,2025-12-26,TX00003193|P004988|P000679|P001045|TX00006334
GT00918,Person,P083116,round_tripping,AML_HIGH,true,critical,2022-07-11,2022-08-27,TX00002916|TX00001536|TX00008940|P004566
GT00919,Account,ACC0015632,round_tripping,FRAUD_MEDIUM,true,critical,2022-07-22,2022-10-03,TX00002969|P004252|TX00009732
GT00920,Account,ACC0055430,shell_company,FRAUD_HIGH,true,low,2025-07-19,2025-08-15,TX00001668|TX00004654
GT00921,Person,P086098,false_invoice,AML_MEDIUM,true,low,2024-12-28,2025-03-13,P004913|TX00007871|P002955
GT00922,Person,P030169,normal,NORMAL,false,info,2023-09-26,,TX00008551|TX00000881
GT00923,Account,ACC0114615,normal,NORMAL,false,info,2024-11-01,,TX00005256|TX00009166|TX00000883|TX00001524|P004279|P003595|P003323
GT00924,Account,ACC0103244,smurfing,AML_LOW,true,critical,2023-08-03,2023-10-30,TX00009243|TX00007905|TX00001461|TX00005813|P003561|P003108|P002769
GT00925,Person,P069091,rapid_movement,AML_HIGH,true,medium,2022-06-17,,P004388|P004060|P003989|TX00005225|TX00003847
GT00926,Person,P018780,layering,AML_HIGH,true,low,2023-10-23,2024-04-04,P001119|P004101|P000505|P001190|TX00002831
GT00927,Account,ACC0137058,normal,NORMAL,false,info,2024-01-26,2024-02-06,TX00008687|P003011|TX00001441|TX00000807|TX00004056|TX00003753|TX00004132
GT00928,Account,ACC0041203,structuring,AML_LOW,true,low,2024-02-14,,TX00007781|TX00004557
GT00929,Person,P049762,normal,NORMAL,false,info,2024-07-25,2024-11-06,TX00009320|TX00003633|TX00008920|P002046
GT00930,Account,ACC0144855,smurfing,FRAUD_MEDIUM,true,high,2022-03-18,2022-05-23,TX00006439|TX00004675|P002149
GT00931,Account,ACC0072899,normal,NORMAL,false,info,2022-02-18,,TX00005980|P003819|TX00002643|P001295|P000563|TX00002040
GT00932,Account,ACC0112929,rapid_movement,FRAUD_HIGH,true,low,2025-01-20,2025-03-18,TX00005230|P003959|TX00007321|TX00009719|P000309
GT00933,Account,ACC0143097,smurfing,FRAUD_HIGH,true,low,2022-01-30,2022-02-16,TX00008732|TX00006322|TX00003493|TX00006613|TX00003066|TX00009603
GT00934,Account,ACC0011831,shell_company,FRAUD_MEDIUM,true,critical,2022-01-30,,P001931|TX00007785|TX00001958|P004178
GT00935,Account,ACC0007002,normal,NORMAL,false,info,2022-06-16,,P001959|TX00001919|TX00004862|P004070|TX00009464|P003853|TX00009715|TX00004166
GT00936,Account,ACC0075424,smurfing,AML_MEDIUM,true,high,2025-05-12,,P004505|P004474|P000543|TX00002051|TX00001287|P000239
GT00937,Account,ACC0143288,normal,NORMAL,false,info,2023-12-24,2024-04-22,P003031|TX00008277
GT00938,Person,P065649,layering,AML_MEDIUM,true,critical,2024-03-10,2024-05-21,TX00001573|TX00008377|P004541|TX00001784|P000721
GT00939,Account,ACC0058253,rapid_movement,FRAUD_MEDIUM,true,medium,2022-10-05,2022-11-09,TX00001212|TX00000319|TX00003740|TX00002743|TX00008353|TX00000408|TX00009323
GT00940,Account,ACC0023441,normal,NORMAL,false,info,2025-06-13,2025-07-30,TX00004443|P002758
GT00941,Person,P024027,normal,NORMAL,false,info,2025-08-18,2025-09-19,TX00004070|TX00009952|TX00006337|P001066
GT00942,Person,P003640,shell_company,AML_MEDIUM,true,critical,2025-06-26,,P001752|TX00005205
GT00943,Account,ACC0090805,rapid_movement,FRAUD_HIGH,true,high,2022-07-13,2022-11-13,P004797|TX00007519|TX00002433|P000030|TX00001004|TX00004740|TX00001997
GT00944,Person,P041160,smurfing,FRAUD_MEDIUM,true,high,2024-08-15,2024-12-14,TX00000642|TX00001032|TX00006808|P001901|P003097|TX00009045|TX00000658|TX00005251
GT00945,Account,ACC0059636,rapid_movement,AML_MEDIUM,true,critical,2025-10-06,2026-01-01,P001745|TX00006917|TX00005619|TX00004838|TX00008500|TX00006990|P003487|TX00009387
GT00946,Person,P012696,layering,AML_MEDIUM,true,medium,2024-06-06,2024-06-27,P000749|TX00001660
GT00947,Account,ACC0119652,false_invoice,AML_MEDIUM,true,medium,2024-07-29,2024-08-06,TX00001465|TX00002432|TX00004556|TX00008532|TX00004402
GT00948,Account,ACC0064548,round_tripping,FRAUD_HIGH,true,high,2024-11-13,2025-04-10,P003531|P004264|TX00008847|P001776|TX00007123
GT00949,Account,ACC0135723,round_tripping,AML_LOW,true,critical,2024-10-10,,TX00008561|P002698|P000988|TX00009905|TX00005689|TX00001705|TX00003908|P002706
GT00950,Person,P022272,normal,NORMAL,false,info,2023-05-08,2023-06-29,P004400|P004345|TX00004386|TX00002681|TX00007916
GT00951,Account,ACC0109425,rapid_movement,AML_MEDIUM,true,medium,2022-03-30,2022-04-21,TX00004504|TX00000228|TX00002186|P002407|TX00009694|TX00000064|P004223|P003354
GT00952,Person,P036775,normal,NORMAL,false,info,2022-05-01,2022-09-10,TX00009705|TX00009716|P003033|TX00000633|TX00009608|P003020
GT00953,Person,P062309,round_tripping,AML_MEDIUM,true,critical,2024-05-19,2024-08-14,P004087|TX00008930|TX00002163|P004588|TX00008509
GT00954,Account,ACC0066044,normal,NORMAL,false,info,2023-12-29,,TX00007429|TX00001898|P002396|P004334|P003195
GT00955,Person,P028580,structuring,AML_MEDIUM,true,medium,2024-01-24,2024-02-16,TX00005383|P001540|TX00006509|TX00002758|P004744|TX00005727
GT00956,Company,C02512,normal,NORMAL,false,info,2023-10-01,2023-11-25,P000743|TX00003418|P002027|TX00007272|TX00004259|P001069|TX00008618|TX00008716
GT00957,Person,P058032,smurfing,AML_HIGH,true,critical,2022-07-03,,P004185|TX00009408|TX00004225
GT00958,Account,ACC0010285,structuring,AML_MEDIUM,true,medium,2023-12-04,2023-12-27,TX00005310|P004829|TX00007990
GT00959,Person,P013222,rapid_movement,AML_LOW,true,critical,2022-02-28,2022-07-12,P001217|TX00004173|P003867
GT00960,Account,ACC0010832,smurfing,AML_MEDIUM,true,low,2022-02-12,,P004693|TX00008428
GT00961,Account,ACC0009081,structuring,AML_MEDIUM,true,low,2024-10-22,,P002844|TX00008629|TX00003643|TX00001740|P001508|P002569
GT00962,Account,ACC0089462,structuring,AML_LOW,true,critical,2025-05-02,,TX00006781|TX00000798|TX00001104|TX00007573|TX00000600
GT00963,Person,P045807,smurfing,AML_LOW,true,medium,2022-01-16,2022-03-18,TX00002854|P004676|TX00001882|TX00007460|TX00002114|TX00006820|P001221
GT00964,Person,P088979,normal,NORMAL,false,info,2022-03-12,,P000166|TX00000637|TX00000986|TX00006140
GT00965,Account,ACC0125396,false_invoice,AML_LOW,true,medium,2025-07-29,2025-10-25,P004988|TX00007340|TX00005332|P003879|TX00004525
GT00966,Company,C08973,layering,AML_HIGH,true,high,2025-05-04,2025-09-14,P004962|P000486|TX00009183
GT00967,Account,ACC0071186,shell_company,AML_HIGH,true,low,2022-10-30,,TX00008395|P002631
GT00968,Person,P049727,normal,NORMAL,false,info,2023-11-26,,TX00000027|P003939|P000454
GT00969,Account,ACC0083041,structuring,FRAUD_HIGH,true,critical,2025-11-27,2026-01-01,TX00007295|P001703|TX00007789|TX00000401
GT00970,Person,P065351,normal,NORMAL,false,info,2023-07-25,,TX00001835|TX00008521|TX00006721|TX00001612|TX00001080|P001444|P004675
GT00971,Person,P057848,normal,NORMAL,false,info,2022-01-16,,TX00003486|TX00004170|P003313|TX00005289
GT00972,Account,ACC0128240,round_tripping,FRAUD_HIGH,true,medium,2024-11-19,2025-03-24,TX00004389|TX00002269|TX00005799|TX00007571|TX00009230|TX00007456
GT00973,Account,ACC0137244,smurfing,FRAUD_MEDIUM,true,high,2025-05-07,2025-06-12,P004729|TX00000604|P002548
GT00974,Account,ACC0130757,smurfing,AML_MEDIUM,true,high,2025-08-23,2025-11-04,P003750|P000386|TX00008420|P003394|P003416|P001345|TX00002486|P001057
GT00975,Person,P090634,layering,FRAUD_HIGH,true,medium,2024-12-24,,P002899|TX00001418|P002103|TX00006184|TX00001492
GT00976,Account,ACC0063500,normal,NORMAL,false,info,2025-04-24,2025-06-07,TX00002147|P004759|TX00003009|TX00001680
GT00977,Account,ACC0135048,normal,NORMAL,false,info,2023-09-21,2024-02-22,TX00008294|TX00008648|P004851
GT00978,Account,ACC0096603,layering,AML_HIGH,true,medium,2023-12-27,2024-06-23,TX00002019|TX00003647
GT00979,Account,ACC0000136,round_tripping,FRAUD_HIGH,true,low,2023-02-09,,TX00008244|P004666|TX00005674|P003344|TX00000431
GT00980,Account,ACC0016042,round_tripping,AML_MEDIUM,true,high,2022-04-16,,P001709|P000024|TX00003737|TX00002202|P004976|TX00007030|TX00001159|P003185
GT00981,Account,ACC0140858,shell_company,AML_HIGH,true,medium,2023-07-03,2023-10-19,TX00005469|TX00009098|TX00008615|P001428|P001904
GT00982,Person,P015842,layering,AML_MEDIUM,true,high,2025-02-07,,TX00008098|P000430|TX00005249|TX00004110|TX00003421|TX00001359
GT00983,Account,ACC0115608,round_tripping,FRAUD_HIGH,true,low,2023-08-15,2023-10-22,TX00003510|P003990|TX00004695|P004577|TX00004635|TX00003190|TX00008965|TX00005855
GT00984,Person,P004727,false_invoice,AML_HIGH,true,critical,2022-06-30,,P004618|TX00002508|TX00003327|TX00008142
GT00985,Person,P052990,round_tripping,FRAUD_MEDIUM,true,low,2025-03-29,2025-09-07,P000308|P002954|TX00008682|P003372|TX00002006|TX00001656
GT00986,Person,P041957,shell_company,AML_MEDIUM,true,critical,2022-12-29,2023-03-27,TX00009240|P003600
GT00987,Account,ACC0121789,rapid_movement,AML_HIGH,true,medium,2022-12-13,,TX00001476|TX00003462|TX00007236
GT00988,Person,P074279,structuring,FRAUD_MEDIUM,true,critical,2023-07-11,2023-10-23,TX00008628|TX00005473|TX00001835|TX00006154|P001174|TX00006113|P001923|TX00002420
GT00989,Person,P076939,layering,AML_HIGH,true,high,2023-01-29,2023-07-22,TX00002725|TX00004318
GT00990,Account,ACC0027948,normal,NORMAL,false,info,2024-01-06,2024-06-02,TX00007999|P003625|P003898|TX00003814|TX00009978|P002596|TX00009503|TX00005350
GT00991,Account,ACC0141746,rapid_movement,AML_LOW,true,low,2024-06-07,,TX00006246|P002554
GT00992,Account,ACC0090410,layering,FRAUD_HIGH,true,low,2022-11-11,2022-12-22,TX00005356|TX00000172|P004720|TX00003883|TX00009200|TX00001476
GT00993,Person,P056535,rapid_movement,FRAUD_MEDIUM,true,medium,2023-06-30,,TX00000880|TX00007846|TX00006948|TX00001525
GT00994,Person,P070387,structuring,FRAUD_MEDIUM,true,low,2024-03-10,2024-06-16,TX00002888|TX00007141|P000147|TX00004840|TX00004359
GT00995,Account,ACC0014534,layering,AML_LOW,true,high,2023-01-13,2023-07-09,TX00003441|TX00002107|TX00007396|TX00002425|P004878
GT00996,Account,ACC0130201,structuring,AML_LOW,true,low,2025-02-18,,TX00006679|P002698|P003796|P001975|TX00009405|TX00008031
GT00997,Person,P031611,rapid_movement,AML_HIGH,true,medium,2022-08-30,,TX00004936|P002620|TX00008207|TX00001266
GT00998,Person,P036491,false_invoice,AML_MEDIUM,true,low,2023-04-25,,TX00003677|P001207|TX00005728|TX00002481|P004782|P003292|P004415
GT00999,Person,P057198,layering,FRAUD_HIGH,true,low,2022-12-05,2023-04-28,TX00006478|TX00001291|TX00005948|TX00003716|TX00004461|TX00004037|TX00008354|P003915
GT01000,Account,ACC0078956,layering,FRAUD_HIGH,true,high,2023-10-14,,TX00000662|TX00007896|P001691|TX00000828|TX00007638|TX00001889|TX00001171|TX00008841
