relationship_id,source_type,source_id,relationship_type,target_type,target_id,start_time,end_time,confidence
REL0000001,Person,P033802,guarantor,Company,C00802,2024-01-21T15:54:08.322386,,0.7567
REL0000002,Account,ACC0113250,employer_employee,Account,ACC0114411,2024-02-11T08:51:24.095226,,0.4474
REL0000003,Account,ACC0100486,family,Person,P027320,2023-11-26T11:03:52.273624,,0.4258
REL0000004,Account,ACC0095155,guarantor,Person,P090706,2024-11-03T06:52:37.386689,,0.5134
REL0000005,Person,P088810,counterpart,Person,P005413,2024-08-02T12:18:17.796373,,0.5667
REL0000006,Person,P061891,supplier_customer,Account,ACC0073459,2022-08-12T22:57:28.430699,,0.5443
REL0000007,Person,P001119,family,Account,ACC0137464,2023-11-09T15:58:11.545795,,0.899
REL0000008,Person,P080724,supplier_customer,Account,ACC0125666,2023-09-10T00:14:35.462242,2025-01-19T13:16:08.618639,0.7244
REL0000009,Account,ACC0065799,family,Person,P073381,2023-05-12T15:38:20.295491,2025-12-21T04:33:57.154150,0.318
REL0000010,Account,ACC0024487,guarantor,Person,P099489,2022-09-28T05:07:15.517616,,0.9702
REL0000011,Person,P064780,referral,Account,ACC0045428,2025-10-11T15:00:18.584560,,0.3083
REL0000012,Account,ACC0130673,shared_device,Person,P033638,2023-08-23T08:59:32.527138,,0.7829
REL0000013,Account,ACC0029181,business_partner,Account,ACC0040905,2024-10-25T18:41:00.931491,2025-08-10T16:29:09.778250,0.709
REL0000014,Person,P067913,counterpart,Person,P016639,2022-11-21T04:43:52.659192,,0.3475
REL0000015,Person,P068223,employer_employee,Person,P024122,2023-10-29T16:33:38.220317,,0.9902
REL0000016,Account,ACC0142984,family,Account,ACC0008246,2024-01-01T22:16:38.341863,,0.5701
REL0000017,Person,P000582,family,Account,ACC0122282,2023-05-06T19:03:42.684639,,0.7895
REL0000018,Person,P063543,shared_address,Person,P084744,2024-08-28T01:59:08.356719,,0.4722
REL0000019,Account,ACC0079851,supplier_customer,Account,ACC0078823,2025-09-12T01:59:56.912680,,0.3285
REL0000020,Person,P086488,family,Account,ACC0030391,2023-04-20T09:29:39.877737,,0.6181
REL0000021,Account,ACC0086886,family,Account,ACC0094219,2023-09-04T07:13:29.625923,,0.8654
REL0000022,Account,ACC0128138,guarantor,Account,ACC0116513,2025-05-22T11:13:12.471667,,0.8235
REL0000023,Account,ACC0032178,shared_device,Person,P082533,2023-06-18T01:31:28.548672,,0.8527
REL0000024,Person,P083274,family,Account,ACC0104464,2023-08-02T15:29:36.845277,2024-12-27T22:32:07.992466,0.342
REL0000025,Account,ACC0019352,business_partner,Account,ACC0097797,2024-02-24T21:05:59.486467,,0.4603
REL0000026,Person,P007425,family,Account,ACC0136146,2023-03-21T20:51:19.555917,,0.4173
REL0000027,Account,ACC0065698,family,Person,P099320,2024-07-09T18:48:56.971513,2024-10-10T04:30:22.534079,0.9301
REL0000028,Account,ACC0053322,employer_employee,Account,ACC0073478,2022-08-05T09:08:54.688790,,0.3009
REL0000029,Account,ACC0099566,supplier_customer,Account,ACC0039977,2023-12-07T10:08:35.666673,,0.7678
REL0000030,Account,ACC0124794,shared_device,Account,ACC0049659,2025-09-23T07:35:48.183631,,0.9439
REL0000031,Account,ACC0080254,guarantor,Account,ACC0017344,2024-09-29T14:20:34.341204,2025-11-24T13:12:24.427652,0.62
REL0000032,Account,ACC0018903,guarantor,Person,P096351,2023-01-09T08:22:04.268764,,0.5254
REL0000033,Person,P028360,referral,Account,ACC0107695,2023-05-21T10:31:07.019180,,0.3638
REL0000034,Person,P056692,shared_device,Account,ACC0040602,2025-08-08T14:55:36.517288,,0.598
REL0000035,Account,ACC0104529,joint_account,Account,ACC0061304,2022-09-05T19:16:52.414355,2023-03-07T21:38:07.516702,0.7426
REL0000036,Person,P023935,employer_employee,Account,ACC0031262,2025-04-17T17:40:41.323377,,0.9791
REL0000037,Account,ACC0087027,joint_account,Person,P048485,2025-06-17T17:26:39.183007,,0.8159
REL0000038,Person,P018637,shared_address,Person,P082508,2022-11-01T04:40:00.500778,2023-01-02T23:49:46.941633,0.6844
REL0000039,Account,ACC0060175,family,Account,ACC0149112,2023-08-08T10:44:54.192217,,0.3837
REL0000040,Account,ACC0015607,family,Person,P016577,2024-05-31T03:04:58.187487,,0.6486
REL0000041,Account,ACC0090683,family,Person,P032688,2023-09-15T15:58:00.905570,,0.5287
REL0000042,Account,ACC0010979,business_partner,Person,P051708,2025-02-15T18:55:43.921163,,0.5906
REL0000043,Account,ACC0038293,family,Person,P079315,2023-05-10T10:49:13.438685,,0.9991
REL0000044,Person,P097537,supplier_customer,Account,ACC0108858,2025-03-08T21:02:08.278782,,0.817
REL0000045,Account,ACC0112799,shared_device,Account,ACC0027538,2025-11-16T10:05:56.879803,2025-12-12T16:58:44.319391,0.6395
REL0000046,Person,P050353,employer_employee,Person,P033586,2024-09-26T01:03:29.944526,,0.5178
REL0000047,Person,P037426,shared_device,Account,ACC0012386,2025-11-23T09:22:16.437779,,0.5007
REL0000048,Account,ACC0131628,guarantor,Account,ACC0087476,2024-10-16T04:15:28.007906,2025-01-21T15:26:58.255722,0.4076
REL0000049,Account,ACC0032594,employer_employee,Person,P038226,2023-05-30T23:55:08.419560,2024-11-12T04:23:59.203050,0.3425
REL0000050,Person,P052529,guarantor,Person,P031496,2022-03-26T02:11:46.163355,,0.7072
REL0000051,Person,P000762,business_partner,Account,ACC0108568,2022-07-21T10:20:29.687738,,0.3526
REL0000052,Account,ACC0135980,business_partner,Person,P060860,2023-05-01T04:57:45.767748,,0.8322
REL0000053,Account,ACC0084959,joint_account,Person,P086819,2022-08-24T19:20:52.354837,,0.5083
REL0000054,Account,ACC0031253,referral,Person,P030756,2022-08-24T13:04:57.888189,,0.9081
REL0000055,Account,ACC0001313,family,Account,ACC0077798,2022-07-16T07:46:24.143575,,0.6251
REL0000056,Person,P003531,family,Account,ACC0046539,2025-10-28T08:17:40.995744,2025-12-01T20:50:10.540596,0.3577
REL0000057,Account,ACC0142060,shared_address,Account,ACC0125366,2025-02-02T09:25:17.030910,,0.8755
REL0000058,Person,P082877,supplier_customer,Account,ACC0145127,2025-02-14T01:38:06.071340,,0.8829
REL0000059,Account,ACC0042758,employer_employee,Account,ACC0121428,2025-08-03T20:15:33.151517,,0.6815
REL0000060,Person,P015811,business_partner,Account,ACC0048925,2022-12-09T03:14:53.504918,2025-12-02T17:23:06.084499,0.532
REL0000061,Person,P003240,employer_employee,Account,ACC0097571,2023-09-01T08:33:32.710776,,0.9696
REL0000062,Account,ACC0094656,joint_account,Company,C07738,2022-01-05T10:20:41.029377,,0.4394
REL0000063,Person,P011699,supplier_customer,Account,ACC0076049,2025-06-04T18:49:07.054869,,0.68
REL0000064,Account,ACC0108738,shared_device,Person,P083287,2025-03-17T15:06:27.905764,,0.8741
REL0000065,Account,ACC0116086,employer_employee,Account,ACC0040387,2024-01-19T18:22:51.232368,,0.4791
REL0000066,Account,ACC0118090,family,Company,C03631,2025-09-09T13:25:42.299041,,0.8244
REL0000067,Person,P091644,business_partner,Account,ACC0015465,2025-12-01T11:14:19.217764,2025-12-10T00:39:56.292946,0.3924
REL0000068,Account,ACC0127772,family,Company,C08781,2024-04-17T02:41:44.130625,,0.9693
REL0000069,Person,P079115,supplier_customer,Person,P069125,2023-10-10T19:23:41.158324,,0.7486
REL0000070,Person,P083804,family,Account,ACC0028181,2023-01-11T05:23:17.406703,,0.5907
REL0000071,Account,ACC0074879,business_partner,Person,P041112,2024-11-26T07:31:33.307600,,0.6575
REL0000072,Person,P022238,guarantor,Account,ACC0110957,2025-12-29T06:42:34.043470,,0.4674
REL0000073,Person,P064762,counterpart,Account,ACC0083316,2025-02-13T00:03:22.115222,2025-03-17T11:37:09.253624,0.6475
REL0000074,Account,ACC0114757,supplier_customer,Person,P019406,2025-07-08T10:40:16.358992,,0.921
REL0000075,Account,ACC0007734,guarantor,Person,P075693,2023-08-24T02:47:00.623667,,0.7836
REL0000076,Person,P067723,business_partner,Person,P011451,2025-03-19T04:44:41.701552,2025-05-03T14:29:19.811950,0.6814
REL0000077,Person,P052398,supplier_customer,Account,ACC0121762,2023-03-14T15:31:44.335530,,0.6803
REL0000078,Person,P088210,supplier_customer,Account,ACC0004408,2025-07-23T10:51:31.732818,2025-12-07T16:24:51.283820,0.4593
REL0000079,Account,ACC0139805,referral,Person,P065695,2022-01-01T02:20:49.251204,,0.353
REL0000080,Account,ACC0025868,family,Account,ACC0057663,2024-01-01T13:13:28.869123,2024-02-24T18:57:06.367986,0.6868
REL0000081,Account,ACC0014503,family,Account,ACC0121455,2024-12-11T21:20:43.275965,,0.9084
REL0000082,Account,ACC0004830,guarantor,Person,P082210,2022-08-14T20:56:52.111157,,0.6686
REL0000083,Person,P055089,counterpart,Account,ACC0028355,2022-08-11T07:07:15.248813,,0.6904
REL0000084,Account,ACC0105157,supplier_customer,Account,ACC0082347,2025-10-20T11:43:02.594909,,0.3858
REL0000085,Account,ACC0100768,business_partner,Person,P047088,2024-10-01T00:13:37.859038,,0.7592
REL0000086,Account,ACC0015093,joint_account,Person,P045706,2022-05-16T14:24:17.514132,,0.4832
REL0000087,Person,P051379,joint_account,Account,ACC0047986,2024-03-28T05:43:26.817480,2025-12-05T20:15:54.478319,0.458
REL0000088,Account,ACC0090872,counterpart,Person,P045739,2024-09-29T21:56:13.714122,2025-10-13T22:19:36.773867,0.4026
REL0000089,Account,ACC0084057,supplier_customer,Account,ACC0048928,2024-06-11T06:18:14.269565,2024-10-19T11:55:32.866040,0.5578
REL0000090,Account,ACC0108253,shared_address,Person,P051088,2024-04-13T23:06:23.736648,2024-10-09T14:30:40.963572,0.6017
REL0000091,Account,ACC0107511,joint_account,Person,P013625,2024-06-27T01:55:26.038052,,0.4946
REL0000092,Account,ACC0107589,supplier_customer,Account,ACC0065544,2022-06-15T07:14:00.436853,2022-08-25T23:01:29.278600,0.8563
REL0000093,Account,ACC0054933,family,Account,ACC0144485,2023-05-13T14:50:48.244153,2024-05-18T21:06:23.514397,0.9731
REL0000094,Person,P056581,business_partner,Account,ACC0147282,2023-07-29T16:03:53.371575,,0.4233
REL0000095,Person,P059788,employer_employee,Account,ACC0095971,2025-11-12T03:59:12.609069,,0.8837
REL0000096,Account,ACC0000507,family,Person,P073415,2023-09-07T13:24:55.791265,,0.6152
REL0000097,Company,C07515,employer_employee,Account,ACC0103445,2024-03-27T11:18:25.705944,2025-10-22T06:32:28.289561,0.4472
REL0000098,Person,P019514,employer_employee,Person,P068819,2025-09-21T18:31:51.237552,,0.568
REL0000099,Account,ACC0011847,family,Person,P098900,2024-11-06T08:40:15.805618,2025-04-27T03:06:13.551548,0.8694
REL0000100,Account,ACC0071830,referral,Account,ACC0074133,2022-03-26T03:34:08.211491,,0.4664
REL0000101,Account,ACC0086035,family,Company,C09404,2024-08-05T12:35:47.534388,,0.9379
REL0000102,Account,ACC0062790,counterpart,Account,ACC0118024,2023-09-13T15:04:28.086859,,0.9197
REL0000103,Account,ACC0024923,counterpart,Account,ACC0008542,2025-03-28T06:21:38.164771,2025-06-24T23:57:39.058754,0.5008
REL0000104,Account,ACC0139137,shared_device,Account,ACC0137839,2022-07-27T22:29:55.262556,,0.5735
REL0000105,Account,ACC0084096,supplier_customer,Account,ACC0111486,2024-05-18T11:42:03.596782,2024-08-03T08:37:21.871419,0.8673
REL0000106,Account,ACC0134821,business_partner,Account,ACC0027369,2024-04-14T00:02:15.085830,2024-08-21T04:03:18.521831,0.4258
REL0000107,Account,ACC0118144,joint_account,Person,P035866,2023-08-09T12:50:59.694519,,0.3315
REL0000108,Account,ACC0026837,employer_employee,Person,P051894,2022-06-01T17:21:48.434325,2024-10-16T05:36:54.970589,0.3396
REL0000109,Account,ACC0043572,employer_employee,Account,ACC0010477,2025-11-09T08:46:00.068548,,0.3993
REL0000110,Person,P011437,supplier_customer,Account,ACC0012564,2023-11-01T08:21:44.823348,,0.5906
REL0000111,Account,ACC0136469,family,Account,ACC0021937,2022-04-28T06:56:13.969378,,0.7899
REL0000112,Person,P061956,referral,Person,P064859,2023-03-12T00:56:59.200488,,0.463
REL0000113,Account,ACC0084969,family,Account,ACC0090865,2023-05-28T06:55:46.174239,,0.942
REL0000114,Person,P058600,employer_employee,Account,ACC0100723,2025-01-27T02:51:58.368940,,0.3566
REL0000115,Person,P039714,employer_employee,Account,ACC0024005,2023-08-07T04:34:27.447105,,0.8077
REL0000116,Account,ACC0013964,shared_address,Person,P069935,2025-11-15T07:40:46.740134,,0.8689
REL0000117,Account,ACC0115666,employer_employee,Account,ACC0051901,2022-09-22T07:55:10.653413,2023-07-22T23:41:20.530709,0.693
REL0000118,Person,P086595,business_partner,Account,ACC0122816,2023-11-06T08:09:46.868897,2024-08-26T08:41:34.368169,0.8966
REL0000119,Person,P053785,supplier_customer,Account,ACC0026736,2023-03-03T23:04:19.445526,,0.3809
REL0000120,Person,P085763,supplier_customer,Person,P063480,2023-11-03T03:37:40.846842,,0.6504
REL0000121,Account,ACC0023559,employer_employee,Person,P077217,2024-07-28T00:12:43.629523,,0.3798
REL0000122,Account,ACC0018055,shared_device,Account,ACC0123000,2024-12-09T19:55:58.308305,,0.4447
REL0000123,Account,ACC0097799,business_partner,Account,ACC0134709,2024-03-15T11:24:45.313355,,0.3202
REL0000124,Account,ACC0143154,counterpart,Account,ACC0075336,2023-04-20T15:53:44.985596,2023-12-23T16:12:57.686815,0.3903
REL0000125,Account,ACC0049382,counterpart,Account,ACC0068308,2023-09-13T09:40:48.396192,2024-10-21T13:30:13.330915,0.9286
REL0000126,Account,ACC0101208,counterpart,Person,P060828,2022-02-03T11:14:23.290501,,0.8339
REL0000127,Person,P049601,business_partner,Account,ACC0021846,2025-02-01T11:20:11.907943,,0.8634
REL0000128,Account,ACC0079110,shared_device,Account,ACC0038227,2024-05-06T09:50:33.733938,2024-11-15T16:14:22.961964,0.8405
REL0000129,Account,ACC0020676,business_partner,Person,P029070,2025-06-21T02:14:40.488645,,0.8919
REL0000130,Account,ACC0011862,employer_employee,Account,ACC0094633,2024-03-20T05:58:55.805416,2024-12-18T17:06:58.847968,0.8359
REL0000131,Person,P099454,referral,Account,ACC0075238,2022-09-30T23:59:32.229895,,0.7545
REL0000132,Account,ACC0065679,family,Person,P055790,2024-12-13T10:31:05.423098,,0.8522
REL0000133,Person,P072444,business_partner,Person,P057314,2023-11-15T09:54:48.744809,2025-06-15T23:00:22.422965,0.8703
REL0000134,Account,ACC0051109,shared_device,Account,ACC0118337,2023-10-15T14:29:25.805043,,0.9819
REL0000135,Account,ACC0058948,joint_account,Person,P057556,2024-09-14T02:32:18.858867,,0.5712
REL0000136,Person,P082209,shared_device,Account,ACC0046784,2024-11-15T16:39:45.171101,,0.9987
REL0000137,Person,P006237,family,Person,P066792,2022-04-25T18:22:41.902233,,0.3702
REL0000138,Account,ACC0079335,employer_employee,Person,P051138,2022-05-06T10:50:36.800499,2024-05-18T02:36:42.631517,0.7297
REL0000139,Account,ACC0004711,shared_address,Person,P001638,2024-02-29T06:48:44.071325,,0.7424
REL0000140,Person,P084270,business_partner,Account,ACC0075380,2024-03-19T13:51:30.076962,2024-12-01T21:19:47.352150,0.9745
REL0000141,Account,ACC0133007,shared_device,Account,ACC0081128,2024-05-17T17:53:42.547804,,0.8321
REL0000142,Person,P094635,counterpart,Person,P068402,2025-06-04T07:50:41.331983,,0.3112
REL0000143,Person,P081254,shared_address,Person,P015134,2022-01-03T18:56:11.635914,,0.8466
REL0000144,Account,ACC0038414,family,Person,P041968,2025-08-16T03:53:17.732947,,0.4748
REL0000145,Account,ACC0026216,supplier_customer,Person,P042983,2023-02-14T06:29:41.422086,,0.8055
REL0000146,Person,P001418,family,Account,ACC0032576,2025-08-03T00:51:24.078879,,0.8685
REL0000147,Company,C03815,guarantor,Account,ACC0020312,2024-07-21T08:39:29.945076,,0.4499
REL0000148,Account,ACC0007061,joint_account,Person,P061879,2023-01-15T02:29:37.481494,2023-09-12T00:35:08.877519,0.9774
REL0000149,Account,ACC0096861,joint_account,Account,ACC0129167,2024-08-18T05:45:19.640805,2025-05-12T19:45:56.816837,0.4766
REL0000150,Person,P043164,counterpart,Account,ACC0142535,2025-04-03T03:33:43.849074,2025-12-13T02:05:33.135370,0.542
REL0000151,Account,ACC0053674,guarantor,Account,ACC0000802,2024-09-21T18:43:27.009321,,0.7472
REL0000152,Person,P001496,shared_device,Account,ACC0130363,2024-08-07T18:49:44.831019,,0.5958
REL0000153,Account,ACC0075331,family,Account,ACC0137112,2023-04-04T17:12:58.120750,,0.8381
REL0000154,Account,ACC0024856,business_partner,Account,ACC0108606,2025-03-30T02:22:37.353356,2025-05-24T16:15:43.253259,0.6077
REL0000155,Person,P050818,guarantor,Account,ACC0015979,2025-10-03T07:50:36.458786,2025-11-18T16:14:54.776833,0.6155
REL0000156,Person,P032613,supplier_customer,Company,C02303,2022-06-15T01:54:03.658981,2023-08-29T18:43:09.356295,0.512
REL0000157,Person,P073252,shared_device,Company,C04420,2022-12-02T03:34:59.173402,,0.5715
REL0000158,Person,P086791,supplier_customer,Person,P046991,2023-04-15T02:40:54.645120,2023-11-13T06:31:37.464048,0.8785
REL0000159,Account,ACC0081227,shared_address,Person,P029196,2024-02-08T20:11:43.555499,,0.9098
REL0000160,Account,ACC0036955,supplier_customer,Account,ACC0117062,2024-11-15T20:11:42.148331,,0.6992
REL0000161,Company,C08149,counterpart,Account,ACC0017443,2025-05-23T02:11:12.421963,,0.6019
REL0000162,Account,ACC0131537,shared_device,Company,C06198,2022-06-29T08:43:23.623573,,0.5184
REL0000163,Person,P005969,supplier_customer,Account,ACC0022396,2023-11-13T23:35:30.338683,2024-04-15T19:45:52.588672,0.4211
REL0000164,Account,ACC0135881,shared_device,Person,P030534,2025-04-23T10:18:26.185004,,0.5578
REL0000165,Company,C07812,counterpart,Account,ACC0023084,2024-05-07T07:00:04.168791,,0.6916
REL0000166,Person,P053815,employer_employee,Account,ACC0032341,2024-08-08T12:51:45.854351,,0.6613
REL0000167,Account,ACC0004045,supplier_customer,Person,P011179,2022-06-02T16:51:07.897794,2023-01-12T04:39:49.502782,0.4822
REL0000168,Account,ACC0020496,shared_address,Account,ACC0041532,2025-09-26T14:18:55.012397,2025-11-09T12:44:35.765852,0.7359
REL0000169,Person,P065921,shared_device,Account,ACC0074501,2024-10-25T18:05:20.815544,2025-04-03T04:32:14.231729,0.4628
REL0000170,Account,ACC0131323,family,Company,C05217,2024-02-17T12:48:39.537052,,0.3329
REL0000171,Account,ACC0127838,employer_employee,Person,P074159,2022-07-26T07:43:36.619246,,0.4513
REL0000172,Account,ACC0089309,shared_device,Account,ACC0021055,2024-09-23T11:23:45.036730,,0.6111
REL0000173,Account,ACC0043290,referral,Account,ACC0042455,2022-10-28T20:57:48.611619,2025-10-01T14:49:55.300601,0.3619
REL0000174,Account,ACC0012081,family,Account,ACC0036107,2022-08-27T14:39:42.231922,2023-03-01T22:53:22.123911,0.8392
REL0000175,Account,ACC0142481,counterpart,Person,P019634,2025-01-28T15:18:21.516122,,0.6016
REL0000176,Account,ACC0070985,business_partner,Person,P045518,2023-08-17T08:27:01.519338,,0.7708
REL0000177,Account,ACC0139531,family,Account,ACC0063447,2022-06-13T13:18:33.619457,,0.4565
REL0000178,Account,ACC0018330,employer_employee,Account,ACC0005478,2023-08-03T20:43:54.475317,,0.6259
REL0000179,Person,P032351,guarantor,Account,ACC0007244,2022-02-05T19:23:47.897538,,0.4509
REL0000180,Account,ACC0055721,guarantor,Person,P022465,2023-03-19T00:53:39.287581,,0.5562
REL0000181,Account,ACC0039652,counterpart,Person,P097833,2025-03-05T01:09:41.865595,,0.6293
REL0000182,Person,P089194,employer_employee,Person,P080018,2025-07-11T19:39:11.701185,2025-09-21T11:28:46.315184,0.3387
REL0000183,Person,P011938,shared_address,Person,P007769,2025-01-06T22:50:54.438264,,0.8732
REL0000184,Company,C05452,referral,Account,ACC0106806,2024-05-11T05:22:07.267180,,0.3568
REL0000185,Company,C03966,guarantor,Account,ACC0046717,2023-02-22T11:58:45.336896,2024-02-29T05:40:29.229851,0.9447
REL0000186,Account,ACC0037432,employer_employee,Account,ACC0113596,2023-06-02T08:14:00.567384,,0.9142
REL0000187,Person,P081915,shared_device,Company,C06431,2022-07-20T23:45:47.919718,,0.7289
REL0000188,Account,ACC0025097,family,Person,P008550,2022-06-02T04:30:18.772840,2024-08-22T01:24:40.077976,0.9334
REL0000189,Account,ACC0077225,employer_employee,Account,ACC0127135,2024-09-05T10:52:29.420383,,0.8571
REL0000190,Person,P044406,joint_account,Company,C09589,2023-08-30T22:23:23.169211,,0.9755
REL0000191,Person,P070033,shared_address,Account,ACC0113976,2025-01-08T05:54:03.725511,,0.5476
REL0000192,Account,ACC0115561,family,Account,ACC0145290,2025-04-22T18:31:46.294294,,0.9019
REL0000193,Person,P064154,guarantor,Account,ACC0107908,2024-03-02T13:17:57.631585,,0.5356
REL0000194,Person,P031379,joint_account,Person,P050106,2025-03-07T20:24:19.077225,2025-12-16T09:42:09.762038,0.7625
REL0000195,Person,P041408,employer_employee,Person,P055102,2025-12-06T04:39:33.572645,,0.8203
REL0000196,Account,ACC0072989,joint_account,Account,ACC0072817,2022-06-30T21:14:05.412141,,0.3426
REL0000197,Person,P069246,supplier_customer,Account,ACC0018039,2023-01-24T05:55:49.969280,2025-06-08T13:32:36.438477,0.784
REL0000198,Company,C02169,supplier_customer,Person,P075670,2022-10-21T14:50:06.384754,,0.8536
REL0000199,Person,P076033,shared_device,Person,P009807,2022-09-12T19:44:52.708640,,0.4497
REL0000200,Account,ACC0023609,family,Account,ACC0025357,2023-01-25T07:29:45.407691,,0.7884
REL0000201,Person,P080970,supplier_customer,Person,P002520,2024-08-18T15:43:25.007731,,0.9123
REL0000202,Person,P068775,supplier_customer,Account,ACC0084443,2025-05-08T02:20:26.925326,,0.7791
REL0000203,Account,ACC0002855,business_partner,Person,P020383,2024-01-08T08:10:57.410484,,0.9061
REL0000204,Account,ACC0009777,business_partner,Person,P081484,2025-03-27T01:50:08.079044,2025-07-26T01:36:45.269698,0.5834
REL0000205,Person,P096696,shared_address,Account,ACC0016987,2022-06-24T11:13:12.335106,2023-05-17T05:50:16.020614,0.584
REL0000206,Person,P019567,joint_account,Person,P077605,2022-02-25T06:34:03.414516,,0.3575
REL0000207,Account,ACC0135492,supplier_customer,Account,ACC0116726,2023-03-24T10:23:28.406344,2025-06-09T08:30:11.641857,0.684
REL0000208,Person,P021433,employer_employee,Account,ACC0051459,2023-01-30T21:06:43.713928,,0.8035
REL0000209,Account,ACC0103907,joint_account,Person,P070987,2023-04-09T07:26:05.957434,,0.4507
REL0000210,Account,ACC0098494,counterpart,Person,P090212,2022-03-06T17:41:03.378643,,0.9117
REL0000211,Person,P038518,family,Account,ACC0143521,2025-07-06T00:31:33.304531,,0.6581
REL0000212,Person,P084188,guarantor,Account,ACC0128201,2022-01-24T20:22:57.079729,,0.5129
REL0000213,Account,ACC0090770,employer_employee,Person,P036802,2024-12-20T07:28:29.224215,,0.6025
REL0000214,Person,P008750,supplier_customer,Account,ACC0034204,2023-02-02T11:11:26.945587,,0.6647
REL0000215,Person,P014760,supplier_customer,Account,ACC0058521,2023-12-17T14:37:04.633925,2025-06-14T00:29:08.951974,0.5157
REL0000216,Account,ACC0116313,counterpart,Company,C04473,2022-02-18T09:05:26.437347,,0.3891
REL0000217,Account,ACC0114563,employer_employee,Account,ACC0087533,2024-12-08T01:48:03.857927,,0.6937
REL0000218,Person,P036789,employer_employee,Account,ACC0009174,2023-06-07T17:25:25.371096,,0.554
REL0000219,Person,P065785,joint_account,Person,P002940,2023-02-27T14:12:05.416810,,0.6414
REL0000220,Account,ACC0139429,family,Account,ACC0026193,2023-11-04T17:02:29.190914,2024-05-10T08:07:55.333670,0.9821
REL0000221,Person,P065775,shared_address,Account,ACC0116740,2023-02-08T21:59:17.136411,2024-04-07T17:59:10.553951,0.4148
REL0000222,Account,ACC0048996,employer_employee,Person,P051632,2024-08-10T01:08:02.579605,,0.4946
REL0000223,Account,ACC0038126,guarantor,Account,ACC0045322,2022-06-28T14:10:12.789231,,0.4723
REL0000224,Account,ACC0105087,employer_employee,Person,P033074,2022-02-15T20:24:11.483605,,0.3261
REL0000225,Account,ACC0102803,employer_employee,Account,ACC0052543,2023-10-24T23:08:06.268445,2024-07-08T17:30:50.139186,0.9143
REL0000226,Account,ACC0146989,shared_device,Person,P035569,2022-04-22T05:34:45.888261,2023-09-10T18:32:56.560971,0.7748
REL0000227,Account,ACC0047737,family,Person,P050767,2025-07-12T03:08:30.338972,,0.9886
REL0000228,Person,P093756,shared_address,Person,P018449,2025-09-05T17:10:22.310150,,0.6711
REL0000229,Account,ACC0076670,employer_employee,Person,P084205,2025-09-25T13:24:49.790977,,0.8063
REL0000230,Account,ACC0091380,counterpart,Account,ACC0054890,2023-10-26T02:41:52.589578,,0.7287
REL0000231,Account,ACC0104836,supplier_customer,Account,ACC0039283,2023-08-28T12:36:37.427784,,0.8052
REL0000232,Person,P092416,shared_address,Person,P004707,2025-03-14T15:17:16.047500,,0.7395
REL0000233,Person,P009075,supplier_customer,Account,ACC0032123,2022-01-19T00:26:13.779454,2024-01-29T20:08:44.755612,0.3541
REL0000234,Account,ACC0052120,counterpart,Account,ACC0113844,2023-10-30T22:08:25.007146,,0.4329
REL0000235,Account,ACC0121205,guarantor,Account,ACC0091021,2025-10-11T06:01:14.420776,2025-11-26T10:19:48.940740,0.9713
REL0000236,Account,ACC0127429,employer_employee,Account,ACC0076638,2022-09-21T20:32:37.698398,,0.3191
REL0000237,Account,ACC0065669,shared_device,Account,ACC0000109,2023-06-26T14:23:29.490416,,0.5307
REL0000238,Person,P005341,business_partner,Person,P047525,2022-10-10T19:12:44.824334,,0.3107
REL0000239,Person,P089174,employer_employee,Person,P051695,2025-04-15T03:52:14.608326,,0.5751
REL0000240,Account,ACC0101969,supplier_customer,Account,ACC0083335,2022-04-29T20:39:43.827618,,0.9182
REL0000241,Account,ACC0072913,employer_employee,Account,ACC0020017,2023-08-21T22:29:08.248825,,0.3455
REL0000242,Person,P061749,family,Person,P064180,2022-05-25T20:58:07.859809,,0.7141
REL0000243,Account,ACC0070437,business_partner,Person,P085856,2024-02-02T20:40:52.368533,,0.8054
REL0000244,Company,C03532,supplier_customer,Account,ACC0078939,2023-06-11T03:20:00.460073,,0.4073
REL0000245,Account,ACC0142945,business_partner,Person,P003500,2025-09-19T21:56:55.753570,,0.9329
REL0000246,Account,ACC0081454,business_partner,Account,ACC0106957,2022-11-28T13:19:24.917719,2022-12-06T18:32:39.611649,0.5403
REL0000247,Account,ACC0115939,counterpart,Account,ACC0092591,2023-07-10T09:13:10.491461,,0.7834
REL0000248,Account,ACC0074345,family,Account,ACC0115287,2025-10-16T08:13:59.837735,,0.5752
REL0000249,Account,ACC0000948,joint_account,Account,ACC0062983,2022-08-21T13:03:09.268252,,0.538
REL0000250,Account,ACC0074172,business_partner,Account,ACC0121101,2022-08-05T15:50:45.160149,,0.6129
REL0000251,Person,P065706,employer_employee,Account,ACC0065188,2025-09-15T20:43:04.362816,2025-10-24T03:02:19.981428,0.9716
REL0000252,Account,ACC0039130,shared_address,Account,ACC0021545,2025-07-08T07:32:31.548090,,0.4457
REL0000253,Company,C00465,joint_account,Account,ACC0131175,2023-01-21T01:19:51.707501,2025-09-03T21:53:43.896033,0.9742
REL0000254,Person,P001284,joint_account,Account,ACC0128427,2022-11-02T14:30:12.790124,,0.509
REL0000255,Person,P029327,family,Account,ACC0035448,2025-11-30T16:25:26.247600,2025-12-30T20:27:14.667955,0.6242
REL0000256,Person,P007739,shared_device,Person,P043355,2024-03-10T02:18:58.556583,,0.6978
REL0000257,Account,ACC0053340,counterpart,Account,ACC0081093,2024-01-04T19:46:29.363910,,0.7484
REL0000258,Person,P053619,supplier_customer,Person,P042487,2022-04-21T22:51:11.496772,,0.8361
REL0000259,Account,ACC0091396,family,Person,P050228,2025-03-19T23:19:57.919347,,0.7933
REL0000260,Account,ACC0079583,supplier_customer,Account,ACC0027405,2023-02-01T14:43:47.780433,,0.3889
REL0000261,Person,P052907,employer_employee,Account,ACC0041584,2025-01-25T14:19:22.828612,,0.8406
REL0000262,Person,P043201,business_partner,Person,P027736,2024-04-12T04:00:04.014191,,0.4508
REL0000263,Account,ACC0108875,shared_address,Person,P093736,2023-03-07T18:45:39.966120,,0.7168
REL0000264,Account,ACC0137457,supplier_customer,Account,ACC0126605,2025-07-16T23:56:39.838448,2025-12-14T14:09:15.065001,0.3132
REL0000265,Person,P021785,counterpart,Person,P041978,2025-11-13T18:36:42.649651,,0.9423
REL0000266,Account,ACC0143431,guarantor,Account,ACC0145940,2025-04-10T17:32:07.078129,,0.3884
REL0000267,Person,P057421,supplier_customer,Account,ACC0138421,2025-05-07T12:11:41.027186,,0.3022
REL0000268,Person,P017089,employer_employee,Account,ACC0021383,2024-11-13T14:25:41.933669,,0.4009
REL0000269,Account,ACC0086399,referral,Account,ACC0029260,2025-04-11T19:39:31.511093,,0.4912
REL0000270,Person,P029362,business_partner,Account,ACC0083819,2023-10-09T22:06:39.200803,,0.669
REL0000271,Account,ACC0122686,shared_device,Company,C07422,2025-11-09T21:37:09.679216,,0.9078
REL0000272,Person,P085177,employer_employee,Person,P015017,2022-09-27T15:08:55.502749,2025-07-17T19:17:04.775556,0.6989
REL0000273,Person,P055472,business_partner,Account,ACC0098267,2022-10-07T08:41:44.111612,,0.5411
REL0000274,Person,P059847,family,Company,C01783,2024-01-20T11:02:15.841365,2025-03-29T04:02:06.287777,0.906
REL0000275,Person,P075646,counterpart,Person,P014563,2024-06-04T01:38:55.013665,,0.7045
REL0000276,Person,P060985,shared_address,Person,P034358,2022-10-03T09:13:20.785213,,0.8795
REL0000277,Account,ACC0056943,joint_account,Person,P022491,2023-01-02T05:41:52.623776,,0.8105
REL0000278,Person,P062162,referral,Person,P059384,2022-11-15T06:11:51.287281,,0.5829
REL0000279,Account,ACC0132650,shared_device,Person,P032599,2025-10-28T22:50:03.280410,,0.6055
REL0000280,Person,P061868,shared_device,Account,ACC0051472,2024-05-28T02:22:58.121094,,0.5246
REL0000281,Person,P057339,counterpart,Person,P028274,2023-02-04T19:42:15.725286,,0.7371
REL0000282,Person,P064326,counterpart,Person,P026065,2025-12-31T15:35:29.687748,2025-12-31T19:30:49.008516,0.3262
REL0000283,Company,C02886,family,Person,P013425,2022-09-22T13:44:23.460240,,0.9319
REL0000284,Account,ACC0048949,business_partner,Account,ACC0115898,2022-06-23T04:02:59.593373,2025-09-20T19:50:32.453080,0.8538
REL0000285,Account,ACC0058006,joint_account,Account,ACC0052200,2022-01-17T17:53:22.992263,,0.6501
REL0000286,Account,ACC0146521,counterpart,Account,ACC0021033,2025-12-18T05:56:54.982597,,0.3893
REL0000287,Person,P055088,shared_address,Person,P002382,2022-12-10T02:59:14.309234,,0.5435
REL0000288,Account,ACC0096643,guarantor,Person,P023982,2024-06-01T19:04:28.571769,2025-02-08T05:45:43.620043,0.3611
REL0000289,Account,ACC0069221,shared_address,Account,ACC0016272,2024-01-11T22:22:19.749553,,0.369
REL0000290,Person,P092375,family,Person,P016038,2025-02-27T20:02:11.218733,,0.7513
REL0000291,Person,P039313,joint_account,Person,P038966,2023-02-16T07:24:06.124734,,0.995
REL0000292,Account,ACC0100495,shared_device,Account,ACC0101327,2025-04-15T23:33:50.140327,,0.9828
REL0000293,Account,ACC0084154,employer_employee,Account,ACC0068885,2022-01-31T07:26:14.764999,,0.544
REL0000294,Person,P023325,business_partner,Account,ACC0122185,2022-09-13T21:48:13.215480,2024-04-21T16:14:33.187656,0.9111
REL0000295,Person,P028239,shared_address,Account,ACC0059315,2022-12-14T14:39:30.961333,,0.9045
REL0000296,Person,P063113,guarantor,Account,ACC0005565,2024-10-22T00:16:07.868910,,0.7901
REL0000297,Person,P069339,shared_device,Person,P001770,2022-01-28T01:04:55.503216,,0.4013
REL0000298,Person,P058834,joint_account,Person,P043073,2023-08-07T19:52:01.603431,2025-07-01T05:53:55.487727,0.7424
REL0000299,Account,ACC0110304,supplier_customer,Account,ACC0066231,2022-06-21T12:34:45.802355,2025-09-12T06:27:57.184029,0.6929
REL0000300,Account,ACC0141853,counterpart,Account,ACC0056068,2025-05-11T13:15:30.562975,2025-06-03T21:19:35.883330,0.7289
REL0000301,Person,P048424,counterpart,Person,P032940,2024-07-30T07:15:40.165213,2025-03-06T18:44:34.265407,0.8907
REL0000302,Account,ACC0081474,employer_employee,Account,ACC0143142,2025-10-01T05:28:11.424134,,0.3467
REL0000303,Account,ACC0108606,family,Person,P067778,2022-12-01T04:31:07.263180,,0.8043
REL0000304,Account,ACC0007730,family,Person,P016116,2023-08-08T09:28:23.481115,,0.3756
REL0000305,Person,P072651,supplier_customer,Account,ACC0101639,2023-12-13T02:57:20.936738,,0.6993
REL0000306,Person,P097072,family,Person,P037430,2024-12-22T01:18:55.432731,,0.8521
REL0000307,Account,ACC0051100,family,Person,P051617,2025-11-02T13:42:07.916726,,0.5546
REL0000308,Account,ACC0007065,family,Account,ACC0143103,2023-03-23T20:44:21.586450,,0.5365
REL0000309,Account,ACC0122989,family,Account,ACC0138520,2025-02-14T14:50:54.232535,,0.3251
REL0000310,Account,ACC0096009,counterpart,Account,ACC0076320,2025-11-02T04:10:31.302405,2025-11-27T11:28:30.352046,0.9668
REL0000311,Account,ACC0015272,supplier_customer,Account,ACC0097299,2022-09-08T04:35:15.636999,,0.8168
REL0000312,Person,P037380,shared_device,Person,P078323,2024-04-01T08:04:03.137649,,0.4305
REL0000313,Company,C09228,supplier_customer,Account,ACC0090510,2024-01-10T03:24:11.722745,,0.4487
REL0000314,Account,ACC0024901,employer_employee,Account,ACC0147655,2023-08-25T09:02:14.077494,,0.4269
REL0000315,Account,ACC0099550,family,Account,ACC0068801,2023-08-15T19:13:07.130080,,0.9869
REL0000316,Account,ACC0069628,supplier_customer,Account,ACC0123988,2022-08-14T12:58:53.206522,2025-03-30T16:33:51.311931,0.4304
REL0000317,Account,ACC0092503,shared_address,Person,P041166,2024-12-14T17:37:41.953322,,0.3693
REL0000318,Person,P017383,employer_employee,Person,P021715,2023-06-12T16:15:33.631522,2025-07-03T22:19:56.199766,0.6914
REL0000319,Account,ACC0032153,business_partner,Person,P096466,2023-01-19T14:25:27.207345,,0.6609
REL0000320,Company,C02400,shared_address,Person,P011628,2025-07-31T08:11:21.075307,,0.4099
REL0000321,Account,ACC0079773,supplier_customer,Person,P061223,2022-10-29T18:15:12.166088,,0.9207
REL0000322,Person,P031611,business_partner,Person,P053611,2025-04-12T06:20:40.576924,,0.9192
REL0000323,Account,ACC0010556,guarantor,Account,ACC0149128,2024-01-27T21:14:06.522521,2024-02-21T09:12:07.865015,0.5035
REL0000324,Person,P044841,guarantor,Account,ACC0102765,2024-11-23T03:02:14.290316,2025-06-21T16:26:19.931220,0.493
REL0000325,Account,ACC0099494,business_partner,Person,P002397,2023-12-30T09:19:36.626435,,0.822
REL0000326,Person,P007265,referral,Account,ACC0030838,2024-08-12T07:53:34.103050,,0.4884
REL0000327,Account,ACC0114887,shared_device,Account,ACC0148608,2022-04-14T14:25:54.378293,2023-01-28T09:03:02.116154,0.4747
REL0000328,Company,C02404,supplier_customer,Account,ACC0045221,2025-06-03T13:09:50.972991,,0.8678
REL0000329,Account,ACC0062698,referral,Company,C04616,2023-05-15T07:23:59.622170,,0.4619
REL0000330,Person,P024906,employer_employee,Person,P093522,2024-02-21T18:11:28.625366,2025-09-01T09:18:35.603366,0.8211
REL0000331,Person,P042671,guarantor,Company,C03158,2024-10-06T20:35:07.129371,2025-03-20T05:25:22.120086,0.4507
REL0000332,Account,ACC0001425,shared_device,Account,ACC0019652,2024-05-01T18:50:56.617839,,0.8574
REL0000333,Account,ACC0021433,supplier_customer,Account,ACC0022888,2025-05-28T19:46:51.401910,,0.8876
REL0000334,Person,P034997,employer_employee,Account,ACC0109923,2025-06-28T19:15:31.168870,2025-11-05T13:56:30.290881,0.3944
REL0000335,Account,ACC0147690,counterpart,Person,P069610,2022-05-14T04:50:36.346864,,0.5433
REL0000336,Account,ACC0142658,business_partner,Person,P083023,2022-04-29T05:13:36.682900,,0.735
REL0000337,Person,P087508,employer_employee,Account,ACC0090200,2023-08-14T02:57:51.903864,,0.5309
REL0000338,Person,P099687,counterpart,Account,ACC0033792,2023-12-16T18:43:38.246063,,0.8992
REL0000339,Account,ACC0099369,family,Company,C04632,2025-04-02T21:04:31.208819,,0.8919
REL0000340,Account,ACC0117585,supplier_customer,Account,ACC0110847,2023-11-22T04:54:28.502349,,0.7121
REL0000341,Account,ACC0107155,shared_address,Account,ACC0011879,2022-02-09T21:02:46.293580,,0.4563
REL0000342,Account,ACC0101277,shared_device,Account,ACC0078710,2022-01-12T09:00:53.121053,,0.5629
REL0000343,Person,P099829,family,Account,ACC0143032,2023-11-19T20:22:10.233863,2025-10-26T03:56:33.028619,0.9561
REL0000344,Person,P022287,guarantor,Person,P002801,2024-08-10T19:54:16.931626,,0.582
REL0000345,Person,P059803,counterpart,Person,P024348,2022-09-02T01:42:35.183627,,0.75
REL0000346,Account,ACC0148192,supplier_customer,Person,P065734,2022-12-06T14:24:50.200028,2023-05-06T04:19:26.659308,0.8901
REL0000347,Person,P050727,family,Person,P018130,2023-04-10T23:14:25.782973,,0.6252
REL0000348,Person,P043501,guarantor,Account,ACC0080804,2022-05-20T06:45:37.787752,2022-06-06T02:24:57.215010,0.7385
REL0000349,Account,ACC0144907,supplier_customer,Account,ACC0076446,2023-01-15T12:13:02.716134,,0.6442
REL0000350,Person,P065178,guarantor,Person,P045302,2022-03-31T14:03:23.760128,,0.5601
REL0000351,Person,P062436,shared_device,Account,ACC0131362,2024-04-24T06:58:51.025754,,0.8218
REL0000352,Person,P059564,shared_device,Account,ACC0008739,2022-12-03T14:13:16.124184,2023-04-27T02:33:51.752927,0.8508
REL0000353,Person,P071348,shared_address,Person,P016389,2022-07-23T01:39:09.365260,,0.3172
REL0000354,Account,ACC0097872,shared_device,Person,P026749,2022-04-25T07:10:35.879068,,0.4357
REL0000355,Account,ACC0028022,counterpart,Account,ACC0067266,2023-11-12T23:31:33.194181,,0.8763
REL0000356,Account,ACC0005218,family,Account,ACC0006767,2025-12-28T14:37:09.569212,,0.5321
REL0000357,Person,P000416,counterpart,Person,P069039,2022-02-23T18:24:30.600789,,0.5351
REL0000358,Person,P040469,counterpart,Account,ACC0095549,2022-09-10T00:40:25.160031,,0.9427
REL0000359,Account,ACC0036157,guarantor,Account,ACC0047996,2024-10-27T14:24:10.940565,,0.3827
REL0000360,Account,ACC0064680,employer_employee,Account,ACC0087236,2022-08-25T07:08:58.150910,,0.6085
REL0000361,Account,ACC0139557,shared_device,Account,ACC0072580,2025-10-13T14:00:34.668918,,0.4393
REL0000362,Account,ACC0133024,business_partner,Account,ACC0031695,2023-09-05T18:31:27.695959,,0.8237
REL0000363,Account,ACC0101094,shared_device,Account,ACC0096081,2022-01-09T03:30:10.404367,,0.4081
REL0000364,Account,ACC0095799,employer_employee,Person,P071772,2024-07-18T09:56:58.845210,,0.8632
REL0000365,Account,ACC0106874,shared_address,Account,ACC0133514,2025-04-11T04:34:34.945056,,0.4374
REL0000366,Account,ACC0018192,business_partner,Account,ACC0131753,2023-06-21T10:54:04.076935,,0.8844
REL0000367,Person,P044180,employer_employee,Account,ACC0077458,2025-11-17T05:43:16.067098,,0.8958
REL0000368,Person,P002521,shared_address,Account,ACC0134152,2023-07-11T02:05:25.775111,,0.6039
REL0000369,Person,P085870,counterpart,Account,ACC0089696,2025-04-02T02:44:05.796717,2025-05-27T21:58:50.761438,0.9727
REL0000370,Company,C08045,supplier_customer,Account,ACC0087477,2022-03-24T19:21:50.471758,,0.4924
REL0000371,Account,ACC0114756,supplier_customer,Person,P086073,2024-01-02T18:50:38.929087,2024-01-18T03:53:41.027422,0.5327
REL0000372,Account,ACC0146014,joint_account,Person,P036765,2022-04-13T12:12:03.237134,,0.468
REL0000373,Account,ACC0145907,referral,Company,C00097,2022-03-15T19:23:03.604235,,0.7253
REL0000374,Account,ACC0091401,guarantor,Person,P024341,2024-12-26T21:32:22.037735,,0.7
REL0000375,Person,P063328,supplier_customer,Account,ACC0112164,2022-03-17T12:20:22.923402,,0.5206
REL0000376,Account,ACC0054349,shared_address,Account,ACC0096818,2025-02-14T10:05:51.154865,,0.9873
REL0000377,Person,P038180,counterpart,Account,ACC0034027,2023-01-24T22:22:07.417229,,0.4652
REL0000378,Account,ACC0013634,joint_account,Account,ACC0013389,2024-10-29T04:42:44.075859,2025-01-16T00:19:52.065887,0.9811
REL0000379,Account,ACC0110959,employer_employee,Person,P074271,2025-11-29T14:13:03.046537,,0.6785
REL0000380,Person,P064161,guarantor,Account,ACC0044124,2025-02-23T04:18:33.984983,2025-09-24T14:59:37.863189,0.854
REL0000381,Person,P088600,employer_employee,Person,P015633,2023-09-21T07:56:54.303056,,0.8236
REL0000382,Account,ACC0013526,family,Account,ACC0057059,2022-07-17T11:03:02.208995,,0.8864
REL0000383,Person,P084033,shared_address,Account,ACC0093260,2025-10-18T04:19:49.354678,,0.782
REL0000384,Account,ACC0107658,family,Account,ACC0015002,2022-06-23T16:06:30.645135,2022-11-18T10:53:03.817583,0.9404
REL0000385,Account,ACC0143354,joint_account,Account,ACC0129381,2022-10-12T05:24:42.897624,,0.7383
REL0000386,Account,ACC0022294,guarantor,Account,ACC0135979,2024-04-09T11:28:19.674005,2024-08-19T10:29:35.479548,0.4602
REL0000387,Account,ACC0086520,shared_address,Person,P079644,2025-10-05T17:16:04.429225,2025-10-12T22:59:43.917372,0.8453
REL0000388,Person,P024567,business_partner,Person,P097173,2023-12-11T23:32:33.323033,,0.8496
REL0000389,Account,ACC0027199,joint_account,Person,P049746,2023-03-01T20:58:00.634774,2023-08-05T22:22:49.834153,0.7375
REL0000390,Company,C08516,shared_address,Person,P098177,2024-12-25T16:54:39.549223,,0.6906
REL0000391,Person,P056273,supplier_customer,Person,P050665,2023-01-30T23:36:28.590018,2025-06-11T13:16:09.801651,0.4078
REL0000392,Person,P041052,employer_employee,Account,ACC0091360,2025-06-22T09:39:46.650156,2025-10-10T19:15:21.676097,0.3797
REL0000393,Account,ACC0047360,counterpart,Account,ACC0067400,2022-10-29T13:28:54.232617,,0.8484
REL0000394,Account,ACC0071705,referral,Person,P056610,2024-07-06T02:42:22.193984,,0.8422
REL0000395,Person,P074112,supplier_customer,Account,ACC0066976,2022-04-04T11:04:39.398259,2024-04-25T23:06:15.880473,0.6591
REL0000396,Person,P015520,family,Account,ACC0071520,2023-11-20T22:20:07.914401,,0.891
REL0000397,Account,ACC0056398,family,Account,ACC0088007,2023-01-11T05:35:50.603074,,0.959
REL0000398,Account,ACC0055228,shared_device,Person,P077894,2025-06-21T21:30:21.855555,,0.8664
REL0000399,Person,P074374,family,Account,ACC0070783,2023-08-30T11:14:22.296634,,0.9722
REL0000400,Person,P028962,family,Account,ACC0142195,2023-12-30T03:52:48.943896,2025-09-05T20:51:27.568692,0.6543
REL0000401,Account,ACC0013772,supplier_customer,Account,ACC0038262,2025-06-20T18:35:34.346403,,0.3538
REL0000402,Account,ACC0071082,family,Account,ACC0008146,2022-12-01T14:06:39.212213,,0.5679
REL0000403,Account,ACC0086810,guarantor,Account,ACC0113479,2023-07-13T19:59:18.570826,,0.8425
REL0000404,Account,ACC0019804,family,Person,P099570,2022-03-27T05:08:27.593584,,0.4245
REL0000405,Person,P054780,guarantor,Person,P016023,2022-09-04T22:44:28.542816,2025-04-21T14:46:24.480118,0.977
REL0000406,Account,ACC0045477,joint_account,Account,ACC0130439,2023-10-20T11:21:34.157230,,0.3755
REL0000407,Account,ACC0135705,business_partner,Account,ACC0093011,2024-10-02T03:34:34.933647,2025-04-21T20:54:09.428599,0.8493
REL0000408,Person,P005643,guarantor,Account,ACC0008428,2024-01-21T17:10:43.215919,2025-09-18T04:11:04.963756,0.869
REL0000409,Account,ACC0124013,business_partner,Person,P059262,2025-07-29T20:37:39.766513,,0.6392
REL0000410,Account,ACC0082798,shared_device,Person,P027020,2023-05-16T23:20:17.471311,,0.7155
REL0000411,Person,P039358,supplier_customer,Person,P051079,2025-07-02T01:22:15.788151,,0.7481
REL0000412,Account,ACC0059852,shared_device,Account,ACC0083806,2024-12-02T06:50:24.308682,,0.5528
REL0000413,Account,ACC0032170,business_partner,Person,P008372,2024-11-20T10:53:35.542896,,0.692
REL0000414,Account,ACC0102253,guarantor,Company,C04336,2024-05-24T22:36:35.624810,2024-09-19T22:02:14.964773,0.5919
REL0000415,Company,C02061,employer_employee,Account,ACC0084103,2025-07-31T04:15:01.763095,,0.7759
REL0000416,Account,ACC0133074,joint_account,Person,P013671,2025-02-25T16:36:14.888680,,0.9661
REL0000417,Account,ACC0095250,shared_address,Account,ACC0117759,2022-04-28T21:43:19.766233,,0.375
REL0000418,Person,P076766,guarantor,Person,P050439,2023-06-24T17:14:57.252389,,0.6099
REL0000419,Person,P065839,supplier_customer,Person,P075169,2022-05-11T17:43:22.853671,,0.3988
REL0000420,Person,P064380,counterpart,Person,P040877,2023-07-31T10:50:05.381173,2025-07-23T06:44:17.063096,0.9352
REL0000421,Account,ACC0126024,employer_employee,Account,ACC0049264,2025-05-16T17:34:33.562092,,0.6584
REL0000422,Account,ACC0059860,shared_address,Account,ACC0127671,2025-12-05T09:02:16.093618,,0.5261
REL0000423,Person,P010813,guarantor,Account,ACC0079255,2024-06-26T13:17:15.721938,,0.3838
REL0000424,Person,P030930,family,Person,P071138,2023-07-25T01:09:19.164865,2025-03-15T03:55:59.296308,0.8291
REL0000425,Person,P046448,business_partner,Account,ACC0083551,2024-01-10T17:08:37.240846,,0.4668
REL0000426,Person,P053344,family,Person,P074077,2022-01-17T10:26:44.742811,,0.4024
REL0000427,Person,P028845,shared_address,Account,ACC0129651,2024-09-18T03:36:03.756510,,0.8492
REL0000428,Person,P037872,guarantor,Account,ACC0074638,2023-05-04T15:27:17.162561,,0.9065
REL0000429,Person,P060461,supplier_customer,Account,ACC0081496,2025-09-26T00:32:42.696221,2025-12-08T17:24:44.367480,0.6619
REL0000430,Account,ACC0061602,shared_address,Account,ACC0046267,2022-06-01T22:43:30.099638,,0.3126
REL0000431,Person,P065336,referral,Account,ACC0113821,2023-03-24T08:24:27.007359,2025-10-30T07:06:21.916354,0.5008
REL0000432,Account,ACC0100631,family,Person,P021463,2024-04-13T18:00:08.685722,,0.8536
REL0000433,Account,ACC0134153,employer_employee,Person,P028048,2022-05-01T15:25:30.532609,,0.8412
REL0000434,Account,ACC0068374,business_partner,Person,P082085,2025-01-31T22:13:24.704587,2025-12-22T18:34:39.306310,0.4587
REL0000435,Account,ACC0089967,joint_account,Account,ACC0042392,2025-11-29T23:01:20.765114,2025-12-27T15:16:12.446614,0.8277
REL0000436,Account,ACC0032553,business_partner,Person,P067113,2025-04-07T16:52:40.699125,,0.6869
REL0000437,Person,P010609,family,Person,P099075,2023-11-25T20:07:16.427528,,0.9317
REL0000438,Account,ACC0103283,referral,Person,P091933,2024-09-22T11:52:16.817060,,0.8078
REL0000439,Account,ACC0103961,referral,Account,ACC0085569,2025-01-21T12:18:13.765562,,0.6374
REL0000440,Account,ACC0050964,family,Person,P082994,2025-03-05T21:16:25.054810,,0.9341
REL0000441,Person,P067081,business_partner,Account,ACC0148339,2024-07-28T21:34:26.543439,,0.6631
REL0000442,Account,ACC0081759,counterpart,Person,P014472,2025-11-29T15:24:16.621980,,0.5724
REL0000443,Account,ACC0125625,business_partner,Person,P019236,2022-10-11T22:13:21.747495,,0.9579
REL0000444,Account,ACC0133859,counterpart,Account,ACC0145926,2022-07-12T07:37:30.742308,2025-01-26T10:43:05.412571,0.3047
REL0000445,Person,P019536,family,Account,ACC0087377,2022-07-10T13:14:14.019872,2023-04-18T17:48:27.332938,0.7444
REL0000446,Account,ACC0129822,joint_account,Person,P062038,2025-02-01T11:13:11.498899,2025-04-24T16:46:34.792332,0.8881
REL0000447,Person,P067492,shared_device,Person,P041684,2022-10-18T08:42:33.690476,,0.8567
REL0000448,Person,P073112,counterpart,Person,P072883,2023-05-21T08:55:27.621912,,0.5964
REL0000449,Account,ACC0134901,supplier_customer,Account,ACC0031061,2022-10-14T13:23:34.161018,,0.8322
REL0000450,Person,P094465,employer_employee,Account,ACC0064106,2024-09-20T09:45:47.597567,2025-01-24T05:02:10.492272,0.3158
REL0000451,Person,P056636,business_partner,Account,ACC0081460,2022-08-21T08:39:00.512765,,0.5155
REL0000452,Account,ACC0143873,referral,Person,P030328,2024-09-11T14:43:04.682245,2025-04-11T18:05:50.728507,0.6963
REL0000453,Person,P098127,supplier_customer,Person,P073596,2022-03-08T16:37:15.541126,,0.8008
REL0000454,Account,ACC0140061,family,Account,ACC0001039,2022-12-01T03:18:56.794254,,0.5083
REL0000455,Account,ACC0113803,supplier_customer,Person,P017927,2022-11-16T10:51:16.448453,,0.4084
REL0000456,Person,P054487,supplier_customer,Account,ACC0060732,2025-06-16T07:15:10.847172,,0.8703
REL0000457,Person,P060515,supplier_customer,Account,ACC0078502,2025-01-25T20:07:36.012244,,0.4777
REL0000458,Account,ACC0067908,supplier_customer,Person,P073003,2024-08-23T18:17:50.231354,2025-04-09T08:31:50.480301,0.9864
REL0000459,Account,ACC0014707,family,Account,ACC0065445,2025-01-31T13:08:56.410924,2025-03-25T19:46:28.852201,0.4359
REL0000460,Person,P073374,supplier_customer,Account,ACC0133738,2025-05-23T04:07:26.147130,,0.3339
REL0000461,Person,P007631,business_partner,Person,P042377,2024-05-16T13:18:15.227447,,0.4056
REL0000462,Account,ACC0104373,business_partner,Account,ACC0062702,2023-01-16T23:12:02.066123,,0.3263
REL0000463,Account,ACC0010441,guarantor,Person,P026694,2025-04-10T17:59:48.950998,,0.8169
REL0000464,Person,P041926,shared_address,Person,P097236,2022-12-03T22:47:47.021318,,0.303
REL0000465,Account,ACC0007729,guarantor,Person,P053466,2022-10-15T07:17:13.226656,,0.3763
REL0000466,Person,P039049,employer_employee,Person,P022162,2024-01-09T22:14:58.672691,,0.8119
REL0000467,Account,ACC0134307,referral,Person,P003399,2025-11-17T02:33:46.729470,,0.7971
REL0000468,Company,C00491,business_partner,Account,ACC0010484,2023-06-24T18:03:27.666491,,0.9794
REL0000469,Person,P010720,counterpart,Account,ACC0003474,2024-12-17T23:58:13.406615,,0.3079
REL0000470,Account,ACC0085207,business_partner,Person,P037847,2023-05-29T05:36:33.092256,,0.8623
REL0000471,Person,P057862,counterpart,Account,ACC0021552,2024-04-18T23:34:07.280583,,0.6269
REL0000472,Account,ACC0147928,employer_employee,Person,P039392,2022-03-19T10:18:51.463182,,0.6759
REL0000473,Account,ACC0098879,family,Person,P072932,2024-02-27T19:20:13.902099,,0.4474
REL0000474,Account,ACC0088040,family,Account,ACC0028992,2023-02-22T00:48:28.425952,,0.8348
REL0000475,Company,C04087,guarantor,Person,P086379,2023-04-02T18:11:08.096384,,0.6848
REL0000476,Account,ACC0009727,business_partner,Account,ACC0069915,2025-04-08T03:24:50.209805,2025-05-26T18:23:20.872166,0.7207
REL0000477,Person,P009219,family,Account,ACC0041728,2023-11-29T19:03:48.301049,,0.6315
REL0000478,Account,ACC0039129,employer_employee,Account,ACC0036764,2024-06-07T03:20:57.346506,,0.6233
REL0000479,Account,ACC0140013,family,Company,C01936,2022-10-22T02:00:04.341521,,0.5214
REL0000480,Person,P001051,business_partner,Account,ACC0067333,2024-08-31T01:37:54.843774,,0.3635
REL0000481,Person,P075610,referral,Person,P004455,2025-07-20T09:12:01.943523,,0.9267
REL0000482,Account,ACC0084093,referral,Person,P020600,2025-11-29T03:21:06.645213,,0.8575
REL0000483,Person,P010940,guarantor,Account,ACC0033443,2022-12-26T16:38:06.304087,,0.4759
REL0000484,Person,P063555,counterpart,Person,P005403,2023-01-14T14:55:54.397093,,0.9327
REL0000485,Account,ACC0015721,shared_address,Account,ACC0128663,2024-02-28T17:49:37.052723,,0.7872
REL0000486,Account,ACC0116492,shared_device,Account,ACC0060069,2022-10-24T15:58:25.291268,,0.9898
REL0000487,Person,P050166,supplier_customer,Person,P021684,2024-03-28T00:35:55.695377,2024-06-09T00:35:43.461164,0.5722
REL0000488,Account,ACC0045369,joint_account,Person,P019723,2024-07-26T11:16:59.862435,,0.8234
REL0000489,Account,ACC0107307,employer_employee,Account,ACC0080416,2022-03-06T01:49:34.327894,,0.7677
REL0000490,Person,P024847,joint_account,Account,ACC0045394,2023-07-03T12:43:35.302469,2025-06-06T03:20:26.839046,0.4423
REL0000491,Account,ACC0035483,guarantor,Person,P098561,2022-08-03T02:33:51.625254,,0.9194
REL0000492,Account,ACC0143179,guarantor,Account,ACC0028634,2024-12-23T01:52:40.775494,,0.4416
REL0000493,Account,ACC0105516,joint_account,Account,ACC0098103,2024-07-07T00:15:40.825746,,0.5915
REL0000494,Account,ACC0113420,employer_employee,Person,P043011,2023-02-25T15:43:39.956513,,0.3416
REL0000495,Person,P008409,joint_account,Person,P042337,2023-10-05T00:36:52.535326,,0.7808
REL0000496,Account,ACC0035803,supplier_customer,Account,ACC0057317,2023-01-07T03:29:17.535377,,0.4289
REL0000497,Account,ACC0064299,shared_device,Account,ACC0124438,2022-10-01T19:35:13.004948,,0.6597
REL0000498,Person,P030885,family,Account,ACC0029140,2023-04-16T14:10:19.709405,,0.3508
REL0000499,Account,ACC0132680,shared_device,Person,P036592,2023-02-09T02:59:56.417003,,0.8327
REL0000500,Person,P016695,employer_employee,Account,ACC0123631,2025-05-23T08:58:51.554011,,0.7779
REL0000501,Account,ACC0013462,counterpart,Account,ACC0071092,2023-01-11T23:46:01.692254,2024-03-27T13:04:41.058884,0.793
REL0000502,Account,ACC0066773,business_partner,Person,P072886,2025-09-10T21:32:00.989035,2025-09-28T08:48:03.967578,0.5337
REL0000503,Person,P067295,referral,Person,P033331,2022-08-25T22:58:31.927094,2024-04-30T08:58:30.178550,0.3105
REL0000504,Person,P068063,business_partner,Account,ACC0036406,2022-07-03T17:31:20.484400,2025-06-11T00:47:20.152007,0.6571
REL0000505,Person,P087017,joint_account,Company,C02671,2022-06-28T22:34:44.425721,2023-03-24T03:45:38.760535,0.9223
REL0000506,Account,ACC0065872,supplier_customer,Account,ACC0138240,2022-09-13T11:04:28.653462,,0.8012
REL0000507,Person,P016542,family,Account,ACC0039068,2023-05-24T13:39:54.326195,,0.3155
REL0000508,Account,ACC0073476,business_partner,Account,ACC0110008,2022-10-23T23:48:37.181581,,0.9078
REL0000509,Account,ACC0045486,supplier_customer,Account,ACC0130082,2025-12-15T20:29:51.204335,,0.7868
REL0000510,Person,P037284,family,Account,ACC0105766,2023-12-10T12:30:33.358739,,0.5239
REL0000511,Person,P063871,shared_device,Account,ACC0076908,2022-05-15T13:16:09.294228,,0.6672
REL0000512,Person,P035625,counterpart,Account,ACC0084560,2025-03-29T23:34:04.739124,2025-08-22T16:12:37.127084,0.4526
REL0000513,Person,P003777,employer_employee,Person,P021366,2023-04-17T01:46:16.016646,2024-10-13T07:38:19.218395,0.3687
REL0000514,Account,ACC0059063,supplier_customer,Account,ACC0061111,2025-06-30T23:53:15.570035,2025-07-13T14:27:29.100430,0.3798
REL0000515,Person,P018388,counterpart,Account,ACC0050998,2024-03-04T16:13:22.339587,,0.8922
REL0000516,Account,ACC0142360,employer_employee,Account,ACC0135966,2024-02-19T02:18:30.069309,,0.591
REL0000517,Account,ACC0066755,counterpart,Person,P092058,2023-07-03T07:40:15.891852,,0.762
REL0000518,Account,ACC0090438,business_partner,Account,ACC0148974,2022-12-16T17:10:57.499663,,0.8049
REL0000519,Account,ACC0137160,guarantor,Account,ACC0055856,2023-09-22T08:47:13.496281,,0.9362
REL0000520,Person,P048049,supplier_customer,Account,ACC0111040,2023-06-05T10:16:43.591003,,0.8912
REL0000521,Account,ACC0052485,employer_employee,Person,P094302,2023-02-26T02:53:26.028827,,0.4285
REL0000522,Account,ACC0010134,counterpart,Account,ACC0058573,2024-02-13T22:00:58.995770,2024-05-17T21:21:08.617452,0.4452
REL0000523,Company,C01533,shared_address,Person,P006717,2022-06-02T12:09:15.285445,,0.3896
REL0000524,Account,ACC0140198,employer_employee,Company,C06111,2025-02-13T00:06:57.397993,,0.7
REL0000525,Account,ACC0076012,supplier_customer,Person,P006615,2023-10-18T19:43:23.871819,,0.3441
REL0000526,Account,ACC0082002,counterpart,Account,ACC0016016,2022-12-17T11:50:42.768669,,0.7583
REL0000527,Account,ACC0007054,shared_address,Person,P063037,2022-06-10T18:37:59.858163,,0.611
REL0000528,Person,P088252,family,Person,P084539,2023-10-19T10:00:09.260468,,0.6453
REL0000529,Account,ACC0126982,family,Person,P044445,2022-01-20T14:27:36.321297,2023-12-21T10:01:09.239596,0.9408
REL0000530,Account,ACC0017350,family,Account,ACC0129355,2025-11-05T22:41:38.775906,,0.5542
REL0000531,Account,ACC0124429,shared_address,Person,P032756,2024-10-18T02:58:19.794981,,0.9273
REL0000532,Account,ACC0109534,employer_employee,Account,ACC0112551,2023-10-09T11:53:41.934368,,0.9184
REL0000533,Account,ACC0071441,shared_device,Account,ACC0022287,2023-06-19T09:49:44.391878,,0.5613
REL0000534,Account,ACC0089641,business_partner,Person,P007878,2024-07-19T01:15:12.098555,,0.5112
REL0000535,Person,P075638,business_partner,Account,ACC0074550,2022-03-25T00:15:33.734519,,0.5611
REL0000536,Account,ACC0139876,joint_account,Account,ACC0010764,2024-06-19T02:23:00.774981,,0.77
REL0000537,Person,P098936,business_partner,Person,P001903,2022-11-11T19:52:45.758171,2024-04-29T13:40:28.389373,0.3484
REL0000538,Person,P052717,family,Person,P012065,2025-09-09T01:03:30.499793,,0.5206
REL0000539,Account,ACC0040233,business_partner,Account,ACC0035416,2025-01-21T22:58:38.892496,,0.8192
REL0000540,Person,P052131,joint_account,Person,P037425,2022-08-19T17:10:39.839057,,0.3683
REL0000541,Account,ACC0080230,shared_address,Account,ACC0001776,2024-01-21T23:00:58.293869,,0.4747
REL0000542,Person,P049678,family,Account,ACC0129564,2022-03-06T17:16:09.312581,,0.6625
REL0000543,Account,ACC0126778,supplier_customer,Account,ACC0045299,2025-07-23T16:48:05.998383,,0.5541
REL0000544,Account,ACC0018229,counterpart,Person,P071282,2025-09-24T10:47:43.919912,,0.6122
REL0000545,Person,P017615,family,Account,ACC0126056,2025-11-29T05:02:15.663764,,0.4116
REL0000546,Person,P052686,employer_employee,Account,ACC0015717,2024-08-09T06:16:01.529891,,0.421
REL0000547,Person,P086226,supplier_customer,Company,C06614,2025-06-08T02:13:36.576237,,0.9493
REL0000548,Account,ACC0001109,family,Account,ACC0067427,2025-07-10T02:03:25.402309,,0.654
REL0000549,Person,P006523,shared_address,Account,ACC0134033,2022-10-02T06:40:19.299812,2023-09-21T06:46:49.085099,0.4322
REL0000550,Account,ACC0035487,supplier_customer,Person,P022738,2023-07-29T09:04:21.423306,,0.6266
REL0000551,Account,ACC0147992,business_partner,Account,ACC0024657,2022-06-25T08:01:25.036775,,0.6292
REL0000552,Person,P067246,shared_device,Person,P046663,2025-08-10T17:43:30.407974,,0.6214
REL0000553,Person,P072486,counterpart,Account,ACC0123629,2024-10-04T22:20:12.136755,,0.4625
REL0000554,Person,P049625,shared_device,Account,ACC0070550,2023-10-01T15:12:43.119118,2025-03-12T09:41:21.044392,0.6152
REL0000555,Person,P088549,business_partner,Account,ACC0003371,2023-12-14T06:56:05.984450,,0.5747
REL0000556,Person,P082228,referral,Person,P071419,2025-04-21T14:41:52.183426,,0.6602
REL0000557,Person,P046250,family,Account,ACC0115930,2025-04-18T00:37:04.070864,2025-07-07T15:54:45.566659,0.9863
REL0000558,Account,ACC0070254,family,Account,ACC0106265,2024-12-02T09:31:45.702192,,0.7819
REL0000559,Company,C09804,shared_address,Account,ACC0106044,2022-11-07T11:09:10.189545,,0.4912
REL0000560,Person,P030665,supplier_customer,Account,ACC0021879,2024-01-14T07:32:30.537487,,0.3521
REL0000561,Person,P037993,family,Account,ACC0116739,2024-02-25T20:13:45.569076,,0.8542
REL0000562,Account,ACC0094475,guarantor,Account,ACC0088416,2025-10-25T10:36:29.059382,,0.8891
REL0000563,Account,ACC0077393,supplier_customer,Account,ACC0136502,2025-03-12T22:02:11.356413,,0.7457
REL0000564,Account,ACC0127342,guarantor,Account,ACC0062930,2024-04-29T07:30:59.604883,,0.9066
REL0000565,Account,ACC0085531,family,Account,ACC0019986,2023-03-04T06:05:14.733588,,0.7829
REL0000566,Person,P092148,shared_address,Account,ACC0063586,2023-10-12T20:53:21.660432,,0.9226
REL0000567,Account,ACC0108731,joint_account,Account,ACC0026212,2022-05-22T15:34:24.495858,,0.8258
REL0000568,Company,C02271,family,Account,ACC0025763,2022-05-20T23:06:47.052359,,0.9249
REL0000569,Person,P092583,joint_account,Person,P079287,2025-09-29T14:07:32.722558,2025-11-12T02:47:15.723476,0.4431
REL0000570,Person,P054438,supplier_customer,Person,P055389,2022-12-05T16:04:39.266520,,0.5521
REL0000571,Person,P097058,counterpart,Person,P046591,2022-12-26T14:03:50.908668,,0.9901
REL0000572,Person,P006493,referral,Account,ACC0080187,2025-02-20T19:43:42.053502,,0.441
REL0000573,Account,ACC0110709,shared_device,Account,ACC0145661,2024-04-02T06:01:55.180072,2025-08-09T12:21:34.052716,0.3197
REL0000574,Person,P009704,employer_employee,Person,P037569,2025-03-16T11:37:10.413867,,0.6208
REL0000575,Person,P091987,counterpart,Account,ACC0079646,2023-03-06T14:32:47.037182,,0.6798
REL0000576,Account,ACC0086519,counterpart,Account,ACC0070083,2025-11-25T21:25:59.536281,,0.4971
REL0000577,Person,P091621,family,Account,ACC0105385,2024-08-01T07:53:19.057977,,0.4897
REL0000578,Person,P050774,family,Account,ACC0100123,2022-01-19T12:37:08.537968,,0.6994
REL0000579,Account,ACC0035994,joint_account,Company,C07287,2023-10-23T10:34:32.026331,2025-06-06T01:20:51.859373,0.9584
REL0000580,Person,P004202,counterpart,Account,ACC0110604,2025-12-12T06:10:42.945752,,0.7521
REL0000581,Person,P077411,shared_device,Account,ACC0097635,2022-08-19T10:52:45.744555,2025-02-04T09:32:47.109097,0.3759
REL0000582,Company,C08571,shared_device,Person,P025049,2024-07-10T15:08:20.972124,,0.9103
REL0000583,Account,ACC0087850,shared_device,Account,ACC0060309,2022-08-13T05:26:56.185605,,0.3571
REL0000584,Person,P072069,employer_employee,Account,ACC0091291,2022-07-23T16:40:53.271759,,0.325
REL0000585,Person,P002325,counterpart,Account,ACC0070503,2024-06-01T03:17:33.134794,,0.6193
REL0000586,Account,ACC0095683,business_partner,Account,ACC0059613,2025-11-22T20:35:55.526701,,0.3644
REL0000587,Account,ACC0036745,counterpart,Person,P065089,2024-06-23T10:55:29.732355,,0.5782
REL0000588,Person,P038923,counterpart,Account,ACC0019576,2022-10-27T00:45:58.964701,,0.4703
REL0000589,Person,P044375,employer_employee,Account,ACC0017280,2025-09-29T06:54:35.241233,,0.945
REL0000590,Person,P015870,business_partner,Person,P091177,2025-02-25T19:03:12.490301,,0.5293
REL0000591,Person,P055551,referral,Company,C03563,2025-03-28T21:43:16.469408,,0.5581
REL0000592,Account,ACC0136062,joint_account,Account,ACC0136736,2025-03-14T04:09:50.171289,2025-04-25T14:44:56.535305,0.9322
REL0000593,Account,ACC0124741,shared_address,Account,ACC0144111,2023-05-08T07:01:58.014492,,0.9535
REL0000594,Account,ACC0038131,counterpart,Person,P037857,2024-12-08T19:18:29.138266,2024-12-19T13:04:54.280553,0.8194
REL0000595,Account,ACC0004949,joint_account,Account,ACC0148482,2024-05-30T00:41:30.078192,,0.5391
REL0000596,Person,P055355,supplier_customer,Account,ACC0086660,2023-05-27T21:15:52.847400,,0.7347
REL0000597,Account,ACC0018169,business_partner,Account,ACC0106592,2025-03-21T23:02:47.839531,2025-04-04T05:04:34.124705,0.516
REL0000598,Account,ACC0145233,counterpart,Account,ACC0111934,2023-05-23T08:02:00.766037,,0.834
REL0000599,Account,ACC0007321,business_partner,Account,ACC0061894,2022-06-23T20:39:44.839224,,0.3346
REL0000600,Account,ACC0042350,family,Account,ACC0088707,2022-06-16T15:39:25.353215,,0.6011
REL0000601,Account,ACC0060376,shared_address,Person,P012639,2025-08-08T08:57:16.741946,,0.5167
REL0000602,Account,ACC0003646,family,Person,P042500,2023-06-10T13:37:18.733595,,0.3062
REL0000603,Account,ACC0141610,supplier_customer,Person,P065926,2022-05-29T23:25:19.581747,,0.4271
REL0000604,Account,ACC0138869,business_partner,Account,ACC0120427,2023-01-17T17:45:24.258306,,0.8189
REL0000605,Person,P059795,guarantor,Person,P002116,2023-04-26T06:56:02.754769,,0.3157
REL0000606,Account,ACC0054277,supplier_customer,Account,ACC0085779,2024-04-16T20:22:33.013522,,0.5776
REL0000607,Person,P070790,family,Person,P036870,2022-06-17T06:10:39.275352,,0.6536
REL0000608,Account,ACC0145490,business_partner,Account,ACC0077357,2024-02-16T17:08:40.234613,,0.623
REL0000609,Person,P052295,family,Account,ACC0079318,2024-04-27T19:18:41.288487,,0.8016
REL0000610,Account,ACC0133606,employer_employee,Person,P032503,2024-01-26T09:04:39.897356,,0.9587
REL0000611,Account,ACC0043762,supplier_customer,Account,ACC0078065,2025-01-04T11:11:37.903239,,0.3524
REL0000612,Person,P086060,employer_employee,Account,ACC0009754,2025-11-29T14:42:28.576508,,0.7353
REL0000613,Account,ACC0139584,joint_account,Account,ACC0114521,2022-08-19T08:31:41.660173,,0.5801
REL0000614,Person,P091208,joint_account,Company,C02315,2024-05-14T21:20:57.500486,,0.5516
REL0000615,Account,ACC0144394,shared_address,Account,ACC0132401,2022-09-14T00:32:38.784814,,0.4973
REL0000616,Person,P021574,counterpart,Account,ACC0029309,2022-05-16T18:49:46.067972,2024-01-15T15:12:24.793792,0.6591
REL0000617,Account,ACC0127555,referral,Person,P078669,2022-10-16T11:40:28.399302,2025-05-06T06:26:30.273021,0.4077
REL0000618,Account,ACC0090821,shared_device,Account,ACC0134826,2025-05-25T05:40:22.013012,,0.3851
REL0000619,Account,ACC0100330,shared_device,Account,ACC0082511,2025-11-09T02:07:42.767771,,0.4185
REL0000620,Account,ACC0015823,employer_employee,Account,ACC0089161,2025-04-08T23:20:33.480257,2025-10-19T11:31:14.917367,0.6059
REL0000621,Account,ACC0137950,supplier_customer,Account,ACC0122258,2024-02-10T16:08:35.300681,2025-10-29T09:00:51.183461,0.931
REL0000622,Person,P076982,employer_employee,Person,P026094,2022-12-16T11:13:56.128413,,0.6637
REL0000623,Person,P089739,business_partner,Account,ACC0103110,2023-10-18T08:18:25.689526,,0.8434
REL0000624,Account,ACC0062589,family,Person,P072113,2022-12-13T23:36:26.930505,,0.7738
REL0000625,Account,ACC0143464,joint_account,Person,P076191,2025-06-27T11:40:51.719118,,0.6395
REL0000626,Person,P014352,shared_device,Account,ACC0005549,2024-08-08T10:14:50.220310,2024-12-23T14:52:54.474426,0.456
REL0000627,Person,P014793,supplier_customer,Person,P077665,2022-05-27T22:18:57.935029,,0.5396
REL0000628,Account,ACC0099283,employer_employee,Person,P013737,2023-09-15T21:13:19.011399,2024-02-10T11:51:03.660368,0.6854
REL0000629,Account,ACC0136455,employer_employee,Account,ACC0022763,2022-02-28T20:38:18.417326,,0.4749
REL0000630,Account,ACC0073289,counterpart,Account,ACC0140189,2023-01-03T14:36:21.409722,2024-10-24T07:03:16.458321,0.9062
REL0000631,Account,ACC0125388,shared_device,Person,P061805,2023-10-02T10:45:42.663445,,0.4883
REL0000632,Account,ACC0053160,guarantor,Person,P005862,2023-06-26T12:42:54.059916,,0.5606
REL0000633,Account,ACC0144260,counterpart,Person,P024313,2022-11-28T13:39:03.114617,,0.3097
REL0000634,Account,ACC0139920,family,Account,ACC0073169,2025-03-17T07:03:10.191985,,0.4398
REL0000635,Person,P063242,employer_employee,Account,ACC0146676,2023-06-25T11:48:11.497087,2023-09-22T21:00:01.133352,0.7188
REL0000636,Account,ACC0131579,shared_device,Person,P069459,2023-04-17T14:51:59.729484,,0.8851
REL0000637,Account,ACC0060371,business_partner,Account,ACC0017742,2022-09-08T14:31:47.206293,2023-04-10T18:10:37.684911,0.9005
REL0000638,Account,ACC0129315,employer_employee,Person,P008779,2022-05-09T15:11:58.650267,,0.4119
REL0000639,Person,P052026,supplier_customer,Person,P027876,2024-08-05T07:42:06.580470,2025-07-26T21:21:15.183493,0.9975
REL0000640,Person,P031933,family,Account,ACC0096259,2023-01-10T09:48:33.199442,,0.6317
REL0000641,Person,P079304,employer_employee,Person,P087254,2024-06-07T13:14:13.371315,2025-09-28T01:37:12.007164,0.6059
REL0000642,Person,P071954,shared_address,Account,ACC0015573,2024-04-26T21:25:08.751474,,0.6364
REL0000643,Account,ACC0093592,shared_device,Account,ACC0031997,2025-12-13T17:53:01.075906,,0.6747
REL0000644,Person,P058327,family,Account,ACC0061577,2023-10-25T13:15:38.250061,,0.6801
REL0000645,Person,P053206,shared_device,Account,ACC0042325,2025-11-07T14:57:11.348059,,0.5629
REL0000646,Company,C05093,family,Account,ACC0025538,2024-08-12T06:09:09.909508,,0.7146
REL0000647,Account,ACC0144332,business_partner,Company,C07407,2023-04-15T20:33:44.110168,,0.9547
REL0000648,Account,ACC0019724,shared_address,Account,ACC0129655,2024-09-08T18:25:22.290719,,0.3025
REL0000649,Person,P033192,business_partner,Person,P025114,2024-01-20T19:20:29.139667,,0.8628
REL0000650,Person,P086217,joint_account,Person,P025867,2025-09-08T23:57:38.310039,,0.5601
REL0000651,Account,ACC0141976,joint_account,Account,ACC0093588,2025-02-18T19:33:33.746980,2025-11-12T02:32:02.373459,0.7855
REL0000652,Person,P009095,referral,Person,P062575,2024-02-16T16:21:49.130789,,0.8385
REL0000653,Person,P068292,family,Account,ACC0078208,2022-11-21T14:23:56.224894,,0.4187
REL0000654,Person,P014505,shared_address,Account,ACC0099960,2023-09-17T14:35:04.073218,,0.9187
REL0000655,Account,ACC0051937,business_partner,Account,ACC0073634,2024-05-17T20:01:28.142436,2025-11-02T20:21:40.035356,0.576
REL0000656,Account,ACC0113399,family,Account,ACC0080797,2024-10-28T13:08:50.090768,2025-10-23T16:33:27.427291,0.8009
REL0000657,Person,P071511,employer_employee,Person,P063434,2023-06-12T02:25:57.805504,2024-09-18T19:33:13.600510,0.5285
REL0000658,Person,P075447,shared_device,Person,P013042,2022-04-20T09:27:30.549616,,0.861
REL0000659,Account,ACC0086642,shared_address,Account,ACC0111678,2024-04-12T22:12:51.992334,,0.4349
REL0000660,Person,P087878,joint_account,Account,ACC0031227,2024-12-23T04:17:26.970608,2025-04-07T22:26:53.959918,0.4875
REL0000661,Person,P033319,supplier_customer,Person,P020055,2025-11-06T06:06:15.998487,,0.8178
REL0000662,Person,P038222,shared_device,Account,ACC0127929,2024-01-16T05:12:57.642626,,0.4882
REL0000663,Person,P028978,counterpart,Account,ACC0054835,2023-12-26T04:24:44.808568,,0.5885
REL0000664,Person,P039125,shared_address,Account,ACC0013890,2025-02-15T11:28:44.942130,,0.6515
REL0000665,Account,ACC0121847,business_partner,Person,P008448,2024-03-24T21:38:31.195966,,0.8047
REL0000666,Person,P037903,employer_employee,Account,ACC0089444,2025-04-30T13:23:00.822783,,0.5106
REL0000667,Person,P070049,counterpart,Person,P057908,2022-05-06T10:53:32.796800,2025-11-08T02:53:22.451506,0.3445
REL0000668,Account,ACC0112066,supplier_customer,Person,P096995,2022-01-08T03:24:38.987776,,0.4735
REL0000669,Account,ACC0134257,shared_device,Person,P002926,2022-12-13T14:18:07.181137,,0.4855
REL0000670,Account,ACC0059636,joint_account,Account,ACC0062913,2025-05-17T21:23:32.330754,2025-10-15T04:34:13.857085,0.3786
REL0000671,Person,P099811,business_partner,Account,ACC0009961,2024-06-20T14:43:02.205124,,0.8046
REL0000672,Account,ACC0140563,employer_employee,Account,ACC0084319,2022-09-22T10:17:48.819504,,0.8961
REL0000673,Account,ACC0105927,counterpart,Account,ACC0103601,2025-08-25T17:26:56.494618,,0.685
REL0000674,Account,ACC0031458,shared_device,Account,ACC0121972,2022-11-07T19:40:56.265422,,0.6899
REL0000675,Account,ACC0098341,shared_device,Account,ACC0131224,2024-07-01T09:46:40.657344,2024-12-13T13:42:41.593894,0.7865
REL0000676,Person,P095308,shared_address,Account,ACC0098633,2024-10-10T05:44:59.485148,,0.8997
REL0000677,Person,P010049,guarantor,Account,ACC0146160,2022-08-09T11:18:26.639298,,0.4912
REL0000678,Account,ACC0120209,counterpart,Person,P063003,2022-01-05T21:10:17.912487,,0.7028
REL0000679,Person,P098071,shared_device,Person,P069442,2024-05-28T11:46:07.435456,,0.7989
REL0000680,Person,P087694,guarantor,Account,ACC0117262,2023-08-21T13:13:25.566260,,0.5527
REL0000681,Person,P060793,business_partner,Person,P066318,2022-03-05T17:10:08.314732,,0.63
REL0000682,Account,ACC0129508,business_partner,Person,P039893,2025-12-09T15:18:26.316054,,0.3685
REL0000683,Company,C07689,family,Person,P032117,2023-11-07T15:03:28.492070,,0.7097
REL0000684,Account,ACC0039534,supplier_customer,Account,ACC0111604,2024-06-04T02:01:37.011339,,0.9388
REL0000685,Account,ACC0002664,family,Account,ACC0018710,2023-06-04T04:15:46.963975,,0.4103
REL0000686,Account,ACC0124156,supplier_customer,Company,C00893,2023-10-09T13:06:40.699751,,0.928
REL0000687,Account,ACC0065892,counterpart,Account,ACC0046859,2024-10-09T12:12:41.523436,,0.7418
REL0000688,Account,ACC0043402,employer_employee,Account,ACC0112350,2023-04-15T00:31:26.767687,,0.9763
REL0000689,Account,ACC0127796,shared_device,Account,ACC0002104,2023-01-27T08:47:37.786870,,0.9653
REL0000690,Account,ACC0033186,counterpart,Person,P097366,2022-05-01T10:22:03.702489,,0.4356
REL0000691,Person,P062839,business_partner,Account,ACC0000057,2024-02-15T07:41:50.048185,2024-09-15T03:14:46.446493,0.4725
REL0000692,Account,ACC0120751,shared_device,Person,P083410,2022-10-28T08:32:32.413223,,0.4276
REL0000693,Person,P006913,family,Account,ACC0118340,2023-01-21T05:53:19.371008,,0.6936
REL0000694,Person,P059422,guarantor,Account,ACC0025140,2023-06-27T18:06:53.957319,2024-07-16T22:20:16.894057,0.4162
REL0000695,Account,ACC0086417,employer_employee,Company,C06599,2022-01-05T21:37:39.789080,2022-12-04T18:56:26.845798,0.7341
REL0000696,Person,P083716,business_partner,Account,ACC0104606,2022-04-12T03:44:39.018902,2023-12-08T13:54:58.679577,0.6502
REL0000697,Account,ACC0014472,shared_device,Account,ACC0072815,2022-07-12T20:49:16.533255,,0.3748
REL0000698,Account,ACC0014630,family,Account,ACC0018250,2023-08-03T02:38:30.852166,,0.3287
REL0000699,Account,ACC0104001,referral,Person,P033112,2023-03-10T19:11:06.055850,,0.6941
REL0000700,Account,ACC0130823,supplier_customer,Account,ACC0056206,2024-12-13T21:08:50.038359,,0.9656
REL0000701,Account,ACC0079666,shared_address,Person,P043838,2024-02-16T11:21:39.652084,,0.336
REL0000702,Person,P062711,employer_employee,Account,ACC0101931,2024-12-27T15:49:11.266324,,0.3683
REL0000703,Account,ACC0068047,counterpart,Person,P098486,2024-04-02T03:29:51.595626,,0.4073
REL0000704,Account,ACC0057915,joint_account,Account,ACC0000612,2023-09-10T20:44:03.576745,,0.6076
REL0000705,Account,ACC0001007,employer_employee,Person,P059527,2025-02-07T15:24:44.108772,,0.4589
REL0000706,Person,P035352,guarantor,Account,ACC0049828,2023-08-09T19:23:35.257230,,0.5519
REL0000707,Person,P009359,employer_employee,Account,ACC0003348,2023-04-05T04:24:16.964529,,0.3983
REL0000708,Account,ACC0046148,counterpart,Person,P079732,2025-12-16T13:38:10.548413,,0.9093
REL0000709,Account,ACC0061907,family,Account,ACC0089757,2025-06-19T17:20:18.152449,2025-11-29T07:28:31.393413,0.567
REL0000710,Account,ACC0087102,supplier_customer,Account,ACC0014413,2022-03-21T06:37:27.445955,,0.6177
REL0000711,Account,ACC0098962,family,Account,ACC0052812,2025-09-24T13:53:01.601233,,0.5832
REL0000712,Person,P046674,guarantor,Company,C02051,2023-07-09T16:34:49.012290,2024-09-05T05:14:16.251926,0.6269
REL0000713,Person,P039134,guarantor,Account,ACC0001652,2023-09-23T11:22:53.608948,,0.8365
REL0000714,Account,ACC0022134,business_partner,Account,ACC0073361,2022-10-27T15:57:10.874747,,0.6875
REL0000715,Account,ACC0070939,referral,Account,ACC0085352,2025-01-27T22:03:22.777423,,0.5572
REL0000716,Account,ACC0013044,counterpart,Account,ACC0095392,2022-08-07T15:37:15.493668,,0.8798
REL0000717,Company,C08840,counterpart,Account,ACC0113207,2023-07-26T10:12:18.537999,2024-12-03T10:32:56.894606,0.5596
REL0000718,Account,ACC0135548,referral,Person,P096261,2024-08-22T10:39:17.008520,,0.4232
REL0000719,Account,ACC0046341,supplier_customer,Person,P011689,2025-08-05T08:55:11.353076,,0.9721
REL0000720,Account,ACC0026530,guarantor,Account,ACC0128094,2022-10-04T00:05:55.058408,,0.3385
REL0000721,Account,ACC0129686,supplier_customer,Account,ACC0015405,2023-11-25T04:50:09.051364,,0.3316
REL0000722,Account,ACC0084291,shared_address,Account,ACC0013547,2022-11-13T14:39:49.663356,,0.9009
REL0000723,Person,P058085,guarantor,Person,P039262,2022-07-21T12:56:50.224070,2025-12-20T05:01:51.469386,0.6299
REL0000724,Account,ACC0124712,shared_device,Account,ACC0021614,2022-04-24T16:56:26.739788,,0.6612
REL0000725,Account,ACC0118900,supplier_customer,Account,ACC0069137,2024-07-24T12:48:31.878858,2025-06-01T16:03:22.118197,0.6126
REL0000726,Person,P093106,shared_device,Account,ACC0044877,2025-03-20T10:15:57.428604,2025-12-14T21:16:03.832783,0.675
REL0000727,Person,P021315,business_partner,Person,P077649,2023-12-25T18:23:07.291203,2025-07-19T14:54:32.654170,0.3827
REL0000728,Account,ACC0136838,family,Account,ACC0043054,2024-09-14T00:44:11.884846,2024-11-13T02:09:06.381469,0.9657
REL0000729,Person,P041217,supplier_customer,Account,ACC0045332,2025-04-29T19:56:03.770336,,0.3697
REL0000730,Account,ACC0035602,joint_account,Account,ACC0029962,2023-10-31T16:57:13.404730,,0.6081
REL0000731,Account,ACC0139153,counterpart,Account,ACC0144780,2024-06-04T00:25:56.609479,,0.3499
REL0000732,Person,P052281,business_partner,Account,ACC0051022,2025-03-26T18:58:37.941176,2025-10-23T21:40:11.091709,0.6846
REL0000733,Account,ACC0058051,employer_employee,Person,P048226,2022-06-21T11:52:37.218774,,0.7031
REL0000734,Account,ACC0130572,business_partner,Account,ACC0118878,2025-11-30T18:09:45.941014,,0.478
REL0000735,Account,ACC0050451,business_partner,Person,P076364,2024-12-07T08:28:17.423657,,0.9065
REL0000736,Person,P059054,joint_account,Account,ACC0064292,2024-12-24T08:16:04.586339,,0.8507
REL0000737,Account,ACC0020885,shared_address,Account,ACC0143156,2024-01-21T17:02:38.903171,,0.6155
REL0000738,Person,P023303,employer_employee,Account,ACC0149389,2023-09-17T09:46:24.058933,2025-07-03T17:33:04.897823,0.9285
REL0000739,Account,ACC0089881,counterpart,Account,ACC0026349,2025-07-11T05:21:36.378021,2025-07-18T03:11:17.157303,0.7368
REL0000740,Account,ACC0068769,business_partner,Account,ACC0066490,2025-02-02T08:38:30.953873,,0.5896
REL0000741,Account,ACC0014702,joint_account,Person,P022319,2025-06-11T04:41:25.003994,2025-09-08T01:37:31.498581,0.3956
REL0000742,Account,ACC0095248,referral,Account,ACC0021230,2024-05-08T15:49:10.041364,,0.8526
REL0000743,Person,P013207,supplier_customer,Person,P033483,2024-03-23T04:12:17.884824,,0.6883
REL0000744,Account,ACC0101599,employer_employee,Account,ACC0084047,2022-05-08T11:55:00.008789,,0.582
REL0000745,Person,P018271,business_partner,Account,ACC0089966,2025-01-03T20:30:28.459691,,0.3828
REL0000746,Company,C03642,business_partner,Account,ACC0028341,2024-07-05T14:36:16.286622,,0.6846
REL0000747,Person,P080704,family,Account,ACC0046976,2023-03-18T13:13:46.401721,,0.4698
REL0000748,Person,P010570,guarantor,Account,ACC0052588,2024-05-12T17:48:14.176421,2024-08-16T04:44:38.755905,0.3147
REL0000749,Account,ACC0077056,counterpart,Account,ACC0106222,2023-11-15T19:43:41.495598,,0.3133
REL0000750,Person,P014916,counterpart,Person,P012283,2025-10-31T02:04:34.406906,,0.9412
REL0000751,Person,P001070,joint_account,Account,ACC0100900,2023-05-11T10:03:57.903789,,0.7054
REL0000752,Account,ACC0028524,family,Person,P057758,2022-06-07T01:14:36.057515,,0.4854
REL0000753,Person,P066331,joint_account,Person,P008096,2022-09-30T15:22:19.601021,2023-03-15T03:15:28.227277,0.5558
REL0000754,Account,ACC0138938,joint_account,Account,ACC0137755,2023-09-23T03:04:50.941825,,0.5867
REL0000755,Account,ACC0112768,guarantor,Account,ACC0048532,2025-06-29T16:49:26.101996,,0.3682
REL0000756,Account,ACC0082876,shared_device,Person,P080463,2025-04-04T00:27:27.828474,2025-12-17T14:16:14.479150,0.6551
REL0000757,Account,ACC0003026,business_partner,Person,P034762,2023-04-29T18:52:23.725680,,0.3247
REL0000758,Account,ACC0132270,counterpart,Account,ACC0026499,2022-06-26T03:53:58.870939,2022-12-18T02:24:47.214904,0.5346
REL0000759,Person,P054537,referral,Person,P006785,2023-02-09T01:35:28.136002,,0.5053
REL0000760,Account,ACC0019589,shared_device,Account,ACC0149946,2023-05-06T09:08:43.208918,,0.8855
REL0000761,Account,ACC0136440,family,Person,P075082,2022-04-15T09:18:47.149927,,0.8442
REL0000762,Account,ACC0062290,joint_account,Account,ACC0010603,2025-01-05T10:45:49.928484,,0.3669
REL0000763,Account,ACC0083490,counterpart,Account,ACC0142422,2024-03-07T00:10:02.664284,,0.5014
REL0000764,Person,P085035,shared_device,Account,ACC0072013,2025-09-25T06:50:34.029178,,0.6722
REL0000765,Account,ACC0047538,counterpart,Account,ACC0107896,2025-08-03T03:47:48.341825,,0.909
REL0000766,Person,P000131,shared_device,Person,P012166,2023-06-15T06:29:42.271793,,0.6885
REL0000767,Person,P075748,employer_employee,Account,ACC0118018,2024-10-13T10:29:32.817345,2025-09-06T15:19:34.688611,0.4004
REL0000768,Account,ACC0025352,shared_address,Person,P037184,2025-09-08T11:40:39.278945,,0.3885
REL0000769,Account,ACC0141526,shared_address,Person,P031632,2022-07-12T19:44:10.900041,,0.3597
REL0000770,Account,ACC0105133,counterpart,Account,ACC0103972,2022-06-10T20:47:21.208803,,0.8934
REL0000771,Account,ACC0017996,joint_account,Account,ACC0105631,2022-11-14T22:51:38.577406,,0.7242
REL0000772,Account,ACC0135510,business_partner,Person,P014978,2023-06-18T11:06:19.360482,,0.9826
REL0000773,Account,ACC0144499,supplier_customer,Person,P043247,2023-06-26T22:10:55.316215,,0.6882
REL0000774,Person,P010831,joint_account,Account,ACC0089938,2024-02-15T05:54:23.910455,,0.7234
REL0000775,Person,P026878,employer_employee,Account,ACC0063808,2023-12-04T20:04:41.787060,,0.9615
REL0000776,Account,ACC0060316,shared_device,Person,P034458,2024-08-28T14:14:29.375746,2024-09-28T14:48:47.221611,0.8356
REL0000777,Account,ACC0101584,supplier_customer,Account,ACC0046892,2025-01-22T17:49:50.055680,,0.902
REL0000778,Account,ACC0105546,shared_device,Person,P071485,2025-05-18T00:25:54.400893,,0.3958
REL0000779,Account,ACC0041136,shared_device,Person,P096311,2022-05-29T22:53:05.597407,,0.4428
REL0000780,Account,ACC0018474,family,Account,ACC0113409,2023-03-06T04:41:43.471055,2024-03-30T22:07:05.529243,0.4086
REL0000781,Account,ACC0071290,joint_account,Account,ACC0035028,2023-07-20T16:27:30.550714,2023-11-27T07:59:51.656905,0.6493
REL0000782,Person,P064016,counterpart,Person,P033496,2025-06-03T00:39:01.405146,,0.6555
REL0000783,Person,P084540,family,Account,ACC0123647,2022-03-27T04:04:37.516399,2023-06-30T12:00:43.340545,0.6531
REL0000784,Account,ACC0015408,shared_address,Person,P050305,2024-06-11T14:33:18.224768,,0.9214
REL0000785,Account,ACC0076416,guarantor,Account,ACC0010420,2022-12-03T03:19:51.502322,,0.3239
REL0000786,Person,P078649,shared_device,Person,P002466,2025-06-02T05:15:48.718450,,0.3586
REL0000787,Company,C01172,joint_account,Person,P014088,2024-06-19T06:59:32.698763,,0.9197
REL0000788,Account,ACC0107003,business_partner,Person,P076881,2024-01-01T01:57:21.265210,,0.3406
REL0000789,Account,ACC0149465,family,Account,ACC0031867,2025-07-27T13:47:18.237333,,0.3254
REL0000790,Account,ACC0013931,shared_device,Account,ACC0044910,2024-01-14T08:35:17.357119,,0.4351
REL0000791,Account,ACC0039752,business_partner,Account,ACC0060216,2022-02-01T16:18:53.393223,,0.6486
REL0000792,Person,P086101,guarantor,Account,ACC0045049,2024-07-11T19:35:24.017559,,0.9013
REL0000793,Account,ACC0094016,employer_employee,Person,P071422,2023-08-10T21:14:02.101015,,0.7931
REL0000794,Person,P068097,shared_device,Person,P059494,2025-02-25T08:58:05.810753,,0.372
REL0000795,Account,ACC0027088,counterpart,Account,ACC0140783,2025-07-11T04:56:21.984242,,0.912
REL0000796,Account,ACC0089595,shared_address,Account,ACC0093177,2025-08-19T05:08:14.440184,,0.7498
REL0000797,Account,ACC0086107,supplier_customer,Account,ACC0110317,2025-09-19T21:57:34.771656,,0.9075
REL0000798,Account,ACC0138123,shared_device,Account,ACC0099564,2024-07-28T17:19:38.217099,,0.4395
REL0000799,Person,P038214,counterpart,Person,P058483,2023-08-03T06:40:00.989691,,0.6027
REL0000800,Account,ACC0072612,guarantor,Person,P040410,2023-12-07T10:03:20.876426,,0.6152
REL0000801,Account,ACC0021275,joint_account,Account,ACC0049682,2023-03-29T01:03:52.107723,,0.3956
REL0000802,Account,ACC0070546,shared_device,Account,ACC0137157,2023-12-04T23:17:13.083017,,0.6734
REL0000803,Account,ACC0076495,shared_device,Account,ACC0009109,2022-07-26T17:39:06.808926,,0.6518
REL0000804,Person,P072788,guarantor,Person,P008528,2023-05-02T11:31:05.812531,,0.8946
REL0000805,Account,ACC0125204,referral,Account,ACC0017228,2025-05-22T16:18:08.245417,,0.8106
REL0000806,Account,ACC0032668,counterpart,Person,P053105,2023-10-29T01:21:38.582129,2024-09-08T02:36:07.664557,0.5779
REL0000807,Person,P012172,joint_account,Account,ACC0002954,2025-01-16T13:34:35.108604,,0.8327
REL0000808,Person,P019731,family,Person,P050855,2025-01-20T12:32:06.213580,,0.4851
REL0000809,Person,P088526,joint_account,Account,ACC0052881,2024-12-12T19:00:59.409828,,0.3021
REL0000810,Account,ACC0027896,business_partner,Person,P021750,2025-08-04T17:29:52.193386,,0.5931
REL0000811,Account,ACC0030393,employer_employee,Person,P014660,2025-07-12T03:50:42.270969,,0.8822
REL0000812,Account,ACC0067264,employer_employee,Person,P005402,2024-06-20T01:44:29.986766,2025-02-26T23:41:12.676005,0.9485
REL0000813,Account,ACC0073007,business_partner,Person,P026554,2025-07-05T06:34:16.079443,,0.701
REL0000814,Account,ACC0003250,supplier_customer,Person,P015522,2024-06-28T11:31:45.129020,,0.5255
REL0000815,Person,P027788,family,Account,ACC0100852,2022-12-24T20:10:37.209418,,0.475
REL0000816,Person,P008689,employer_employee,Account,ACC0087149,2025-03-06T22:09:43.833786,,0.4474
REL0000817,Account,ACC0113030,shared_device,Account,ACC0093665,2024-08-20T02:03:16.650121,2025-12-02T02:47:16.823902,0.7548
REL0000818,Person,P045040,shared_device,Account,ACC0076930,2025-03-18T00:01:00.903586,,0.8347
REL0000819,Account,ACC0065240,referral,Account,ACC0099398,2024-05-30T04:28:18.514733,,0.8039
REL0000820,Account,ACC0100676,supplier_customer,Company,C05583,2025-02-07T10:24:54.322109,2025-12-09T18:25:05.629797,0.5854
REL0000821,Person,P024985,family,Account,ACC0131527,2024-10-05T16:32:54.063470,,0.423
REL0000822,Person,P023825,shared_address,Person,P033930,2022-06-13T18:22:03.283475,,0.6173
REL0000823,Person,P003696,shared_address,Account,ACC0080870,2025-04-13T13:52:03.531405,,0.8191
REL0000824,Account,ACC0145287,shared_device,Account,ACC0104570,2023-03-05T17:05:53.704756,2024-02-01T08:25:23.470571,0.9821
REL0000825,Person,P041137,family,Person,P096429,2024-07-23T13:42:08.070318,2025-05-01T03:26:37.158771,0.8085
REL0000826,Account,ACC0124570,supplier_customer,Person,P095611,2025-07-18T04:29:27.142818,,0.8111
REL0000827,Person,P092145,business_partner,Account,ACC0085537,2024-10-07T02:49:56.919586,,0.9788
REL0000828,Account,ACC0111549,supplier_customer,Person,P093058,2022-02-23T03:47:38.746477,2022-11-17T07:24:39.558198,0.4343
REL0000829,Account,ACC0004684,counterpart,Account,ACC0116491,2025-10-23T08:19:52.592830,2025-12-07T20:51:07.005748,0.9575
REL0000830,Person,P029500,guarantor,Person,P036970,2025-03-31T02:07:04.145280,,0.4985
REL0000831,Account,ACC0069673,shared_address,Person,P025021,2024-06-25T14:16:28.052912,,0.5499
REL0000832,Person,P034349,shared_device,Person,P092494,2025-12-15T05:11:34.462284,,0.6087
REL0000833,Account,ACC0029674,supplier_customer,Person,P004312,2023-04-10T20:53:35.629373,2025-06-08T00:18:01.346151,0.6618
REL0000834,Person,P088351,family,Company,C02396,2023-08-01T03:24:32.624820,,0.3883
REL0000835,Account,ACC0086641,shared_address,Account,ACC0031866,2023-06-10T09:20:07.423474,,0.395
REL0000836,Account,ACC0003369,employer_employee,Account,ACC0141086,2022-07-31T20:24:36.406746,,0.5914
REL0000837,Person,P005295,supplier_customer,Account,ACC0140602,2023-10-21T00:10:08.011529,,0.4434
REL0000838,Person,P087042,guarantor,Account,ACC0076752,2023-04-09T19:35:55.975355,,0.889
REL0000839,Account,ACC0057996,guarantor,Account,ACC0045052,2024-07-09T13:08:20.043982,,0.975
REL0000840,Person,P061814,family,Person,P020831,2023-08-01T19:33:15.244697,,0.474
REL0000841,Person,P080090,counterpart,Account,ACC0071998,2025-01-19T15:16:53.655941,,0.3305
REL0000842,Person,P001058,family,Account,ACC0116800,2022-11-09T06:02:41.448109,,0.5255
REL0000843,Person,P070123,supplier_customer,Account,ACC0133969,2022-11-22T13:42:38.765165,,0.6395
REL0000844,Account,ACC0055140,shared_address,Person,P091568,2025-01-09T21:56:59.305459,,0.6102
REL0000845,Account,ACC0090999,counterpart,Account,ACC0000195,2022-09-11T15:34:52.879006,2022-10-05T17:29:40.742067,0.6581
REL0000846,Account,ACC0069962,business_partner,Person,P030010,2025-10-05T22:32:51.041822,,0.8332
REL0000847,Account,ACC0141279,shared_device,Account,ACC0021901,2022-12-16T17:47:55.912849,,0.5865
REL0000848,Account,ACC0145392,employer_employee,Person,P092793,2025-12-17T19:38:25.916539,,0.7091
REL0000849,Person,P075505,counterpart,Person,P023461,2024-05-10T17:12:52.162377,,0.654
REL0000850,Person,P042843,family,Person,P073830,2024-12-01T22:25:08.921908,,0.4823
REL0000851,Account,ACC0136098,family,Company,C01840,2023-04-14T19:54:16.226348,2024-08-30T10:22:19.908273,0.9786
REL0000852,Company,C09779,shared_address,Person,P069052,2024-03-01T09:02:05.618167,,0.4735
REL0000853,Account,ACC0080535,family,Person,P033321,2025-11-02T16:23:00.391258,,0.4662
REL0000854,Person,P094707,supplier_customer,Account,ACC0103583,2025-05-23T10:17:59.718968,,0.8059
REL0000855,Person,P020415,shared_address,Account,ACC0035522,2023-06-28T07:39:34.279580,,0.4192
REL0000856,Account,ACC0058360,referral,Account,ACC0122832,2024-04-25T11:34:53.065269,,0.8254
REL0000857,Account,ACC0070730,shared_address,Person,P036210,2025-03-12T10:35:50.670957,,0.8208
REL0000858,Account,ACC0042509,business_partner,Account,ACC0090916,2024-04-15T12:02:02.259704,,0.3424
REL0000859,Person,P068872,counterpart,Person,P068221,2024-08-23T13:32:12.023078,,0.5767
REL0000860,Person,P088590,employer_employee,Person,P083301,2023-06-15T23:01:58.147752,,0.3794
REL0000861,Person,P045420,business_partner,Person,P090302,2025-03-31T15:01:58.217680,,0.3789
REL0000862,Company,C09729,shared_device,Account,ACC0014331,2025-08-23T13:26:58.748174,,0.5513
REL0000863,Person,P063071,family,Account,ACC0145802,2025-12-08T12:45:12.581721,,0.6463
REL0000864,Person,P089122,guarantor,Account,ACC0097778,2023-07-20T06:14:10.094759,2025-07-26T18:41:42.836083,0.4541
REL0000865,Person,P064057,guarantor,Account,ACC0141398,2024-04-05T19:11:07.948012,,0.4214
REL0000866,Person,P010441,guarantor,Account,ACC0018157,2024-08-18T04:42:48.331481,,0.9395
REL0000867,Person,P058706,counterpart,Account,ACC0027864,2024-07-30T02:07:13.686671,,0.6671
REL0000868,Company,C00523,employer_employee,Account,ACC0036923,2024-12-26T17:04:40.329973,,0.3932
REL0000869,Person,P007482,supplier_customer,Person,P014530,2024-02-27T18:33:44.787548,,0.3144
REL0000870,Person,P086659,guarantor,Person,P060662,2024-07-17T10:16:07.628430,,0.9095
REL0000871,Person,P071130,guarantor,Account,ACC0107221,2025-01-06T04:18:34.287034,2025-09-10T13:49:34.261228,0.7203
REL0000872,Company,C00261,joint_account,Account,ACC0011481,2023-01-02T09:33:50.483366,,0.6797
REL0000873,Account,ACC0135770,business_partner,Person,P080748,2025-06-09T17:56:04.615080,,0.3049
REL0000874,Account,ACC0144705,supplier_customer,Company,C07314,2023-05-23T10:44:36.163703,,0.5847
REL0000875,Account,ACC0003462,guarantor,Person,P079612,2023-07-22T09:58:46.993436,2024-07-22T02:32:24.113328,0.5811
REL0000876,Person,P000688,joint_account,Company,C06399,2025-11-09T21:10:22.875080,,0.7326
REL0000877,Account,ACC0113198,referral,Person,P016839,2023-07-28T23:49:38.033528,,0.3231
REL0000878,Account,ACC0037548,business_partner,Account,ACC0068777,2024-02-09T13:31:30.990359,,0.38
REL0000879,Account,ACC0108235,referral,Account,ACC0068154,2025-09-12T22:05:33.153362,2025-10-17T09:33:37.628041,0.3343
REL0000880,Person,P036636,referral,Account,ACC0025704,2023-03-11T19:18:20.608948,,0.9203
REL0000881,Person,P022499,joint_account,Person,P058860,2025-08-19T07:46:25.924765,,0.4691
REL0000882,Account,ACC0078038,shared_device,Company,C02120,2024-11-01T05:46:26.852545,2025-06-23T00:11:15.688486,0.6276
REL0000883,Account,ACC0133639,family,Person,P091745,2025-06-12T09:07:55.193556,2025-12-03T15:14:51.299231,0.7112
REL0000884,Person,P035793,family,Account,ACC0084046,2023-06-26T07:28:38.996950,,0.9364
REL0000885,Account,ACC0113649,business_partner,Account,ACC0060939,2023-09-19T06:59:22.984890,,0.8883
REL0000886,Company,C00636,supplier_customer,Person,P039228,2023-10-03T06:43:54.736618,2024-02-23T01:29:00.830523,0.7368
REL0000887,Account,ACC0053757,guarantor,Person,P056174,2023-08-12T08:42:12.947106,,0.5242
REL0000888,Account,ACC0119665,counterpart,Person,P069054,2025-05-28T15:47:25.467645,2025-09-06T00:28:44.294655,0.6413
REL0000889,Person,P054360,family,Person,P003974,2022-07-06T19:05:06.255865,,0.8498
REL0000890,Account,ACC0025901,employer_employee,Person,P085842,2025-07-01T02:53:57.737196,2025-10-01T19:11:19.286429,0.9179
REL0000891,Account,ACC0030341,family,Account,ACC0142701,2025-06-24T12:41:51.096476,,0.6435
REL0000892,Person,P085246,shared_device,Account,ACC0107817,2025-09-04T22:20:53.545576,,0.5707
REL0000893,Account,ACC0110776,employer_employee,Account,ACC0009528,2022-01-02T11:46:12.241460,,0.3752
REL0000894,Person,P081774,business_partner,Account,ACC0076084,2024-09-04T11:00:02.275933,,0.7251
REL0000895,Account,ACC0098115,joint_account,Person,P090243,2025-04-24T22:36:55.412321,,0.5395
REL0000896,Account,ACC0062602,shared_address,Account,ACC0142723,2024-06-30T08:08:43.971367,2025-01-17T14:45:35.727804,0.5509
REL0000897,Person,P052058,guarantor,Person,P030016,2022-03-18T03:31:59.172856,,0.8328
REL0000898,Account,ACC0086423,family,Account,ACC0103355,2023-12-06T13:00:20.716238,2025-04-29T20:35:43.830897,0.9527
REL0000899,Person,P021868,referral,Company,C04738,2022-12-03T15:20:26.457527,,0.4644
REL0000900,Account,ACC0106299,counterpart,Account,ACC0106792,2025-03-31T11:42:40.570907,,0.4863
REL0000901,Account,ACC0087453,joint_account,Account,ACC0038961,2024-12-30T05:33:47.230511,,0.901
REL0000902,Company,C01150,joint_account,Person,P095620,2025-11-27T20:26:36.283662,2025-12-26T00:31:52.332832,0.4633
REL0000903,Account,ACC0120847,counterpart,Account,ACC0105903,2022-08-24T06:38:10.251960,,0.9342
REL0000904,Company,C00122,employer_employee,Company,C04506,2022-07-07T10:57:31.853907,,0.9732
REL0000905,Person,P077655,employer_employee,Account,ACC0103944,2024-10-13T07:47:10.220051,,0.8887
REL0000906,Person,P010387,shared_address,Person,P049052,2025-06-05T05:27:27.918433,,0.6296
REL0000907,Account,ACC0014162,family,Account,ACC0144076,2022-10-10T10:42:36.007529,,0.7967
REL0000908,Account,ACC0136609,supplier_customer,Person,P083647,2023-11-11T21:29:25.339928,,0.3427
REL0000909,Account,ACC0074302,family,Person,P057286,2023-05-28T03:03:24.190618,2023-11-08T09:57:59.367472,0.9481
REL0000910,Account,ACC0085508,employer_employee,Person,P016107,2023-01-10T04:06:06.874720,,0.7679
REL0000911,Account,ACC0025200,shared_address,Person,P044519,2023-08-24T01:41:44.780869,,0.9426
REL0000912,Account,ACC0079231,shared_device,Account,ACC0106147,2023-08-03T08:44:18.557958,,0.4723
REL0000913,Account,ACC0063723,guarantor,Person,P091130,2023-07-07T03:09:51.687081,2024-03-21T07:31:53.496102,0.4799
REL0000914,Account,ACC0042028,counterpart,Person,P008128,2022-12-23T11:21:35.196446,,0.8267
REL0000915,Account,ACC0037991,shared_address,Account,ACC0038092,2022-08-10T15:20:40.769888,,0.8256
REL0000916,Account,ACC0093989,guarantor,Person,P009025,2022-06-05T03:40:04.846149,,0.7495
REL0000917,Account,ACC0013041,referral,Person,P065293,2024-03-28T17:31:44.367821,,0.804
REL0000918,Person,P041460,joint_account,Account,ACC0139206,2022-05-02T01:28:27.683359,,0.4789
REL0000919,Account,ACC0042476,family,Account,ACC0090200,2023-12-31T06:16:12.707972,,0.4972
REL0000920,Account,ACC0031672,business_partner,Account,ACC0108833,2024-10-21T11:05:23.365359,2025-02-21T16:05:03.145916,0.4496
REL0000921,Account,ACC0090185,business_partner,Person,P093717,2024-04-02T00:28:49.498798,,0.9017
REL0000922,Account,ACC0056199,referral,Account,ACC0043413,2023-07-23T08:08:07.725832,,0.5372
REL0000923,Person,P012352,referral,Account,ACC0103535,2025-01-15T01:23:01.978600,2025-10-19T07:41:25.538234,0.9614
REL0000924,Account,ACC0064527,supplier_customer,Account,ACC0027583,2023-10-17T02:31:04.253634,,0.4779
REL0000925,Person,P064139,shared_device,Person,P039985,2022-06-13T05:03:37.376525,,0.8768
REL0000926,Account,ACC0110770,family,Company,C08468,2024-01-31T14:29:26.607732,,0.5322
REL0000927,Account,ACC0043189,shared_address,Person,P025495,2024-08-19T16:58:50.481571,,0.8643
REL0000928,Account,ACC0129858,shared_address,Account,ACC0015518,2025-12-07T18:47:33.896019,,0.6196
REL0000929,Account,ACC0115897,counterpart,Account,ACC0146859,2025-04-10T09:36:57.685409,2025-11-19T23:08:28.559639,0.4896
REL0000930,Account,ACC0039069,counterpart,Company,C07434,2024-03-12T00:46:36.078953,,0.943
REL0000931,Person,P043865,shared_device,Person,P000782,2024-04-19T19:50:49.892592,2025-08-24T01:44:50.081625,0.959
REL0000932,Company,C07979,family,Account,ACC0097067,2023-05-15T14:11:35.801742,2024-12-03T10:38:37.913738,0.323
REL0000933,Account,ACC0070395,shared_device,Person,P028075,2022-08-01T23:01:26.118909,,0.8663
REL0000934,Person,P083415,shared_address,Account,ACC0067951,2023-06-22T12:47:56.277531,,0.4276
REL0000935,Account,ACC0104955,supplier_customer,Account,ACC0021431,2022-05-09T16:07:52.727351,,0.9434
REL0000936,Person,P055215,shared_address,Account,ACC0064549,2025-12-23T14:56:48.859445,2025-12-25T01:13:36.848554,0.802
REL0000937,Account,ACC0036884,family,Account,ACC0046156,2023-08-20T13:58:58.675913,,0.5285
REL0000938,Account,ACC0083607,supplier_customer,Account,ACC0087215,2023-08-04T15:41:10.127814,,0.5333
REL0000939,Person,P030763,guarantor,Person,P007104,2023-05-12T13:45:17.544208,,0.3629
REL0000940,Account,ACC0082420,family,Person,P070372,2024-04-03T09:59:55.418983,2025-04-06T15:05:40.501405,0.707
REL0000941,Person,P090639,business_partner,Account,ACC0135367,2023-03-30T20:43:39.632555,,0.9786
REL0000942,Person,P045301,counterpart,Person,P067372,2022-03-17T08:29:27.398556,,0.6166
REL0000943,Account,ACC0086385,joint_account,Account,ACC0012592,2024-04-17T03:50:16.173913,,0.8073
REL0000944,Account,ACC0009753,shared_address,Account,ACC0134164,2025-12-25T22:31:12.296159,,0.5656
REL0000945,Account,ACC0068642,family,Person,P087392,2025-06-09T10:12:15.353340,,0.9327
REL0000946,Person,P097349,employer_employee,Person,P024794,2024-12-19T07:44:44.808598,,0.8613
REL0000947,Account,ACC0053373,shared_device,Person,P067812,2024-02-03T01:00:14.976723,,0.5533
REL0000948,Person,P088217,guarantor,Account,ACC0008722,2024-07-28T07:03:52.725082,2025-02-27T13:22:02.893789,0.9543
REL0000949,Person,P013728,shared_address,Person,P034326,2023-03-08T23:10:46.308134,2024-02-27T04:07:20.594375,0.8231
REL0000950,Account,ACC0100093,family,Company,C06928,2022-03-26T01:06:44.944065,,0.6261
REL0000951,Account,ACC0070042,shared_device,Account,ACC0001245,2023-06-23T21:10:23.166157,,0.6595
REL0000952,Person,P062982,shared_address,Account,ACC0128001,2023-11-29T11:06:38.899168,,0.5924
REL0000953,Account,ACC0052035,family,Account,ACC0135010,2024-07-13T16:41:22.066206,,0.3058
REL0000954,Account,ACC0054684,supplier_customer,Account,ACC0057559,2023-11-07T00:44:31.638311,,0.8965
REL0000955,Person,P030117,family,Account,ACC0081867,2023-01-23T03:18:50.233267,2023-12-19T09:24:51.773504,0.6438
REL0000956,Account,ACC0123531,employer_employee,Person,P038633,2025-11-15T00:15:24.731029,,0.8542
REL0000957,Account,ACC0097422,joint_account,Account,ACC0123385,2025-06-04T08:02:43.091472,,0.4692
REL0000958,Account,ACC0058824,business_partner,Person,P026588,2024-10-27T01:44:31.568959,2025-08-17T19:20:29.966343,0.7141
REL0000959,Account,ACC0136678,business_partner,Person,P078936,2025-05-17T06:28:01.282948,,0.3466
REL0000960,Account,ACC0035799,counterpart,Company,C08912,2025-06-16T09:38:19.725451,2025-09-07T14:14:40.804433,0.3025
REL0000961,Account,ACC0057268,supplier_customer,Account,ACC0120656,2022-03-14T17:37:15.748682,2023-01-28T21:24:02.895152,0.8225
REL0000962,Person,P016598,business_partner,Account,ACC0036467,2025-07-23T01:12:59.021111,2025-10-22T17:48:21.579227,0.7828
REL0000963,Account,ACC0061568,family,Person,P042768,2022-09-01T12:51:43.347452,,0.9841
REL0000964,Account,ACC0136613,family,Person,P075600,2023-02-26T05:03:12.275955,,0.9042
REL0000965,Person,P012455,shared_address,Person,P025215,2022-12-17T19:20:22.992101,,0.4984
REL0000966,Company,C04586,supplier_customer,Account,ACC0082667,2022-06-16T03:38:50.545311,,0.9122
REL0000967,Account,ACC0106312,supplier_customer,Person,P044969,2025-03-25T05:06:25.357117,,0.5025
REL0000968,Person,P086748,employer_employee,Account,ACC0083194,2025-10-09T05:08:58.111481,,0.4259
REL0000969,Person,P026348,supplier_customer,Account,ACC0082996,2022-05-13T08:31:12.140790,,0.5109
REL0000970,Person,P069886,joint_account,Account,ACC0047558,2025-08-28T04:39:11.398460,2025-10-20T13:56:01.972236,0.426
REL0000971,Person,P085008,business_partner,Account,ACC0069853,2022-12-10T20:41:31.722497,,0.8901
REL0000972,Account,ACC0045200,joint_account,Account,ACC0021813,2024-12-21T20:45:17.174177,2024-12-27T20:27:14.713376,0.4213
REL0000973,Account,ACC0039830,counterpart,Person,P092770,2024-04-17T07:51:03.489913,,0.9758
REL0000974,Person,P051921,shared_address,Account,ACC0024257,2025-04-04T10:17:14.824477,,0.405
REL0000975,Account,ACC0046932,counterpart,Account,ACC0078994,2022-02-11T09:50:42.929833,,0.3453
REL0000976,Account,ACC0077055,family,Account,ACC0043171,2025-03-28T16:56:44.964352,,0.7439
REL0000977,Account,ACC0130518,counterpart,Account,ACC0142681,2023-10-30T15:28:19.331420,,0.7131
REL0000978,Account,ACC0146559,family,Account,ACC0073804,2024-06-29T18:22:14.325283,2024-08-15T23:07:31.413663,0.666
REL0000979,Account,ACC0095513,business_partner,Account,ACC0062632,2025-07-02T07:30:39.395330,,0.3531
REL0000980,Account,ACC0010252,family,Account,ACC0073263,2024-04-22T18:49:19.275940,,0.9912
REL0000981,Account,ACC0105656,employer_employee,Person,P014356,2022-02-07T08:56:45.376737,,0.8231
REL0000982,Account,ACC0046147,business_partner,Account,ACC0131138,2023-01-29T08:54:16.119261,,0.5895
REL0000983,Account,ACC0141706,shared_device,Person,P062657,2022-07-15T07:07:58.524259,,0.5089
REL0000984,Person,P024688,shared_device,Person,P027717,2024-04-25T07:09:41.593366,,0.3797
REL0000985,Account,ACC0119859,guarantor,Account,ACC0050016,2022-08-07T03:58:25.756738,2025-06-20T00:22:46.343473,0.4219
REL0000986,Person,P086145,counterpart,Person,P058391,2023-08-28T13:15:28.624287,2024-11-10T04:43:53.840455,0.4392
REL0000987,Account,ACC0136953,employer_employee,Person,P052707,2023-05-04T18:38:44.913935,,0.6871
REL0000988,Person,P030095,guarantor,Person,P025572,2025-04-15T05:59:34.748638,,0.7868
REL0000989,Account,ACC0017066,supplier_customer,Person,P083592,2023-03-19T06:48:51.993780,2024-08-13T00:12:56.351896,0.6642
REL0000990,Account,ACC0126950,employer_employee,Account,ACC0085791,2022-02-21T05:17:20.153060,,0.4826
REL0000991,Account,ACC0072908,employer_employee,Person,P014836,2023-10-18T00:05:44.236420,,0.8854
REL0000992,Person,P050109,employer_employee,Account,ACC0144323,2024-12-04T22:36:06.352301,,0.8306
REL0000993,Person,P047494,referral,Account,ACC0025355,2025-12-02T01:53:59.606642,2025-12-21T20:44:10.910145,0.7812
REL0000994,Company,C00319,guarantor,Account,ACC0018253,2022-04-10T02:16:51.676486,,0.5967
REL0000995,Account,ACC0001277,shared_address,Person,P082613,2025-10-12T17:46:08.303966,,0.8341
REL0000996,Person,P027134,shared_device,Person,P021830,2023-03-22T19:39:02.292927,,0.4265
REL0000997,Account,ACC0028916,supplier_customer,Person,P083419,2025-02-28T17:45:33.836060,,0.522
REL0000998,Account,ACC0068076,employer_employee,Person,P051008,2025-12-12T18:55:04.725641,2025-12-28T17:41:25.660383,0.833
REL0000999,Person,P080774,supplier_customer,Person,P025529,2024-10-26T13:35:28.411715,,0.774
REL0001000,Account,ACC0029139,shared_address,Account,ACC0035286,2022-07-24T22:54:08.126863,,0.8963
