transaction_id,timestamp,sender_account_id,receiver_account_id,amount,currency,amount_etb,transaction_type,channel,device_id,city,country,ip_hash,reference_id,invoice_id,status
TX00000001,2022-08-30T10:57:42.161445,ACC0014605,ACC0015484,125,ETB,125,Transfer,Internet Banking,DEV0086144,Addis Ababa,Ethiopia,5ca6608165454ecd,,INV0144790,Completed
TX00000002,2025-09-15T11:16:10.645703,ACC0111271,ACC0065284,50,GBP,3600,Payment,Mobile Banking,DEV0059264,Hawassa,Ethiopia,e8e58c4373ceecdd,REF00000002,INV0117424,Completed
TX00000003,2023-09-06T13:26:28.362585,ACC0081559,ACC0081242,92948,ETB,92948,Transfer,Internet Banking,DEV0006224,Mekelle,Ethiopia,77d441ed79eccd53,,INV0071115,Completed
TX00000004,2024-09-28T05:29:31.713985,ACC0113051,ACC0018164,1155,USD,66412,Transfer,Internet Banking,DEV0083646,Addis Ababa,Ethiopia,e8796fc2adf5e048,REF00000004,,Completed
TX00000005,2023-04-12T08:16:58.260144,ACC0064697,ACC0125662,929,ETB,929,Deposit,ATM,DEV0040700,Addis Ababa,Ethiopia,55b2d7f81ae224e1,,INV0000175,Completed
TX00000006,2024-12-17T14:32:51.356241,ACC0069778,ACC0126862,108274,ETB,108274,Transfer,Internet Banking,,Dire Dawa,Ethiopia,ae96b1af880b7a6d,,,Completed
TX00000007,2024-10-19T11:30:26.524642,ACC0017150,ACC0096721,43271,ETB,43271,Deposit,Internet Banking,DEV0077808,Hawassa,Ethiopia,6b57102483ccfe21,REF00000007,,Completed
TX00000008,2022-06-18T11:56:27.220001,ACC0015559,ACC0019751,896,ETB,896,Transfer,ATM,DEV0076660,Arba Minch,Ethiopia,,,INV0188531,Completed
TX00000009,2024-01-21T16:44:55.386152,ACC0011795,ACC0051603,56931,USD,3273532,Transfer,Agent Banking,,Adama,Ethiopia,230619e50a37f0d0,,INV0037210,Completed
TX00000010,2023-06-23T17:30:44.129766,ACC0145028,ACC0071788,26639,EUR,1651618,Transfer,Branch,DEV0083795,Addis Ababa,Ethiopia,11e067130b055434,REF00000010,,Pending
TX00000011,2025-03-10T23:51:28.589219,ACC0053703,ACC0035502,2356,GBP,169632,Deposit,Mobile Banking,,Jijiga,Ethiopia,8a1067c22937623b,,INV0187088,Completed
TX00000012,2025-02-07T07:42:54.061085,ACC0048113,ACC0098423,2909,GBP,209448,Transfer,Mobile Banking,,Addis Ababa,Ethiopia,,REF00000012,INV0183527,Completed
TX00000013,2024-12-26T22:09:25.391607,ACC0126014,ACC0063502,1216,ETB,1216,Payment,Branch,,Bishoftu,Ethiopia,339d1735e2f96023,,,Completed
TX00000014,2024-02-16T09:38:46.489480,ACC0030050,ACC0094347,54708,ETB,54708,Transfer,Agent Banking,DEV0027778,Harar,Ethiopia,61294461ca6a7191,,INV0071521,Completed
TX00000015,2024-08-24T13:31:50.474637,ACC0064173,ACC0120919,7392,USD,425040,FX Exchange,ATM,DEV0047821,Dire Dawa,Ethiopia,9c68ef283698d590,REF00000015,,Completed
TX00000016,2022-06-06T12:09:47.033772,ACC0128664,ACC0103949,351,ETB,351,Loan Disbursement,Internet Banking,DEV0055161,Addis Ababa,Ethiopia,0ef6eda25de066d2,,INV0124321,Completed
TX00000017,2024-07-14T14:16:30.728289,ACC0020240,ACC0015752,11556,ETB,11556,FX Exchange,Mobile Banking,DEV0079006,Addis Ababa,Ethiopia,,,INV0031498,Completed
TX00000018,2024-09-07T13:17:47.578587,ACC0076972,ACC0005048,677,ETB,677,Transfer,POS,DEV0082067,Jijiga,Ethiopia,31735a9b3672bd99,,INV0134874,Pending
TX00000019,2025-10-04T18:48:11.142290,ACC0067690,ACC0075630,724,ETB,724,Transfer,USSD,,Bahir Dar,Ethiopia,e65e5f98b7b495ce,REF00000019,INV0091854,Completed
TX00000020,2022-07-13T19:26:55.577850,ACC0026887,ACC0122360,141808,ETB,141808,Deposit,Mobile Banking,DEV0047808,Nekemte,Ethiopia,4d2e1a0d6e5ad950,,,Failed
TX00000021,2022-02-02T20:29:54.966632,ACC0043897,ACC0030657,935,GBP,67320,Deposit,Internet Banking,DEV0088417,Arba Minch,Ethiopia,d9a3c0d3a9c3753a,REF00000021,INV0152578,Completed
TX00000022,2024-04-03T03:58:15.996757,ACC0112570,ACC0080610,6775,ETB,6775,Withdrawal,Mobile Banking,DEV0026546,Hosaena,Ethiopia,,,INV0133772,Completed
TX00000023,2023-03-23T02:31:02.669742,ACC0126221,ACC0012066,2127,ETB,2127,Loan Disbursement,ATM,DEV0024310,Hosaena,Ethiopia,cacc76e04cdf6c85,,INV0120686,Completed
TX00000024,2022-05-07T18:55:30.232457,ACC0118947,ACC0016705,22111,USD,1271382,Loan Disbursement,Mobile Banking,DEV0077598,Addis Ababa,Ethiopia,fb936d9e89d2583e,,,Completed
TX00000025,2025-11-29T10:50:39.435667,ACC0141838,ACC0118785,767,ETB,767,Transfer,ATM,DEV0036711,Bishoftu,Ethiopia,8b261460003e0d21,,INV0018767,Completed
TX00000026,2025-02-26T20:55:14.947653,ACC0083075,ACC0062707,22343,EUR,1385266,Payment,Internet Banking,,Addis Ababa,Ethiopia,c5f10cb59f972617,,INV0069618,Completed
TX00000027,2023-05-24T00:28:14.922579,ACC0124125,ACC0109287,26212,ETB,26212,Transfer,Internet Banking,DEV0043881,Addis Ababa,Ethiopia,dc49ba98661e044b,REF00000027,,Completed
TX00000028,2024-03-30T02:22:02.915869,ACC0123261,ACC0054945,6233,ETB,6233,Payment,Branch,DEV0023686,Dire Dawa,Ethiopia,2cc80d480f230ece,,INV0139307,Completed
TX00000029,2025-11-19T03:32:57.357301,ACC0020600,ACC0032064,179997,EUR,11159814,Transfer,USSD,,Bahir Dar,Ethiopia,525c87d699a2aede,REF00000029,INV0081714,Completed
TX00000030,2022-09-18T16:43:56.271897,ACC0091631,ACC0109627,10404,ETB,10404,Withdrawal,ATM,DEV0085099,Addis Ababa,Ethiopia,850144121c6ac9b9,,INV0074206,Completed
TX00000031,2023-09-28T11:21:36.982564,ACC0041173,ACC0144271,256,ETB,256,Payment,Mobile Banking,DEV0032675,Jimma,Ethiopia,,,INV0162036,Pending
TX00000032,2025-12-18T10:14:44.051886,ACC0065054,ACC0058968,780,ETB,780,Loan Disbursement,USSD,,Shashamane,Ethiopia,e3eb57e818bbcbd3,,,Completed
TX00000033,2022-01-03T13:00:53.636056,ACC0043273,ACC0028615,3429,ETB,3429,Bill Payment,Agent Banking,DEV0014765,Mekelle,Ethiopia,cb794c93e672ed4e,REF00000033,INV0070811,Completed
TX00000034,2025-03-24T12:47:56.172121,ACC0046550,ACC0035301,1823,ETB,1823,Transfer,Mobile Banking,DEV0087645,Jimma,Ethiopia,2d35f220cec93eab,,INV0108555,Completed
TX00000035,2022-03-26T08:15:11.391615,ACC0067951,ACC0005417,594,ETB,594,Deposit,Internet Banking,DEV0005927,Addis Ababa,Ethiopia,,,INV0172181,Pending
TX00000036,2022-05-01T15:08:31.130444,ACC0107165,ACC0033386,30813,ETB,30813,Withdrawal,ATM,DEV0073675,Addis Ababa,Ethiopia,,,INV0031327,Completed
TX00000037,2023-04-10T17:40:35.698206,ACC0027925,ACC0127237,11582,ETB,11582,Payment,Internet Banking,DEV0031129,Mekelle,Ethiopia,1d7b862b5e7b13b7,,INV0053543,Pending
TX00000038,2022-07-04T08:01:45.391802,ACC0135327,ACC0038018,1303,ETB,1303,Payment,Branch,DEV0085345,Shashamane,Ethiopia,6d2150ec617231fa,REF00000038,INV0017786,Completed
TX00000039,2024-07-11T23:31:57.581656,ACC0082567,ACC0026861,3759,ETB,3759,Transfer,Mobile Banking,DEV0041591,Addis Ababa,Ethiopia,294ae7d102a1ed23,REF00000039,INV0083271,Completed
TX00000040,2022-03-06T08:16:36.285184,ACC0029043,ACC0021598,41944,ETB,41944,Withdrawal,Branch,DEV0062370,Addis Ababa,Ethiopia,f3946c492b532113,,,Completed
TX00000041,2022-06-02T18:15:19.160882,ACC0023721,ACC0093360,1261,USD,72508,Loan Repayment,Branch,DEV0072273,Jijiga,Ethiopia,ab902859bea7052b,,INV0000948,Completed
TX00000042,2025-07-03T21:41:28.492211,ACC0091530,ACC0095402,4366,ETB,4366,Deposit,Branch,DEV0085458,Addis Ababa,Ethiopia,,,INV0051733,Completed
TX00000043,2024-05-22T12:55:55.155550,ACC0000972,ACC0112123,6864,USD,394680,Withdrawal,POS,DEV0045479,Mekelle,Ethiopia,,,INV0033645,Completed
TX00000044,2024-09-03T01:51:49.775158,ACC0009226,ACC0127288,43102,ETB,43102,Withdrawal,Mobile Banking,DEV0061316,Harar,Ethiopia,,,,Completed
TX00000045,2025-04-23T01:31:33.608686,ACC0060534,ACC0022299,1079,ETB,1079,Mobile Money,Branch,DEV0012608,Addis Ababa,Ethiopia,d0a34b656ed1de21,REF00000045,INV0059260,Completed
TX00000046,2025-02-13T10:31:20.105798,ACC0082661,ACC0050445,489,CHF,31785,Payment,ATM,DEV0066222,Addis Ababa,Ethiopia,5965953d1adec478,,INV0116871,Completed
TX00000047,2022-06-15T09:19:26.769135,ACC0127300,ACC0106262,10643,ETB,10643,Payment,USSD,DEV0082313,Bishoftu,Ethiopia,40eb81a84d1cc9e3,REF00000047,INV0185414,Completed
TX00000048,2022-08-05T13:22:43.998254,ACC0016865,ACC0106727,519,EUR,32178,Salary,Internet Banking,DEV0069253,Addis Ababa,Ethiopia,1652e1a20db0895e,,INV0120789,Completed
TX00000049,2025-05-06T01:14:37.320789,ACC0072580,ACC0031685,10468,ETB,10468,Payment,Mobile Banking,DEV0005099,Bahir Dar,Ethiopia,ea48d7c22d4ce706,,INV0080924,Completed
TX00000050,2022-08-28T19:48:21.307607,ACC0113339,ACC0088944,15281,ETB,15281,Deposit,ATM,DEV0085473,Addis Ababa,Ethiopia,1c8daef4fea9b1cb,REF00000050,INV0069238,Completed
TX00000051,2022-01-07T03:59:21.323004,ACC0143760,ACC0056978,574,ETB,574,Transfer,Mobile Banking,DEV0068589,Jimma,Ethiopia,f5539cfbb92f0428,,INV0192194,Completed
TX00000052,2023-05-02T12:38:29.243179,ACC0143139,ACC0001624,50663,ETB,50663,Withdrawal,Internet Banking,DEV0066462,Dire Dawa,Ethiopia,152814b52dedfe15,,INV0180100,Completed
TX00000053,2024-11-10T18:02:49.360998,ACC0132299,ACC0126702,998,EUR,61876,Mobile Money,Internet Banking,DEV0063753,Jimma,Ethiopia,,,INV0109873,Completed
TX00000054,2025-06-29T10:41:14.054296,ACC0141768,ACC0033146,9764,EUR,605368,Payment,Mobile Banking,DEV0080530,Shashamane,Ethiopia,081ed6da8aca00d7,,INV0008579,Failed
TX00000055,2023-06-22T05:46:28.163824,ACC0025852,ACC0049584,1337,ETB,1337,Transfer,ATM,DEV0001117,Addis Ababa,Ethiopia,2d34551571495a58,,INV0067265,Completed
TX00000056,2024-02-06T06:40:50.426479,ACC0108105,ACC0062234,12538,ETB,12538,Mobile Money,Branch,DEV0046881,Addis Ababa,Ethiopia,929ab7caca82c7b7,REF00000056,,Completed
TX00000057,2023-05-15T14:42:59.925961,ACC0128734,ACC0083353,449,ETB,449,Mobile Money,Internet Banking,DEV0068021,Addis Ababa,Ethiopia,fa3e6c4851476ef8,,INV0167331,Completed
TX00000058,2023-09-21T13:20:35.839061,ACC0109660,ACC0071428,40133,ETB,40133,Transfer,Mobile Banking,DEV0021284,Bahir Dar,Ethiopia,35da3a5a434115ad,REF00000058,INV0100614,Completed
TX00000059,2025-10-04T14:36:14.919937,ACC0087842,ACC0137942,11824,ETB,11824,Withdrawal,Mobile Banking,DEV0080974,Addis Ababa,Ethiopia,3bab611526080095,,INV0075842,Completed
TX00000060,2024-08-12T16:39:14.047526,ACC0104558,ACC0088723,12721,ETB,12721,Deposit,Mobile Banking,DEV0041905,Adama,Ethiopia,9bb3aede1c02bbf3,,INV0112398,Completed
TX00000061,2024-10-31T04:44:06.051901,ACC0096696,ACC0126205,526,ETB,526,Transfer,Branch,DEV0018922,Addis Ababa,Ethiopia,7fc4f3c25b6e3499,REF00000061,INV0044899,Completed
TX00000062,2025-01-05T12:04:51.223181,ACC0082338,ACC0075209,92216,ETB,92216,Transfer,ATM,DEV0088911,Adama,Ethiopia,deb06f88db4bbf27,,INV0030115,Completed
TX00000063,2023-12-12T18:37:41.335886,ACC0081644,ACC0051307,356,ETB,356,Transfer,Mobile Banking,DEV0000231,Hawassa,Ethiopia,f01190f2aaad82c1,REF00000063,INV0074837,Completed
TX00000064,2025-02-15T20:07:11.024515,ACC0043663,ACC0092146,3049,ETB,3049,Payment,Internet Banking,DEV0002783,Hosaena,Ethiopia,58cf20e8cdfd849f,,INV0067735,Completed
TX00000065,2025-12-19T01:08:05.479001,ACC0038245,ACC0074494,20677,ETB,20677,Transfer,Mobile Banking,DEV0017238,Dire Dawa,Ethiopia,8ff0594636c2d5f4,,,Completed
TX00000066,2022-05-28T18:40:30.770601,ACC0063765,ACC0099915,3503,ETB,3503,Transfer,ATM,DEV0062000,Harar,Ethiopia,,,INV0168454,Completed
TX00000067,2024-10-11T19:39:08.121819,ACC0058139,ACC0048780,3140,ETB,3140,Transfer,Mobile Banking,DEV0057964,Adama,Ethiopia,c61245525524a05a,REF00000067,INV0097530,Completed
TX00000068,2022-10-28T21:48:00.222673,ACC0135356,ACC0043243,26163,ETB,26163,Transfer,Internet Banking,DEV0068421,Dilla,Ethiopia,cc615fcddf5ee9ec,REF00000068,INV0125504,Completed
TX00000069,2024-01-12T06:21:02.444532,ACC0130829,ACC0068505,120863,ETB,120863,Deposit,USSD,DEV0077839,Addis Ababa,Ethiopia,4957eadbda5bf3b2,REF00000069,INV0117464,Completed
TX00000070,2024-12-24T08:44:47.660511,ACC0149181,ACC0028445,3925,ETB,3925,Transfer,ATM,DEV0046618,Hawassa,Ethiopia,3c840fb19028baa5,,,Completed
TX00000071,2023-05-21T15:21:42.986173,ACC0002447,ACC0098027,2887,ETB,2887,Bill Payment,Mobile Banking,DEV0043364,Adama,Ethiopia,f9a3759319bc135b,REF00000071,,Completed
TX00000072,2023-05-05T02:13:58.409393,ACC0127680,ACC0130883,4178,ETB,4178,Deposit,Mobile Banking,DEV0079085,Adama,Ethiopia,65c33de82f3115b8,,INV0139187,Completed
TX00000073,2025-03-09T17:58:38.556983,ACC0022382,ACC0029635,28021,ETB,28021,Deposit,Mobile Banking,DEV0039435,Addis Ababa,Ethiopia,f715de9d3e156b69,,INV0195418,Completed
TX00000074,2023-12-09T22:47:08.772294,ACC0100284,ACC0095279,114378,ETB,114378,Withdrawal,ATM,DEV0083210,Dilla,Ethiopia,1fa869ae92013b77,,INV0090533,Completed
TX00000075,2024-06-16T20:19:14.692482,ACC0072683,ACC0109491,109,EUR,6758,Transfer,Mobile Banking,DEV0086472,Addis Ababa,Ethiopia,c5d7952228180095,REF00000075,INV0129130,Completed
TX00000076,2024-04-10T09:02:06.549628,ACC0067932,ACC0006943,12441,EUR,771342,Payment,Mobile Banking,DEV0047981,Addis Ababa,Ethiopia,2f3dfeb16b3a3db8,,INV0060205,Failed
TX00000077,2025-11-20T17:57:49.275703,ACC0079257,ACC0037852,12654,ETB,12654,Transfer,Branch,DEV0089535,Addis Ababa,Ethiopia,9073145f49910f02,,INV0095850,Completed
TX00000078,2023-05-19T19:09:46.827664,ACC0097293,ACC0055993,12485,GBP,898920,Deposit,USSD,DEV0075837,Mekelle,Ethiopia,736834a1879f41fc,,INV0029200,Completed
TX00000079,2023-04-07T03:01:55.508722,ACC0117275,ACC0028304,4256,USD,244720,Withdrawal,Mobile Banking,DEV0028593,Addis Ababa,Ethiopia,fd1564cea1c65fbf,,,Completed
TX00000080,2022-08-08T12:48:51.929760,ACC0129730,ACC0062830,1105,ETB,1105,Withdrawal,Mobile Banking,DEV0063329,Dessie,Ethiopia,,,INV0102377,Completed
TX00000081,2022-05-17T15:17:15.497162,ACC0080357,ACC0087764,3128,USD,179860,Payment,Mobile Banking,DEV0058450,Shashamane,Ethiopia,,,,Completed
TX00000082,2022-08-19T20:33:05.588005,ACC0141301,ACC0043352,3182,ETB,3182,Deposit,Branch,DEV0038366,Bishoftu,Ethiopia,c62df93cc056595a,,INV0008899,Completed
TX00000083,2024-12-11T16:52:08.814088,ACC0037111,ACC0108783,358,USD,20585,Withdrawal,Mobile Banking,DEV0021302,Bahir Dar,Ethiopia,002e31980cae3f15,REF00000083,,Completed
TX00000084,2022-01-27T13:26:01.320048,ACC0144958,ACC0103731,25788,ETB,25788,Withdrawal,Mobile Banking,DEV0024892,Hawassa,Ethiopia,652a999d0c489f58,REF00000084,INV0009520,Completed
TX00000085,2023-06-19T08:27:35.992003,ACC0035160,ACC0029505,1029,GBP,74088,Deposit,ATM,DEV0030522,Dire Dawa,Ethiopia,5967ff1ed36014b9,,INV0122374,Completed
TX00000086,2023-09-10T01:46:06.302007,ACC0002364,ACC0040902,19589,ETB,19589,Payment,Internet Banking,DEV0047837,Harar,Ethiopia,f3059fdbf37364d7,,INV0186370,Completed
TX00000087,2022-01-12T13:08:13.143728,ACC0012574,ACC0075515,3164,ETB,3164,Transfer,Mobile Banking,DEV0058792,Addis Ababa,Ethiopia,a2b271d982841491,REF00000087,INV0006120,Failed
TX00000088,2024-10-15T18:33:07.842959,ACC0094512,ACC0007977,7660,ETB,7660,Deposit,Mobile Banking,DEV0029580,Dire Dawa,Ethiopia,fbaede0ea292bf8e,,,Completed
TX00000089,2022-06-15T23:15:17.522913,ACC0017445,ACC0039421,890,ETB,890,Transfer,Mobile Banking,DEV0035333,Addis Ababa,Ethiopia,ce436fd6b6a7db84,,,Completed
TX00000090,2025-12-16T06:36:45.804287,ACC0035399,ACC0011091,9428,ETB,9428,Deposit,Internet Banking,DEV0085524,Hawassa,Ethiopia,2cd07fd6b03b0e7d,,INV0162674,Completed
TX00000091,2025-12-03T12:09:03.278084,ACC0125101,ACC0079201,4646,ETB,4646,Transfer,ATM,DEV0050547,Addis Ababa,Ethiopia,459a78ae17bc71ba,,,Failed
TX00000092,2025-06-04T17:15:40.133904,ACC0003866,ACC0014359,4358,EUR,270196,Deposit,POS,DEV0009132,Harar,Ethiopia,68a1a7a6c3e94b2c,,,Pending
TX00000093,2023-06-28T23:48:12.002179,ACC0025493,ACC0149148,13540,ETB,13540,Withdrawal,Internet Banking,DEV0021103,Asella,Ethiopia,7392af9b2a460906,REF00000093,INV0185096,Completed
TX00000094,2024-07-12T23:01:39.503769,ACC0007619,ACC0090816,679,ETB,679,Payment,USSD,,Nekemte,Ethiopia,6c85e3c6047cd233,,INV0139084,Completed
TX00000095,2024-08-04T12:10:17.615628,ACC0072773,ACC0135254,119852,ETB,119852,Payment,Internet Banking,DEV0044199,Dessie,Ethiopia,9614e3b25e3bb60c,,INV0049308,Pending
TX00000096,2024-03-22T15:33:46.603001,ACC0124251,ACC0122040,381,ETB,381,Transfer,Internet Banking,DEV0042428,Addis Ababa,Ethiopia,40b0d2b50dab9728,,INV0002894,Completed
TX00000097,2022-07-20T12:27:44.573485,ACC0012020,ACC0118884,2581,ETB,2581,Payment,Mobile Banking,DEV0088750,Gondar,Ethiopia,cffc97d0b191683a,,,Completed
TX00000098,2025-05-29T02:16:38.233402,ACC0064076,ACC0087614,27221,USD,1565208,Transfer,ATM,DEV0021599,Gondar,Ethiopia,8d53d5c8be072a3b,,INV0041717,Completed
TX00000099,2024-04-30T18:27:56.048651,ACC0043660,ACC0048129,24197,USD,1391328,Payment,USSD,DEV0064765,Dire Dawa,Ethiopia,75204556e70e9e77,,,Completed
TX00000100,2023-03-24T03:02:00.199431,ACC0014140,ACC0078464,563,ETB,563,Deposit,USSD,DEV0082256,Dire Dawa,Ethiopia,2fe4f8f9487bb0ca,,INV0049266,Completed
TX00000101,2024-04-05T16:40:31.270267,ACC0093708,ACC0127749,23924,ETB,23924,Mobile Money,ATM,DEV0071576,Bahir Dar,Ethiopia,,REF00000101,INV0126830,Completed
TX00000102,2025-02-04T18:33:29.788596,ACC0141843,ACC0044385,32973,ETB,32973,Transfer,Mobile Banking,DEV0075202,Arba Minch,Ethiopia,2f50719b0951a447,REF00000102,INV0173308,Completed
TX00000103,2023-05-04T15:00:26.497813,ACC0088766,ACC0125063,14232,ETB,14232,Payment,Mobile Banking,DEV0000647,Addis Ababa,Ethiopia,85ba3550f7ea5468,,INV0192001,Completed
TX00000104,2024-08-15T15:28:24.643042,ACC0072724,ACC0111202,8385,EUR,519870,Withdrawal,Mobile Banking,DEV0059288,Hawassa,Ethiopia,f5cf21d36a65f3c3,,INV0053225,Completed
TX00000105,2023-09-03T17:10:15.555980,ACC0002811,ACC0102352,55715,USD,3203612,Payment,ATM,,Shashamane,Ethiopia,35201abcf256ac42,,INV0106213,Completed
TX00000106,2025-02-08T08:39:51.146954,ACC0108021,ACC0018757,3192,ETB,3192,Loan Disbursement,Mobile Banking,DEV0059556,Addis Ababa,Ethiopia,,,,Completed
TX00000107,2025-10-30T23:56:28.961606,ACC0020898,ACC0104443,924,ETB,924,Payment,Mobile Banking,DEV0030163,Hawassa,Ethiopia,,REF00000107,,Completed
TX00000108,2025-06-25T07:20:34.499992,ACC0084208,ACC0100239,5574,ETB,5574,Deposit,Mobile Banking,DEV0026217,Dessie,Ethiopia,4edc7bac69224a22,,INV0077797,Completed
TX00000109,2023-03-18T20:43:02.914827,ACC0117582,ACC0081339,64667,ETB,64667,Transfer,Internet Banking,DEV0017753,Dire Dawa,Ethiopia,a94a39ecf443a715,REF00000109,INV0000069,Failed
TX00000110,2025-11-14T21:13:53.087281,ACC0081710,ACC0097447,5649,EUR,350238,Deposit,Internet Banking,,Addis Ababa,Ethiopia,bdc232db83e4b0ae,,INV0144751,Completed
TX00000111,2023-06-25T09:13:17.878191,ACC0019333,ACC0080720,2849,USD,163818,Loan Disbursement,Mobile Banking,DEV0032542,Dilla,Ethiopia,a1d28a832470078d,,INV0108589,Completed
TX00000112,2023-02-25T03:21:03.849684,ACC0084685,ACC0077894,8815,USD,506862,Withdrawal,Mobile Banking,DEV0069925,Adama,Ethiopia,,REF00000112,INV0163795,Completed
TX00000113,2025-01-04T22:50:43.051584,ACC0031722,ACC0130234,18760,ETB,18760,Withdrawal,Mobile Banking,DEV0076786,Dire Dawa,Ethiopia,04d7b3bee3ad05ba,REF00000113,,Completed
TX00000114,2025-08-22T18:34:18.966953,ACC0038217,ACC0128252,10165,ETB,10165,Deposit,Mobile Banking,DEV0010311,Hawassa,Ethiopia,369b2767ba94e3ed,,INV0155200,Completed
TX00000115,2023-09-25T13:09:52.271962,ACC0041838,ACC0084803,21036,USD,1209570,Withdrawal,Mobile Banking,DEV0037803,Addis Ababa,Ethiopia,0f708fddbec84c23,,INV0147648,Completed
TX00000116,2023-10-11T03:54:33.774032,ACC0052846,ACC0026409,21087,ETB,21087,Payment,Mobile Banking,DEV0049554,Jijiga,Ethiopia,f2f5e349c2e9c5b0,,INV0104773,Completed
TX00000117,2024-03-14T06:01:01.893981,ACC0046610,ACC0060157,6800,ETB,6800,Deposit,Mobile Banking,DEV0063666,Dire Dawa,Ethiopia,7315e46343f1fa10,REF00000117,INV0050883,Completed
TX00000118,2022-12-30T10:10:24.729114,ACC0025927,ACC0018689,9837,GBP,708264,Payment,Internet Banking,DEV0019747,Shashamane,Ethiopia,291139e02b10447e,REF00000118,INV0169843,Completed
TX00000119,2023-05-13T12:17:07.252343,ACC0009812,ACC0030546,1480,ETB,1480,Loan Repayment,ATM,DEV0070227,Jimma,Ethiopia,b6e4c555b48ba75f,,INV0130527,Completed
TX00000120,2025-08-15T19:39:55.123701,ACC0113203,ACC0139281,428805,ETB,428805,Payment,Mobile Banking,DEV0056525,Dilla,Ethiopia,5d1087f2ba51c1af,,,Completed
TX00000121,2024-08-20T17:04:57.618595,ACC0034951,ACC0034909,6240,USD,358800,Payment,USSD,DEV0069351,Harar,Ethiopia,3f87f903c0461baf,REF00000121,INV0179882,Completed
TX00000122,2023-05-04T20:17:17.184030,ACC0072635,ACC0085061,988,ETB,988,Withdrawal,USSD,DEV0076649,Debre Birhan,Ethiopia,8d8443a4da57c2d5,,INV0025575,Completed
TX00000123,2025-12-08T15:44:30.722912,ACC0051434,ACC0083082,5986,ETB,5986,Mobile Money,USSD,,Addis Ababa,Ethiopia,3eb77ff1c985e4d7,,,Completed
TX00000124,2022-07-16T10:48:57.861605,ACC0074712,ACC0105194,609,ETB,609,Transfer,Mobile Banking,DEV0047831,Addis Ababa,Ethiopia,,,,Completed
TX00000125,2023-02-09T09:00:27.649819,ACC0078358,ACC0047006,596,ETB,596,Deposit,Mobile Banking,DEV0051321,Hosaena,Ethiopia,4a3150d74111c738,,INV0195086,Completed
TX00000126,2023-02-10T15:11:17.393780,ACC0053379,ACC0068317,79,ETB,79,FX Exchange,Mobile Banking,DEV0006369,Dire Dawa,Ethiopia,ba05a5311b56e825,REF00000126,INV0099360,Reversed
TX00000127,2025-07-03T11:28:25.051476,ACC0092905,ACC0051489,892,ETB,892,Payment,Branch,DEV0066865,Dessie,Ethiopia,,,INV0131744,Completed
TX00000128,2022-05-06T00:39:29.033846,ACC0144683,ACC0066397,32655,ETB,32655,Bill Payment,Mobile Banking,DEV0063737,Addis Ababa,Ethiopia,c9441dead8e2ac69,,,Completed
TX00000129,2022-03-10T18:32:14.917405,ACC0076066,ACC0129161,1638,ETB,1638,Withdrawal,Mobile Banking,DEV0035563,Bahir Dar,Ethiopia,3597c776779edf43,,,Completed
TX00000130,2024-12-31T00:55:55.212086,ACC0142249,ACC0148870,3533,ETB,3533,Deposit,Branch,DEV0025909,Gondar,Ethiopia,6d98ee8f24bd4e51,,INV0005729,Completed
TX00000131,2024-09-13T03:17:08.729950,ACC0140730,ACC0084258,2325,ETB,2325,Transfer,Mobile Banking,DEV0086472,Asella,Ethiopia,fa353237335998e4,REF00000131,INV0082907,Completed
TX00000132,2023-04-12T07:23:52.059659,ACC0065662,ACC0065487,4964,ETB,4964,Payment,Branch,DEV0085902,Addis Ababa,Ethiopia,80fea73f4912e237,,INV0043322,Pending
TX00000133,2025-05-23T03:29:48.961359,ACC0109436,ACC0086111,13137,ETB,13137,Bill Payment,Mobile Banking,DEV0044884,Mekelle,Ethiopia,,REF00000133,INV0038093,Completed
TX00000134,2022-06-03T06:31:14.850604,ACC0009740,ACC0022749,233070,ETB,233070,Payment,Internet Banking,DEV0044139,Harar,Ethiopia,b7c0536ff30f0422,REF00000134,INV0188065,Completed
TX00000135,2025-10-06T16:26:07.748235,ACC0101636,ACC0013694,6293,ETB,6293,Deposit,Mobile Banking,DEV0037237,Mekelle,Ethiopia,94ee2213ae2fcb36,,INV0108576,Completed
TX00000136,2022-11-06T04:35:08.824462,ACC0140613,ACC0065251,4416,ETB,4416,Payment,ATM,DEV0029005,Dire Dawa,Ethiopia,14b181481c26f2b5,,INV0070666,Failed
TX00000137,2022-06-11T13:56:37.986905,ACC0068631,ACC0024462,2601,ETB,2601,Transfer,ATM,DEV0085358,Addis Ababa,Ethiopia,dc785760bee4f644,REF00000137,INV0145896,Completed
TX00000138,2024-10-11T07:34:19.645730,ACC0104171,ACC0107823,2695,ETB,2695,Transfer,ATM,DEV0037542,Sodo,Ethiopia,f55d2668c8aaba4e,REF00000138,,Completed
TX00000139,2024-03-31T01:54:35.398827,ACC0017590,ACC0130225,6080,ETB,6080,Loan Disbursement,ATM,DEV0044153,Addis Ababa,Ethiopia,9720faf491da1381,REF00000139,,Completed
TX00000140,2023-09-09T17:54:00.029528,ACC0059652,ACC0074485,55341,ETB,55341,Payment,ATM,DEV0011232,Addis Ababa,Ethiopia,b8506be7d1b85d87,,INV0153292,Completed
TX00000141,2022-04-18T04:49:08.697320,ACC0015115,ACC0106346,3206,ETB,3206,Mobile Money,Branch,DEV0078421,Dessie,Ethiopia,86b2e02540058c06,REF00000141,INV0146630,Completed
TX00000142,2024-09-06T19:28:57.951167,ACC0133884,ACC0014544,15090,ETB,15090,Transfer,Internet Banking,DEV0019753,Addis Ababa,Ethiopia,cc15f703512bbd5d,REF00000142,,Failed
TX00000143,2024-07-09T19:19:55.358607,ACC0082495,ACC0023924,583,ETB,583,Deposit,Mobile Banking,DEV0012352,Addis Ababa,Ethiopia,fa34199b7b04b1f9,,INV0133789,Completed
TX00000144,2024-06-08T00:38:57.680781,ACC0006742,ACC0065995,2676,ETB,2676,Payment,Branch,,Gondar,Ethiopia,,,INV0136263,Pending
TX00000145,2025-09-06T00:30:58.387423,ACC0077752,ACC0096374,5343,ETB,5343,Payment,Branch,,Dessie,Ethiopia,329dd222eb50c1c7,,INV0052336,Completed
TX00000146,2022-07-04T02:02:04.029435,ACC0046425,ACC0123003,14595,GBP,1050840,Deposit,Mobile Banking,DEV0079212,Addis Ababa,Ethiopia,aa184a5fde770e13,,INV0112645,Completed
TX00000147,2025-11-29T08:52:12.020782,ACC0000726,ACC0044149,3571,ETB,3571,Withdrawal,Mobile Banking,DEV0082259,Adama,Ethiopia,f0046e3a8fc8ac11,,INV0167975,Completed
TX00000148,2022-03-18T22:03:54.308712,ACC0075802,ACC0075876,1554,ETB,1554,Withdrawal,USSD,DEV0007952,Dire Dawa,Ethiopia,ea409c4bd3ee48f6,REF00000148,INV0108115,Completed
TX00000149,2022-02-01T01:59:12.497099,ACC0103494,ACC0057076,987,ETB,987,Bill Payment,Mobile Banking,DEV0021429,Hawassa,Ethiopia,0c886c7402bf668d,,INV0088403,Completed
TX00000150,2025-03-04T23:00:02.498786,ACC0087805,ACC0103749,45686,ETB,45686,Transfer,Mobile Banking,DEV0071830,Hawassa,Ethiopia,94bfc5e6fd7f63ad,REF00000150,INV0041109,Completed
TX00000151,2024-04-06T23:46:08.460770,ACC0009127,ACC0127887,6234,ETB,6234,Payment,Mobile Banking,DEV0053061,Addis Ababa,Ethiopia,3f257fb321e13532,,,Completed
TX00000152,2025-06-11T18:03:15.644506,ACC0039685,ACC0045138,2785,ETB,2785,Transfer,Mobile Banking,DEV0059594,Mekelle,Ethiopia,f2597ddde779d3f7,REF00000152,INV0103902,Completed
TX00000153,2022-02-08T08:21:44.068000,ACC0047507,ACC0139794,5973,AED,93179,Bill Payment,Mobile Banking,DEV0040361,Shashamane,Ethiopia,9a0fb488fe89b549,,INV0060465,Completed
TX00000154,2022-07-01T00:31:28.467309,ACC0008485,ACC0146409,1110,ETB,1110,Transfer,Mobile Banking,DEV0057407,Jimma,Ethiopia,76d22ff631589e17,REF00000154,INV0142687,Failed
TX00000155,2022-11-23T21:33:31.471647,ACC0119534,ACC0036412,673,ETB,673,Payment,Branch,DEV0002843,Addis Ababa,Ethiopia,d57c38ea1eb6787a,,INV0074479,Completed
TX00000156,2022-04-28T13:07:07.607894,ACC0003901,ACC0088487,16347,ETB,16347,Transfer,Mobile Banking,DEV0084505,Addis Ababa,Ethiopia,f0e1f212fe8bf244,,,Completed
TX00000157,2025-06-26T04:47:10.891218,ACC0137006,ACC0069814,9662,ETB,9662,Salary,Mobile Banking,DEV0081354,Addis Ababa,Ethiopia,6f80067ffb286585,REF00000157,,Failed
TX00000158,2022-10-12T13:05:32.154981,ACC0006588,ACC0003999,11522,ETB,11522,Transfer,USSD,DEV0057074,Addis Ababa,Ethiopia,c8cf256b0bd76f0a,,INV0130030,Completed
TX00000159,2024-11-23T12:18:41.445608,ACC0098249,ACC0124237,8503,ETB,8503,Payment,Branch,,Bahir Dar,Ethiopia,c432aabb0566230c,,INV0122588,Completed
TX00000160,2024-02-29T10:16:27.308233,ACC0119278,ACC0124503,60,ETB,60,Withdrawal,ATM,,Addis Ababa,Ethiopia,99c4f44756684e22,,INV0199521,Completed
TX00000161,2023-06-20T08:48:46.781235,ACC0084678,ACC0002215,49008,ETB,49008,Deposit,Mobile Banking,DEV0005050,Hawassa,Ethiopia,eef1cc61d9a9d7c4,,INV0000217,Completed
TX00000162,2022-09-23T03:21:06.768748,ACC0087730,ACC0090980,221,ETB,221,Deposit,Internet Banking,DEV0035712,Mekelle,Ethiopia,,,INV0159928,Completed
TX00000163,2024-04-23T03:19:51.076473,ACC0009174,ACC0126255,804,ETB,804,Transfer,Mobile Banking,DEV0016124,Bahir Dar,Ethiopia,a9800dfb4360dd5e,REF00000163,INV0044802,Completed
TX00000164,2023-03-20T15:51:20.119740,ACC0105234,ACC0014719,6420,USD,369150,Loan Disbursement,ATM,DEV0052039,Jijiga,Ethiopia,,REF00000164,INV0156455,Completed
TX00000165,2024-01-16T02:22:40.475213,ACC0095527,ACC0046710,1667,ETB,1667,Deposit,ATM,DEV0017036,Adama,Ethiopia,36f729505bf0a188,,,Completed
TX00000166,2023-08-11T18:05:53.510906,ACC0063916,ACC0059362,9691,AED,151180,Transfer,Internet Banking,DEV0022859,Bahir Dar,Ethiopia,0f67f493f0caaedc,,INV0065735,Completed
TX00000167,2024-08-20T10:29:21.984966,ACC0082692,ACC0021134,3176,ETB,3176,Transfer,Agent Banking,DEV0008204,Mekelle,Ethiopia,492d90edb547a890,REF00000167,INV0077114,Completed
TX00000168,2025-11-04T09:07:41.561187,ACC0012892,ACC0127828,87,ETB,87,Deposit,Mobile Banking,DEV0010602,Dilla,Ethiopia,,REF00000168,INV0057756,Completed
TX00000169,2024-09-16T05:22:29.808831,ACC0043855,ACC0068779,3755,ETB,3755,Transfer,Internet Banking,DEV0070504,Addis Ababa,Ethiopia,c037ee8383040066,,INV0081742,Completed
TX00000170,2023-03-18T01:24:25.728205,ACC0129225,ACC0050549,5197,ETB,5197,Loan Disbursement,Internet Banking,DEV0009626,Bahir Dar,Ethiopia,2f510a91a9394250,,INV0046993,Completed
TX00000171,2024-04-05T19:02:50.993054,ACC0023230,ACC0134285,9728,ETB,9728,Payment,Internet Banking,DEV0024898,Dessie,Ethiopia,de426b6086fca8cc,REF00000171,INV0068029,Completed
TX00000172,2023-08-12T13:35:13.138723,ACC0066641,ACC0034354,13134,ETB,13134,Deposit,Branch,DEV0031339,Bahir Dar,Ethiopia,95fc092554775909,,,Completed
TX00000173,2022-01-04T10:45:23.623912,ACC0072896,ACC0071328,1041,ETB,1041,Payment,Internet Banking,DEV0045620,Shashamane,Ethiopia,0d00bdf2b4a60fd3,REF00000173,,Failed
TX00000174,2023-05-10T00:32:53.062082,ACC0136463,ACC0076193,7075,GBP,509400,Transfer,Internet Banking,DEV0008000,Bishoftu,Ethiopia,b51cb844da610102,,INV0171477,Completed
TX00000175,2023-07-15T17:04:12.290964,ACC0040170,ACC0088814,590134,ETB,590134,Transfer,Mobile Banking,DEV0018276,Harar,Ethiopia,6b1bb512bee65ea0,,INV0017859,Completed
TX00000176,2025-09-29T18:39:02.240906,ACC0100313,ACC0029692,9379,ETB,9379,Withdrawal,Mobile Banking,DEV0051363,Adama,Ethiopia,7b9fe25bac516474,,INV0140324,Completed
TX00000177,2024-07-09T08:06:54.323460,ACC0047706,ACC0113420,4700,ETB,4700,Transfer,Branch,DEV0010830,Addis Ababa,Ethiopia,,,,Completed
TX00000178,2025-08-08T17:05:52.636363,ACC0093535,ACC0114246,486,ETB,486,Withdrawal,ATM,DEV0022539,Bishoftu,Ethiopia,e2fb786767d01b41,,,Completed
TX00000179,2024-07-07T20:49:48.102133,ACC0007429,ACC0012945,2962,USD,170315,Transfer,Mobile Banking,DEV0055707,Addis Ababa,Ethiopia,17dd4863ab9a3405,,INV0044975,Completed
TX00000180,2024-06-16T19:24:09.323313,ACC0115531,ACC0080378,14723,ETB,14723,Deposit,Branch,,Sodo,Ethiopia,0c6c50a67b9a7bcb,REF00000180,INV0004618,Completed
TX00000181,2025-08-27T17:33:31.822384,ACC0010293,ACC0048986,1240,ETB,1240,Payment,Branch,DEV0071635,Jimma,Ethiopia,17e5e5391486337f,,INV0143692,Pending
TX00000182,2025-01-29T21:55:18.705273,ACC0070081,ACC0098735,1497,USD,86078,Withdrawal,ATM,,Addis Ababa,Ethiopia,894bafc9f32f51b4,,INV0097714,Failed
TX00000183,2024-05-30T00:07:17.663561,ACC0035421,ACC0101376,5176,ETB,5176,Transfer,ATM,DEV0027813,Jimma,Ethiopia,,,INV0163006,Completed
TX00000184,2025-08-17T17:11:01.233991,ACC0044292,ACC0129959,3672,ETB,3672,Withdrawal,Branch,DEV0030291,Addis Ababa,Ethiopia,,REF00000184,,Completed
TX00000185,2025-06-08T16:17:52.665189,ACC0028165,ACC0108790,13927,ETB,13927,Payment,Mobile Banking,DEV0006276,Addis Ababa,Ethiopia,3b80e9f0effdd62f,,,Failed
TX00000186,2022-05-30T05:36:18.859915,ACC0016189,ACC0111356,1853,ETB,1853,Transfer,ATM,DEV0019290,Addis Ababa,Ethiopia,4d5fae2ff62dd921,,INV0100647,Completed
TX00000187,2025-10-19T18:08:47.464598,ACC0108552,ACC0120575,282,ETB,282,Loan Disbursement,ATM,DEV0011326,Bahir Dar,Ethiopia,3bab9849921728a6,,,Completed
TX00000188,2023-01-16T00:18:08.687313,ACC0023542,ACC0143111,2228,ETB,2228,Transfer,Mobile Banking,DEV0023552,Addis Ababa,Ethiopia,50f107a0354810b1,REF00000188,INV0085656,Completed
TX00000189,2025-03-18T06:15:13.506542,ACC0069148,ACC0029624,4977,GBP,358344,Payment,Mobile Banking,DEV0075503,Dire Dawa,Ethiopia,ba90bbd5c88ab4cf,,INV0153308,Completed
TX00000190,2025-03-10T12:00:28.674234,ACC0026381,ACC0020452,13553,AED,211427,Payment,Mobile Banking,DEV0058368,Addis Ababa,Ethiopia,a1d67db5af2c3417,,INV0194075,Completed
TX00000191,2022-05-23T20:32:43.691143,ACC0111571,ACC0005266,640,ETB,640,Transfer,Branch,DEV0069912,Addis Ababa,Ethiopia,23bbc90d36719176,,INV0124008,Completed
TX00000192,2023-11-17T01:56:28.383434,ACC0098473,ACC0130268,2607,ETB,2607,Withdrawal,Internet Banking,DEV0080637,Addis Ababa,Ethiopia,26db63fe2833af5d,REF00000192,INV0061839,Completed
TX00000193,2022-03-09T04:40:40.328624,ACC0115517,ACC0094497,5385,ETB,5385,Transfer,ATM,DEV0014384,Addis Ababa,Ethiopia,,,INV0073859,Completed
TX00000194,2024-03-02T02:49:25.837092,ACC0050607,ACC0111535,8260,AED,128856,Payment,Mobile Banking,DEV0070065,Gondar,Ethiopia,ecfdba4bde04d05d,REF00000194,INV0092530,Completed
TX00000195,2025-09-23T15:43:14.660315,ACC0040255,ACC0062904,78926,ETB,78926,Transfer,ATM,DEV0052746,Addis Ababa,Ethiopia,630d2b473457b905,,INV0132530,Reversed
TX00000196,2024-07-08T23:33:15.953583,ACC0096590,ACC0127077,3730,ETB,3730,Payment,Mobile Banking,DEV0017074,Addis Ababa,Ethiopia,1c68e5ee39737048,,INV0098477,Failed
TX00000197,2025-05-20T01:00:18.021422,ACC0087026,ACC0059398,30906,ETB,30906,Transfer,USSD,DEV0076694,Bishoftu,Ethiopia,9590b9562a9e79d7,,,Completed
TX00000198,2023-01-25T06:11:38.468700,ACC0102665,ACC0104860,221,ETB,221,Withdrawal,Mobile Banking,DEV0045199,Gondar,Ethiopia,20a7880e900d38c3,REF00000198,INV0152040,Completed
TX00000199,2024-03-10T11:15:34.265403,ACC0025715,ACC0084917,3426,EUR,212412,Loan Repayment,Mobile Banking,DEV0009866,Addis Ababa,Ethiopia,f3d1bbe8da84b7a3,,INV0178432,Completed
TX00000200,2023-09-14T10:31:53.070126,ACC0070851,ACC0094401,50193,ETB,50193,Payment,Internet Banking,DEV0022190,Addis Ababa,Ethiopia,71dc4463ec2a9291,REF00000200,INV0173596,Completed
TX00000201,2023-10-16T09:12:12.286433,ACC0020935,ACC0032888,36105,ETB,36105,Loan Repayment,Branch,DEV0056918,Addis Ababa,Ethiopia,c216bb29987ac4e5,,INV0115559,Completed
TX00000202,2025-06-22T06:08:28.962899,ACC0060315,ACC0129613,145881,ETB,145881,Payment,ATM,DEV0006735,Dessie,Ethiopia,014cd1cba8afd082,,,Completed
TX00000203,2024-11-18T05:12:00.012141,ACC0123421,ACC0021389,9547,ETB,9547,Deposit,Mobile Banking,DEV0071741,Addis Ababa,Ethiopia,,,INV0139898,Completed
TX00000204,2023-04-24T20:19:33.011589,ACC0059359,ACC0124163,9079,ETB,9079,Transfer,Internet Banking,DEV0051316,Nekemte,Ethiopia,,REF00000204,INV0012033,Completed
TX00000205,2022-10-04T11:12:13.520873,ACC0118181,ACC0064398,3613,GBP,260136,Payment,Branch,DEV0001652,Bishoftu,Ethiopia,e2ff63790cea2e85,,INV0076988,Completed
TX00000206,2023-01-05T16:49:41.715219,ACC0144199,ACC0110860,8850,USD,508875,Transfer,Mobile Banking,DEV0008280,Adama,Ethiopia,6345ce888e6ecb25,,INV0195713,Completed
TX00000207,2024-03-17T10:23:52.519085,ACC0056529,ACC0072167,18827,ETB,18827,Bill Payment,Mobile Banking,DEV0061630,Dilla,Ethiopia,c992c49cc1495735,,INV0168828,Completed
TX00000208,2025-05-02T06:49:27.704396,ACC0067225,ACC0059219,25371,ETB,25371,Deposit,Branch,DEV0024452,Jijiga,Ethiopia,,,INV0116037,Completed
TX00000209,2025-04-26T01:58:23.167099,ACC0103661,ACC0026555,11794,ETB,11794,Transfer,Mobile Banking,DEV0009050,Gondar,Ethiopia,9499038f6d8c4a60,REF00000209,INV0152709,Completed
TX00000210,2025-04-18T16:24:41.924829,ACC0143622,ACC0130021,3814,GBP,274608,Transfer,Mobile Banking,DEV0049754,Addis Ababa,Ethiopia,,,INV0054187,Completed
TX00000211,2025-08-23T19:48:37.687081,ACC0116558,ACC0146962,55192,ETB,55192,Mobile Money,ATM,,Addis Ababa,Ethiopia,abcc87e42d29b278,,,Completed
TX00000212,2023-11-04T05:19:47.209358,ACC0131225,ACC0139927,7222,ETB,7222,Salary,Internet Banking,DEV0073795,Gondar,Ethiopia,a04f08a254a43d98,REF00000212,INV0036956,Completed
TX00000213,2025-10-08T17:28:27.402621,ACC0132912,ACC0094984,1291,ETB,1291,Bill Payment,USSD,DEV0066760,Addis Ababa,Ethiopia,e581f2987f452c5a,,INV0171616,Completed
TX00000214,2022-12-02T06:43:38.420037,ACC0079333,ACC0017158,4208,ETB,4208,Payment,ATM,DEV0053934,Gondar,Ethiopia,,,,Completed
TX00000215,2025-07-11T17:58:47.713660,ACC0063368,ACC0089944,110384,GBP,7947648,Loan Repayment,Branch,DEV0043775,Gondar,Ethiopia,610885d6771f5680,,INV0064081,Completed
TX00000216,2022-08-20T03:31:59.335634,ACC0145374,ACC0021479,2761,EUR,171182,Withdrawal,ATM,DEV0061818,Arba Minch,Ethiopia,62ae88a55a722017,,INV0128926,Completed
TX00000217,2023-02-24T03:02:45.249200,ACC0139570,ACC0014440,186,ETB,186,Transfer,USSD,DEV0029277,Sodo,Ethiopia,a9e33c5beeec05c2,,INV0006227,Completed
TX00000218,2025-04-23T00:58:52.561370,ACC0006854,ACC0110608,5048,ETB,5048,Loan Repayment,ATM,DEV0000537,Dilla,Ethiopia,2453b02c1a64cb07,,INV0092694,Reversed
TX00000219,2025-03-15T11:42:15.405639,ACC0138281,ACC0128939,24399,ETB,24399,Payment,Mobile Banking,DEV0064134,Addis Ababa,Ethiopia,8892f10c486e7b09,REF00000219,INV0188918,Completed
TX00000220,2023-11-11T21:28:19.537610,ACC0021611,ACC0024236,3237,EUR,200694,Transfer,Mobile Banking,,Addis Ababa,Ethiopia,d25bd353c9ab23d3,REF00000220,INV0014786,Completed
TX00000221,2025-03-12T12:51:40.145941,ACC0089402,ACC0100813,3005,EUR,186310,Mobile Money,Branch,DEV0017464,Dessie,Ethiopia,9eb551f827f6ae95,REF00000221,INV0106981,Completed
TX00000222,2022-01-24T00:06:14.009904,ACC0038416,ACC0014523,405,ETB,405,Deposit,Mobile Banking,DEV0017725,Addis Ababa,Ethiopia,95e2963e19abfaf0,,INV0141617,Completed
TX00000223,2022-01-07T12:18:41.793519,ACC0103956,ACC0098887,592,ETB,592,Withdrawal,Mobile Banking,DEV0013508,Addis Ababa,Ethiopia,5afef7d8021b070e,,INV0166726,Completed
TX00000224,2024-09-19T05:53:55.739237,ACC0105964,ACC0136953,969,ETB,969,Withdrawal,Mobile Banking,DEV0009493,Shashamane,Ethiopia,48e3d7e5db4dba51,,INV0039527,Completed
TX00000225,2023-03-08T06:53:25.867888,ACC0097934,ACC0136429,2949,ETB,2949,Transfer,ATM,DEV0025982,Addis Ababa,Ethiopia,db4e1312edae3372,REF00000225,INV0070216,Completed
TX00000226,2025-05-16T17:41:26.733939,ACC0147819,ACC0064390,307,ETB,307,Deposit,ATM,DEV0017274,Addis Ababa,Ethiopia,1767db2438478087,,INV0172463,Completed
TX00000227,2024-12-15T20:30:31.376796,ACC0130726,ACC0117615,1554,USD,89355,Deposit,Mobile Banking,DEV0058729,Addis Ababa,Ethiopia,8013b39c4b3c5cbd,,INV0051043,Completed
TX00000228,2025-11-08T23:35:51.127516,ACC0071584,ACC0085589,87019,ETB,87019,Deposit,Internet Banking,DEV0029546,Bahir Dar,Ethiopia,,REF00000228,INV0105516,Completed
TX00000229,2025-08-12T04:11:59.879579,ACC0104865,ACC0078811,604679,USD,34769042,Payment,ATM,DEV0076010,Mekelle,Ethiopia,4731c9afb3de716a,,INV0108650,Failed
TX00000230,2022-11-20T14:33:55.363368,ACC0119479,ACC0034897,99120,ETB,99120,Payment,Agent Banking,DEV0016611,Bishoftu,Ethiopia,cf97dd0d8da3634f,REF00000230,INV0176870,Completed
TX00000231,2022-04-18T03:30:12.673283,ACC0147785,ACC0008335,3786,USD,217695,Withdrawal,ATM,DEV0011598,Bahir Dar,Ethiopia,91b2f3eb01aab7d5,,INV0053748,Completed
TX00000232,2022-06-17T23:56:28.478166,ACC0129133,ACC0051468,18680,ETB,18680,Loan Repayment,ATM,DEV0032079,Addis Ababa,Ethiopia,57cb502c5d8cef05,,INV0117212,Completed
TX00000233,2023-08-21T22:29:01.809789,ACC0042294,ACC0095374,772,ETB,772,Deposit,Internet Banking,DEV0029581,Harar,Ethiopia,,,INV0096809,Completed
TX00000234,2025-04-14T23:45:05.942208,ACC0024013,ACC0056153,2267,ETB,2267,Transfer,Branch,DEV0048224,Addis Ababa,Ethiopia,6395d989419075f8,,INV0107526,Completed
TX00000235,2023-02-10T18:27:30.848379,ACC0031980,ACC0142438,361,ETB,361,Payment,ATM,DEV0007397,Addis Ababa,Ethiopia,628fd8459c68d564,REF00000235,,Pending
TX00000236,2024-02-25T21:23:28.702407,ACC0071278,ACC0057023,1724,USD,99130,Deposit,Internet Banking,,Hawassa,Ethiopia,4365b9a5ae3529b4,,,Completed
TX00000237,2022-05-11T15:43:40.907385,ACC0117075,ACC0068230,803,ETB,803,Payment,USSD,DEV0003216,Bahir Dar,Ethiopia,5b893fed1a4fc3da,,,Completed
TX00000238,2023-06-09T08:06:12.034064,ACC0027154,ACC0079146,1779,ETB,1779,Payment,Branch,DEV0025392,Mekelle,Ethiopia,9e20589fcabed853,REF00000238,INV0069888,Completed
TX00000239,2025-04-15T21:26:53.920033,ACC0009293,ACC0065340,12935,ETB,12935,Transfer,Mobile Banking,DEV0042686,Adama,Ethiopia,7827d39e38e4c18e,,INV0079415,Completed
TX00000240,2023-03-21T04:05:36.996865,ACC0134761,ACC0105243,57782,ETB,57782,Withdrawal,Mobile Banking,DEV0025088,Addis Ababa,Ethiopia,92103fd2cf6ad193,,INV0029367,Failed
TX00000241,2022-08-24T21:39:49.298948,ACC0109414,ACC0114518,14465,ETB,14465,Transfer,USSD,DEV0000593,Dessie,Ethiopia,33bfcfb82b66b0c8,,INV0042730,Completed
TX00000242,2025-09-16T08:13:12.159761,ACC0136251,ACC0128567,17748,ETB,17748,Transfer,ATM,DEV0066358,Dire Dawa,Ethiopia,dd5b0fbc5d3f7cf2,REF00000242,,Completed
TX00000243,2023-09-27T05:29:00.335925,ACC0121281,ACC0062201,21185,ETB,21185,Transfer,Branch,DEV0074937,Dire Dawa,Ethiopia,8aae2fe3ec8bc024,,INV0025335,Completed
TX00000244,2023-02-15T23:59:55.104913,ACC0037279,ACC0065405,39054,ETB,39054,Mobile Money,Branch,DEV0029120,Addis Ababa,Ethiopia,ebbbd5cdb6ce50f5,,INV0095269,Completed
TX00000245,2025-04-06T11:56:37.397953,ACC0060181,ACC0104013,18414,ETB,18414,Transfer,Branch,,Dire Dawa,Ethiopia,,,,Completed
TX00000246,2023-04-06T18:40:08.052759,ACC0142956,ACC0047808,71,ETB,71,Payment,ATM,DEV0062767,Addis Ababa,Ethiopia,04592a418515c3fa,REF00000246,INV0127615,Completed
TX00000247,2024-03-06T11:04:42.352400,ACC0098875,ACC0049453,10013,EUR,620806,Payment,Mobile Banking,,Nekemte,Ethiopia,660f2706349b22ca,REF00000247,,Completed
TX00000248,2024-09-12T16:33:07.444408,ACC0131701,ACC0042793,13519,ETB,13519,Transfer,Mobile Banking,DEV0043691,Jimma,Ethiopia,9d3c23a5719184d0,,,Failed
TX00000249,2025-02-08T07:38:40.942083,ACC0127843,ACC0073569,3620,ETB,3620,Deposit,Internet Banking,DEV0036664,Addis Ababa,Ethiopia,f2fb956a0cfdd34f,,,Completed
TX00000250,2023-07-04T17:20:50.858862,ACC0066876,ACC0073149,872,ETB,872,Withdrawal,Mobile Banking,DEV0048618,Addis Ababa,Ethiopia,a749b73fbb9f59ea,REF00000250,,Completed
TX00000251,2025-05-30T17:55:05.518778,ACC0030536,ACC0132669,8178,ETB,8178,Withdrawal,POS,DEV0077658,Bishoftu,Ethiopia,813625e92b65fbe1,REF00000251,INV0002221,Failed
TX00000252,2023-01-06T17:16:08.158922,ACC0098504,ACC0033560,237,ETB,237,Salary,Mobile Banking,DEV0005067,Dilla,Ethiopia,62980eea8a07db14,,INV0086481,Completed
TX00000253,2025-07-17T14:17:19.673112,ACC0046988,ACC0122842,382,ETB,382,Mobile Money,ATM,,Bahir Dar,Ethiopia,692f2a280511c6e7,,INV0042876,Completed
TX00000254,2025-04-02T19:28:04.294668,ACC0078408,ACC0009771,67170,ETB,67170,Transfer,Mobile Banking,DEV0027165,Dilla,Ethiopia,32a4f084cbc6b4e4,,INV0041153,Completed
TX00000255,2025-11-02T11:14:39.361146,ACC0076762,ACC0040128,105,ETB,105,Payment,Mobile Banking,DEV0076813,Addis Ababa,Ethiopia,21b3465abdc5b428,,INV0025138,Completed
TX00000256,2025-05-17T11:31:34.881503,ACC0116290,ACC0101186,28949,ETB,28949,Loan Repayment,Mobile Banking,DEV0022572,Addis Ababa,Ethiopia,406cbc2c543a5617,,INV0075716,Completed
TX00000257,2024-09-16T08:16:44.620365,ACC0129543,ACC0012342,4211,ETB,4211,Deposit,Mobile Banking,DEV0054092,Nekemte,Ethiopia,d7bcccdf0f0a733d,,INV0005202,Completed
TX00000258,2023-12-24T16:46:03.678704,ACC0080078,ACC0119063,6748,EUR,418376,Withdrawal,Internet Banking,DEV0065344,Dire Dawa,Ethiopia,,,INV0036867,Completed
TX00000259,2022-09-13T05:42:48.966989,ACC0097357,ACC0042736,6969,ETB,6969,Transfer,Mobile Banking,DEV0037356,Addis Ababa,Ethiopia,,,INV0150506,Completed
TX00000260,2025-03-10T17:20:29.991959,ACC0143213,ACC0145477,5185,ETB,5185,Withdrawal,Internet Banking,,Adama,Ethiopia,8495987fac75d154,,,Completed
TX00000261,2023-07-03T00:34:50.817388,ACC0136312,ACC0067017,187205,ETB,187205,Payment,Internet Banking,DEV0020919,Shashamane,Ethiopia,0d09440a48c620c9,,INV0131559,Completed
TX00000262,2025-03-13T13:40:04.128092,ACC0040820,ACC0101278,5181,ETB,5181,Transfer,USSD,DEV0079655,Bishoftu,Ethiopia,9791b033d362d6fd,REF00000262,INV0093655,Pending
TX00000263,2024-06-07T16:22:44.231838,ACC0131448,ACC0141152,171,ETB,171,Transfer,Mobile Banking,DEV0025634,Harar,Ethiopia,c151fb1dea64f443,REF00000263,,Completed
TX00000264,2025-01-11T18:41:13.675109,ACC0018899,ACC0064734,389,ETB,389,Deposit,Mobile Banking,,Addis Ababa,Ethiopia,ea267b944223ca72,,,Completed
TX00000265,2023-09-14T15:59:41.432561,ACC0100220,ACC0137899,11329,ETB,11329,Deposit,Mobile Banking,DEV0031034,Gondar,Ethiopia,d4eaef964a4e6d0d,,INV0075062,Completed
TX00000266,2023-01-08T09:15:36.156342,ACC0018846,ACC0111249,9719,ETB,9719,Withdrawal,Branch,DEV0087645,Jimma,Ethiopia,af72d4761b749626,,INV0078450,Completed
TX00000267,2025-02-10T19:28:33.880818,ACC0063272,ACC0038399,20349,CHF,1322685,Withdrawal,Branch,DEV0024637,Hosaena,Ethiopia,86862662fe0b725e,,INV0032913,Completed
TX00000268,2023-05-22T10:11:41.618791,ACC0142922,ACC0147856,904,ETB,904,Payment,Mobile Banking,DEV0047184,Mekelle,Ethiopia,78558771d9aeae01,REF00000268,INV0056854,Completed
TX00000269,2023-12-17T04:38:29.479717,ACC0138318,ACC0137531,4902,AED,76471,Payment,ATM,DEV0035161,Dire Dawa,Ethiopia,5fecfd11ac7d8b51,,,Completed
TX00000270,2023-09-27T19:11:12.103527,ACC0086665,ACC0145756,18877,USD,1085428,Deposit,Mobile Banking,DEV0077012,Bishoftu,Ethiopia,46ae8ae24ac89dfb,,INV0089231,Completed
TX00000271,2022-11-23T14:34:02.949813,ACC0002631,ACC0013709,8389,ETB,8389,Transfer,Branch,DEV0027876,Dire Dawa,Ethiopia,8eec8a6d0a3be4bf,,,Reversed
TX00000272,2022-08-17T06:01:33.049674,ACC0106051,ACC0031862,11318,ETB,11318,Payment,ATM,DEV0037635,Addis Ababa,Ethiopia,d2ff64f0c65243a9,,INV0127352,Failed
TX00000273,2024-06-19T21:21:10.366088,ACC0035333,ACC0067769,14498,ETB,14498,Withdrawal,Internet Banking,DEV0043511,Shashamane,Ethiopia,13b7bde276907b01,REF00000273,INV0159663,Completed
TX00000274,2024-03-13T11:06:01.264350,ACC0090491,ACC0141403,1865,ETB,1865,Transfer,Mobile Banking,DEV0023040,Addis Ababa,Ethiopia,573aa2bc4cbc5b0e,,INV0032492,Completed
TX00000275,2023-04-26T10:04:36.568851,ACC0099975,ACC0036553,29841,ETB,29841,Payment,Internet Banking,DEV0079389,Mekelle,Ethiopia,813ad98f5124c1c0,REF00000275,INV0111388,Completed
TX00000276,2022-05-08T21:12:47.250450,ACC0092118,ACC0046508,2225,ETB,2225,Transfer,Mobile Banking,DEV0033796,Addis Ababa,Ethiopia,,,INV0047084,Completed
TX00000277,2022-03-23T23:17:38.745089,ACC0019027,ACC0145914,2946,ETB,2946,Payment,Mobile Banking,DEV0049074,Addis Ababa,Ethiopia,dd8d4c1b19101eb9,REF00000277,INV0056072,Completed
TX00000278,2022-05-06T23:07:41.237138,ACC0091566,ACC0143376,42592,ETB,42592,Withdrawal,POS,DEV0080624,Jimma,Ethiopia,b6f9f7cbcab9bc26,REF00000278,INV0052200,Completed
TX00000279,2024-12-08T07:11:17.818381,ACC0068688,ACC0137434,2281,ETB,2281,Transfer,Branch,DEV0068497,Dire Dawa,Ethiopia,2a8e8c4a16d4038a,,,Completed
TX00000280,2025-12-02T15:00:26.856309,ACC0082795,ACC0087773,6475,ETB,6475,Payment,Mobile Banking,DEV0024489,Mekelle,Ethiopia,6be6ba3d1a6fc4d0,,INV0110987,Completed
TX00000281,2025-03-05T04:28:16.417485,ACC0145268,ACC0099183,1388,ETB,1388,Payment,ATM,DEV0069499,Addis Ababa,Ethiopia,2569e89eef39f123,,,Completed
TX00000282,2023-12-25T08:26:15.436228,ACC0084576,ACC0134129,4059,ETB,4059,Deposit,Branch,DEV0035704,Addis Ababa,Ethiopia,88d94e015bbe0f06,,INV0077010,Completed
TX00000283,2022-11-21T11:14:26.473041,ACC0138868,ACC0137563,4546,ETB,4546,Withdrawal,ATM,DEV0053077,Adama,Ethiopia,3d3a30715bb79f35,,INV0047467,Completed
TX00000284,2023-04-13T20:07:20.391587,ACC0128184,ACC0044768,2271,ETB,2271,Withdrawal,Mobile Banking,DEV0019765,Hosaena,Ethiopia,f9177ca69bb055f0,,,Completed
TX00000285,2022-12-16T23:55:25.987853,ACC0066925,ACC0073875,11343,EUR,703266,Transfer,Mobile Banking,DEV0060737,Addis Ababa,Ethiopia,859e79d964172e48,,INV0149965,Completed
TX00000286,2023-03-14T15:13:53.030775,ACC0061922,ACC0143531,5355,ETB,5355,Transfer,Mobile Banking,,Addis Ababa,Ethiopia,a0e1af5122e29516,REF00000286,INV0127685,Completed
TX00000287,2025-09-24T23:15:12.774640,ACC0130852,ACC0067318,1574,GBP,113328,Transfer,Mobile Banking,DEV0053196,Adama,Ethiopia,768225d56c8eb1fe,,INV0127510,Completed
TX00000288,2022-11-23T02:54:54.728215,ACC0076242,ACC0025861,73247,ETB,73247,Transfer,Mobile Banking,DEV0001239,Addis Ababa,Ethiopia,d15a12fde5542ea6,REF00000288,,Completed
TX00000289,2025-06-01T21:08:15.628633,ACC0078472,ACC0043595,15693,ETB,15693,Mobile Money,USSD,DEV0068994,Shashamane,Ethiopia,47b83ebce4268061,,INV0190982,Completed
TX00000290,2023-08-16T17:23:40.142818,ACC0129058,ACC0060673,659,ETB,659,Payment,Internet Banking,DEV0003447,Arba Minch,Ethiopia,,,INV0155639,Completed
TX00000291,2022-06-18T21:40:47.489285,ACC0005105,ACC0121270,2343,ETB,2343,Deposit,Mobile Banking,DEV0014940,Hosaena,Ethiopia,e7c71096413d2317,,INV0111298,Completed
TX00000292,2022-01-31T21:43:05.888920,ACC0136516,ACC0115120,2085,ETB,2085,Withdrawal,Mobile Banking,DEV0020093,Addis Ababa,Ethiopia,630a40f3baf7d4c0,REF00000292,INV0001851,Completed
TX00000293,2022-10-24T16:10:53.722392,ACC0033983,ACC0128446,4079,ETB,4079,Transfer,Internet Banking,DEV0089092,Bahir Dar,Ethiopia,ef893467557b828d,,,Completed
TX00000294,2022-11-21T09:17:42.951642,ACC0145547,ACC0096732,7625,ETB,7625,Deposit,Mobile Banking,,Hawassa,Ethiopia,aaeae0aacda04b46,,INV0144457,Completed
TX00000295,2023-04-24T00:27:34.981991,ACC0037617,ACC0050362,8431,ETB,8431,Deposit,Branch,DEV0052510,Jimma,Ethiopia,d895d7c0bf322119,,INV0131478,Failed
TX00000296,2024-03-11T05:42:24.498839,ACC0012395,ACC0105907,12490,ETB,12490,Transfer,ATM,DEV0079214,Dire Dawa,Ethiopia,40bcf0aa2ed1f64d,,INV0038032,Pending
TX00000297,2025-02-28T09:30:07.344568,ACC0037071,ACC0094999,59294,ETB,59294,Payment,Branch,DEV0088757,Shashamane,Ethiopia,2127a75f91ca8035,REF00000297,INV0029333,Completed
TX00000298,2022-06-12T18:56:29.004472,ACC0069878,ACC0147471,9153,ETB,9153,Payment,Mobile Banking,DEV0031517,Addis Ababa,Ethiopia,e82e13cf3d460c75,REF00000298,,Completed
TX00000299,2022-12-27T16:04:54.406462,ACC0044408,ACC0110311,25187,ETB,25187,Withdrawal,Internet Banking,DEV0012722,Dire Dawa,Ethiopia,f56b616c04c83dac,REF00000299,INV0000373,Completed
TX00000300,2025-03-17T00:09:06.479500,ACC0099171,ACC0094760,7399,USD,425442,Withdrawal,Mobile Banking,DEV0043241,Dire Dawa,Ethiopia,7b15aff54d3f6ddf,REF00000300,INV0156530,Completed
TX00000301,2022-08-02T23:59:58.017090,ACC0142141,ACC0124494,176,ETB,176,Payment,POS,DEV0026329,Jimma,Ethiopia,,,INV0078794,Completed
TX00000302,2025-05-09T06:07:31.691393,ACC0131435,ACC0098024,61787,ETB,61787,Withdrawal,ATM,DEV0069123,Harar,Ethiopia,d04d9c151f7c6363,REF00000302,,Completed
TX00000303,2024-11-01T09:11:45.885983,ACC0052670,ACC0122856,722,ETB,722,Transfer,ATM,DEV0036461,Dire Dawa,Ethiopia,0056bcec11e0ccbf,,INV0042823,Completed
TX00000304,2025-12-11T14:52:26.465196,ACC0126619,ACC0105455,11812,ETB,11812,Deposit,USSD,DEV0043819,Hosaena,Ethiopia,dc2dc14c22275d8b,REF00000304,,Completed
TX00000305,2024-12-13T15:18:40.771080,ACC0126166,ACC0063816,2598,USD,149385,Transfer,Mobile Banking,,Addis Ababa,Ethiopia,690b3676a46565d7,REF00000305,INV0192111,Completed
TX00000306,2023-12-05T12:55:44.714561,ACC0036177,ACC0131226,1145,ETB,1145,Payment,Branch,DEV0034810,Jimma,Ethiopia,b60635df3dba49bf,,INV0006127,Completed
TX00000307,2024-08-07T00:41:25.026024,ACC0111460,ACC0025577,2047,ETB,2047,Transfer,Branch,,Bahir Dar,Ethiopia,157b9bb58a10bbce,REF00000307,INV0133539,Completed
TX00000308,2022-02-26T02:39:06.384494,ACC0142416,ACC0070570,24803,ETB,24803,Deposit,USSD,,Mekelle,Ethiopia,3a6a3a6d443957df,,,Completed
TX00000309,2025-01-21T03:42:53.382883,ACC0036428,ACC0055222,449,USD,25818,Payment,Mobile Banking,DEV0012723,Bahir Dar,Ethiopia,84ef5fc6c1c7eeea,,INV0044514,Completed
TX00000310,2022-07-05T19:45:52.189687,ACC0058551,ACC0048452,73783,AED,1151015,Loan Disbursement,ATM,DEV0049365,Gondar,Ethiopia,fd3be2766f97b738,,INV0060440,Completed
TX00000311,2022-06-08T00:47:05.653121,ACC0029653,ACC0004036,591,CHF,38415,Payment,ATM,DEV0039486,Addis Ababa,Ethiopia,8f7a7e8965445902,REF00000311,,Completed
TX00000312,2022-04-24T23:27:53.377222,ACC0078245,ACC0030500,8389,USD,482368,Transfer,Branch,,Dire Dawa,Ethiopia,5d1cc3f81d28e890,,,Completed
TX00000313,2024-10-01T09:00:17.464595,ACC0103604,ACC0033575,13686,ETB,13686,Loan Repayment,Branch,DEV0014100,Dire Dawa,Ethiopia,43e4264acdcf8475,,INV0186010,Completed
TX00000314,2023-10-22T09:16:13.416996,ACC0094397,ACC0011108,1674,ETB,1674,Deposit,Internet Banking,DEV0085386,Jimma,Ethiopia,f5143372c81b9595,REF00000314,INV0170264,Completed
TX00000315,2022-02-23T08:46:11.001298,ACC0137245,ACC0058529,320,ETB,320,Transfer,ATM,DEV0050686,Addis Ababa,Ethiopia,d5c2207984db2fdc,REF00000315,INV0137235,Completed
TX00000316,2025-01-17T10:52:43.626936,ACC0076277,ACC0091796,541,ETB,541,Transfer,ATM,DEV0057775,Asella,Ethiopia,684c9bc132184680,REF00000316,INV0016003,Completed
TX00000317,2024-05-30T20:04:42.356179,ACC0026511,ACC0084600,32715,ETB,32715,Payment,ATM,DEV0059055,Bishoftu,Ethiopia,,,INV0012807,Completed
TX00000318,2025-07-05T10:00:27.156311,ACC0117956,ACC0082156,625,ETB,625,Transfer,Internet Banking,DEV0045799,Addis Ababa,Ethiopia,becb337cb7ff5455,,INV0064397,Pending
TX00000319,2022-09-05T13:21:04.071430,ACC0035165,ACC0027699,37857,ETB,37857,Transfer,Branch,DEV0002811,Mekelle,Ethiopia,b7f2fb19ad3e34c9,REF00000319,INV0073110,Completed
TX00000320,2022-07-03T15:44:28.169689,ACC0100069,ACC0077199,485,ETB,485,Transfer,Mobile Banking,DEV0061311,Bahir Dar,Ethiopia,bb0dbe58b660dbd6,,INV0096401,Completed
TX00000321,2022-06-18T17:46:26.374564,ACC0040708,ACC0111682,14519,GBP,1045368,Deposit,Internet Banking,DEV0052749,Addis Ababa,Ethiopia,433e401b8454a567,,INV0042692,Completed
TX00000322,2024-01-22T10:31:04.744905,ACC0096731,ACC0070240,62013,ETB,62013,Withdrawal,Branch,DEV0059864,Mekelle,Ethiopia,484881afd3ea1fa2,REF00000322,INV0183338,Failed
TX00000323,2022-09-07T11:38:46.223546,ACC0121126,ACC0117640,466,EUR,28892,Withdrawal,ATM,DEV0022523,Shashamane,Ethiopia,f356d98706a9dc15,REF00000323,INV0132609,Completed
TX00000324,2023-12-05T18:40:17.513636,ACC0115009,ACC0038374,1789,EUR,110918,Payment,Internet Banking,DEV0080699,Addis Ababa,Ethiopia,bf3f6b0300aca796,,INV0166795,Completed
TX00000325,2025-05-05T03:18:28.422086,ACC0006786,ACC0050262,5562,ETB,5562,Payment,Branch,DEV0029480,Addis Ababa,Ethiopia,c2096852ee670c61,REF00000325,INV0035902,Completed
TX00000326,2023-08-07T03:14:56.048853,ACC0030786,ACC0144417,7477,ETB,7477,Transfer,ATM,DEV0074704,Sodo,Ethiopia,,,INV0014261,Completed
TX00000327,2023-12-13T09:00:28.037276,ACC0110858,ACC0073269,5401,ETB,5401,Bill Payment,ATM,DEV0057050,Hawassa,Ethiopia,90e5f7677cb93020,,,Completed
TX00000328,2023-11-13T01:51:07.725193,ACC0044610,ACC0122844,4218,ETB,4218,Transfer,Mobile Banking,DEV0022006,Bahir Dar,Ethiopia,e7a9c3d93ea79f7e,,INV0165093,Completed
TX00000329,2023-04-28T14:26:32.128284,ACC0104528,ACC0088293,5723,ETB,5723,Payment,Mobile Banking,DEV0029736,Gondar,Ethiopia,7d162c126eccfc8a,,INV0101740,Completed
TX00000330,2023-12-01T17:08:10.864545,ACC0045869,ACC0036883,15348,ETB,15348,Withdrawal,ATM,DEV0075704,Jijiga,Ethiopia,b188dbcbcab98cbd,,,Completed
TX00000331,2023-03-30T07:48:09.765571,ACC0077374,ACC0053389,2466,ETB,2466,Payment,Internet Banking,DEV0089535,Addis Ababa,Ethiopia,4c5c3128fb41ab1a,,INV0125201,Reversed
TX00000332,2022-10-05T02:46:40.790715,ACC0068943,ACC0003864,29576,EUR,1833712,Payment,ATM,DEV0003806,Hawassa,Ethiopia,,,,Completed
TX00000333,2024-10-23T04:46:38.286961,ACC0061245,ACC0044627,33421,ETB,33421,Deposit,Internet Banking,DEV0037263,Debre Birhan,Ethiopia,37c214b8705ca72d,,INV0095071,Completed
TX00000334,2025-08-21T04:44:41.902091,ACC0001231,ACC0083724,110647,ETB,110647,Payment,Mobile Banking,,Addis Ababa,Ethiopia,097969637172ef70,REF00000334,INV0010572,Completed
TX00000335,2023-08-20T18:25:53.447214,ACC0067117,ACC0092296,63800,ETB,63800,Deposit,Mobile Banking,DEV0060441,Bahir Dar,Ethiopia,,REF00000335,,Completed
TX00000336,2025-01-12T13:59:59.521590,ACC0087218,ACC0003221,50,GBP,3600,Payment,ATM,DEV0058120,Mekelle,Ethiopia,9c501817fd51d041,,,Completed
TX00000337,2024-12-21T11:41:37.508319,ACC0017744,ACC0147893,34202,ETB,34202,Deposit,Mobile Banking,DEV0001876,Sodo,Ethiopia,,REF00000337,INV0064396,Completed
TX00000338,2023-12-15T06:50:41.917163,ACC0027609,ACC0093426,4501,ETB,4501,Deposit,USSD,DEV0008014,Bahir Dar,Ethiopia,,,INV0118036,Completed
TX00000339,2022-04-17T08:37:18.777545,ACC0018913,ACC0065119,252066,ETB,252066,Payment,Mobile Banking,DEV0026447,Jijiga,Ethiopia,1b0dc9a999812c1f,,INV0142450,Completed
TX00000340,2024-11-29T08:08:06.575546,ACC0018811,ACC0015216,9693,ETB,9693,Payment,Mobile Banking,DEV0045791,Hawassa,Ethiopia,fd24597ce5a67692,,INV0112396,Pending
TX00000341,2024-01-30T16:23:28.016375,ACC0102030,ACC0109157,1101,ETB,1101,Mobile Money,Mobile Banking,,Bishoftu,Ethiopia,2fe6bc0875bebcfb,REF00000341,,Completed
TX00000342,2024-12-12T03:34:16.707906,ACC0129857,ACC0089903,4091,USD,235232,Transfer,USSD,DEV0009696,Addis Ababa,Ethiopia,dea64ff6bb156382,,INV0084028,Completed
TX00000343,2024-09-04T13:39:11.911376,ACC0067631,ACC0082477,40563,EUR,2514906,Deposit,USSD,DEV0073022,Dilla,Ethiopia,754b88b2dc3be59d,,INV0136560,Completed
TX00000344,2024-08-20T17:36:16.013005,ACC0004281,ACC0111521,1667,GBP,120024,Transfer,Branch,DEV0068241,Addis Ababa,Ethiopia,cab5f7447a3fd584,,INV0049460,Completed
TX00000345,2022-10-29T08:44:54.988788,ACC0066240,ACC0097998,38967,ETB,38967,Withdrawal,Internet Banking,DEV0065724,Addis Ababa,Ethiopia,1afffa2ee7315fe4,,INV0118724,Completed
TX00000346,2023-08-12T19:40:40.366009,ACC0066636,ACC0001562,56551,ETB,56551,Withdrawal,Mobile Banking,DEV0050221,Dessie,Ethiopia,9e7ed608af020203,,,Completed
TX00000347,2025-10-13T23:16:07.024878,ACC0003345,ACC0095226,26415,ETB,26415,Transfer,Mobile Banking,DEV0011872,Addis Ababa,Ethiopia,4ee532be07f005c5,REF00000347,,Completed
TX00000348,2024-03-15T22:41:25.903650,ACC0023060,ACC0069956,2665,EUR,165230,Withdrawal,Mobile Banking,DEV0076901,Hosaena,Ethiopia,,REF00000348,INV0159707,Completed
TX00000349,2025-07-22T12:50:56.675904,ACC0094233,ACC0010030,4491,ETB,4491,Payment,Branch,DEV0007156,Arba Minch,Ethiopia,4d9109ccfef279f4,REF00000349,,Completed
TX00000350,2023-05-09T19:04:13.057873,ACC0054783,ACC0105194,337,ETB,337,Withdrawal,Internet Banking,DEV0029686,Hawassa,Ethiopia,50baf0a24f1858bc,REF00000350,INV0182135,Completed
TX00000351,2023-11-08T03:02:32.561388,ACC0100831,ACC0025216,29140,ETB,29140,Transfer,Mobile Banking,DEV0057522,Addis Ababa,Ethiopia,5904be100ba767c3,,INV0056893,Pending
TX00000352,2023-02-27T07:48:06.461607,ACC0090951,ACC0017233,2460,ETB,2460,Transfer,ATM,DEV0085576,Gondar,Ethiopia,a26471a45400d330,,,Completed
TX00000353,2025-05-05T19:38:30.577248,ACC0050094,ACC0094872,113983,ETB,113983,Withdrawal,Internet Banking,DEV0016392,Dire Dawa,Ethiopia,3bab15020be3a296,,INV0092264,Reversed
TX00000354,2023-03-05T13:01:29.868577,ACC0060790,ACC0073386,111534,ETB,111534,Transfer,Branch,DEV0082613,Jimma,Ethiopia,ef96c7b63d08c452,REF00000354,INV0166560,Completed
TX00000355,2023-02-11T21:20:29.860113,ACC0073296,ACC0033930,156,ETB,156,Payment,Mobile Banking,DEV0074783,Mekelle,Ethiopia,65c3a02f36b816dc,REF00000355,INV0083276,Completed
TX00000356,2023-06-11T20:51:08.742228,ACC0015413,ACC0139070,29639,ETB,29639,Deposit,Internet Banking,DEV0025690,Shashamane,Ethiopia,,,INV0130224,Completed
TX00000357,2022-02-01T04:14:09.737647,ACC0000970,ACC0064165,695,ETB,695,Withdrawal,Branch,DEV0013346,Gondar,Ethiopia,,REF00000357,,Completed
TX00000358,2025-12-23T22:07:09.685428,ACC0041611,ACC0109459,21548,ETB,21548,Transfer,Mobile Banking,DEV0075004,Mekelle,Ethiopia,d452c21527cdcc96,REF00000358,INV0155412,Completed
TX00000359,2024-12-16T06:31:59.329781,ACC0068963,ACC0128812,6857,ETB,6857,Withdrawal,USSD,DEV0037961,Gondar,Ethiopia,beed1411d662bf9b,,INV0022687,Completed
TX00000360,2025-02-05T19:34:56.842830,ACC0018009,ACC0121464,17123,ETB,17123,Deposit,Mobile Banking,DEV0026360,Bahir Dar,Ethiopia,0d8f72cb3768e9b6,REF00000360,,Completed
TX00000361,2022-02-04T01:04:25.271021,ACC0140229,ACC0085511,10319,GBP,742968,Transfer,ATM,DEV0028534,Addis Ababa,Ethiopia,648c5defee2f736b,,,Completed
TX00000362,2023-06-19T13:40:04.377907,ACC0013404,ACC0077132,2222,ETB,2222,Withdrawal,Internet Banking,,Addis Ababa,Ethiopia,6d3fd1d64f7984c7,,INV0118343,Completed
TX00000363,2024-05-13T17:40:24.214114,ACC0139311,ACC0123302,135,ETB,135,Payment,Internet Banking,DEV0053025,Addis Ababa,Ethiopia,1bc6a7b03294f5bd,REF00000363,INV0192322,Completed
TX00000364,2023-02-19T03:26:50.357583,ACC0007801,ACC0005248,7490,ETB,7490,Payment,Internet Banking,DEV0038438,Hosaena,Ethiopia,d24e4961ee7182a9,,INV0174577,Completed
TX00000365,2024-07-09T04:28:54.255040,ACC0027276,ACC0024729,2012,USD,115690,Payment,ATM,DEV0039500,Adama,Ethiopia,,REF00000365,INV0120279,Completed
TX00000366,2024-06-04T12:07:19.238473,ACC0010363,ACC0072219,9337,ETB,9337,Deposit,Internet Banking,DEV0000055,Asella,Ethiopia,fad3775ff4044663,REF00000366,INV0073586,Completed
TX00000367,2022-03-26T16:05:50.956717,ACC0144677,ACC0079838,2653,ETB,2653,Bill Payment,Internet Banking,DEV0083601,Hosaena,Ethiopia,dd876438a2f3dea8,,INV0190202,Completed
TX00000368,2025-04-22T00:02:37.841004,ACC0009416,ACC0050957,2540,ETB,2540,Transfer,USSD,DEV0010799,Gondar,Ethiopia,,,,Failed
TX00000369,2025-02-19T15:06:36.907714,ACC0122925,ACC0084308,5778,CHF,375570,Loan Repayment,ATM,DEV0064599,Mekelle,Ethiopia,66bb483e533ff0b5,REF00000369,INV0063245,Completed
TX00000370,2024-01-09T10:11:14.434991,ACC0018640,ACC0045329,8453,ETB,8453,FX Exchange,Internet Banking,DEV0000157,Mekelle,Ethiopia,598e6c8a686a820a,,,Completed
TX00000371,2025-04-01T18:46:26.185477,ACC0087047,ACC0024354,519,ETB,519,Transfer,Branch,DEV0001365,Addis Ababa,Ethiopia,102385c6da8fac4a,,INV0181895,Completed
TX00000372,2023-01-14T19:05:43.627465,ACC0145400,ACC0004138,3792,ETB,3792,FX Exchange,Mobile Banking,DEV0009665,Addis Ababa,Ethiopia,f2868a1f4a08f0ba,,,Completed
TX00000373,2024-11-28T14:36:57.203263,ACC0065344,ACC0020891,2739,ETB,2739,Transfer,Branch,DEV0064619,Bishoftu,Ethiopia,122752f1400ba279,,INV0078318,Completed
TX00000374,2024-05-18T01:27:24.523416,ACC0009379,ACC0114047,132,ETB,132,Transfer,Mobile Banking,DEV0067121,Debre Birhan,Ethiopia,df7170ba11b837d6,,INV0004490,Completed
TX00000375,2024-10-24T13:56:30.813035,ACC0041701,ACC0138672,18091,USD,1040232,Transfer,POS,DEV0058009,Hawassa,Ethiopia,02ed35f05230c05a,,,Completed
TX00000376,2024-04-08T19:27:31.059743,ACC0106037,ACC0121224,142,USD,8165,Bill Payment,USSD,DEV0035256,Addis Ababa,Ethiopia,b9655e2cbcf55755,,INV0157120,Completed
TX00000377,2022-06-19T04:05:55.504868,ACC0005361,ACC0075752,2732,USD,157090,Payment,Branch,DEV0037508,Dire Dawa,Ethiopia,7d8cc59354454bb5,REF00000377,,Completed
TX00000378,2024-07-20T13:47:57.792732,ACC0084436,ACC0147377,15785,USD,907638,Transfer,Branch,DEV0016669,Adama,Ethiopia,0ed7d9888078714f,REF00000378,INV0167115,Completed
TX00000379,2025-07-03T18:20:39.253869,ACC0097976,ACC0108730,274,ETB,274,Transfer,Branch,DEV0087438,Addis Ababa,Ethiopia,d691bb7b10d5da05,,,Completed
TX00000380,2023-06-10T13:15:10.926916,ACC0030219,ACC0114201,342576,ETB,342576,Payment,Mobile Banking,DEV0021574,Addis Ababa,Ethiopia,ab4348f7ca1ca101,,,Completed
TX00000381,2022-01-06T22:43:14.266519,ACC0066315,ACC0070891,1387,ETB,1387,Payment,Branch,DEV0079146,Harar,Ethiopia,bb780a7b810aae44,,INV0135813,Completed
TX00000382,2024-09-14T07:19:34.527248,ACC0055256,ACC0112751,40820,ETB,40820,Deposit,Mobile Banking,DEV0081691,Addis Ababa,Ethiopia,e148f07d414a536a,REF00000382,INV0051204,Completed
TX00000383,2023-03-15T05:18:07.449986,ACC0100981,ACC0016851,79166,ETB,79166,Payment,Mobile Banking,DEV0084605,Jimma,Ethiopia,a3a1afb128e630cb,,INV0059011,Failed
TX00000384,2024-11-06T02:47:52.470093,ACC0120819,ACC0025976,10522,ETB,10522,Transfer,Mobile Banking,DEV0083824,Bishoftu,Ethiopia,275f8bfdcf529815,,,Completed
TX00000385,2025-12-28T18:41:17.661802,ACC0032560,ACC0080110,4315,ETB,4315,Payment,Mobile Banking,DEV0060965,Bishoftu,Ethiopia,b81458d4e00eeed6,REF00000385,,Completed
TX00000386,2025-07-11T07:07:41.503653,ACC0017529,ACC0138950,5804,ETB,5804,Deposit,Internet Banking,DEV0059327,Bishoftu,Ethiopia,d6ecc70bcf0d8c81,REF00000386,INV0135163,Completed
TX00000387,2022-04-30T12:50:16.867192,ACC0069551,ACC0127410,6297,ETB,6297,Transfer,Mobile Banking,DEV0034492,Addis Ababa,Ethiopia,f6e5ee1a73aab584,,,Completed
TX00000388,2023-07-13T20:45:34.468829,ACC0133614,ACC0016590,6147,ETB,6147,Deposit,Branch,DEV0083951,Addis Ababa,Ethiopia,a06cf2609b9459e5,,,Completed
TX00000389,2024-06-25T09:07:39.970731,ACC0148328,ACC0017060,36226,ETB,36226,Withdrawal,ATM,DEV0003220,Dire Dawa,Ethiopia,bdeb609d1a730c87,,INV0056555,Completed
TX00000390,2024-01-13T14:36:06.090640,ACC0080466,ACC0017934,303,USD,17422,Deposit,Mobile Banking,DEV0029597,Bishoftu,Ethiopia,4306c552cb32c493,,INV0027238,Completed
TX00000391,2025-06-18T06:35:14.708033,ACC0028427,ACC0069619,4378,ETB,4378,Transfer,Mobile Banking,DEV0051222,Nekemte,Ethiopia,,REF00000391,INV0086691,Completed
TX00000392,2023-11-08T23:36:06.928323,ACC0025925,ACC0072086,40994,ETB,40994,Transfer,Mobile Banking,DEV0037863,Dilla,Ethiopia,,,INV0045335,Completed
TX00000393,2025-05-07T20:47:22.774680,ACC0082783,ACC0031469,18296,ETB,18296,Payment,Branch,DEV0010198,Addis Ababa,Ethiopia,3c5641f9c61131bb,REF00000393,INV0031792,Completed
TX00000394,2025-08-20T13:07:00.220611,ACC0051797,ACC0071675,35071,ETB,35071,Deposit,Branch,DEV0035231,Addis Ababa,Ethiopia,,REF00000394,,Completed
TX00000395,2024-01-29T19:06:57.880819,ACC0025959,ACC0113748,900,USD,51750,Payment,ATM,DEV0036736,Hawassa,Ethiopia,8f0a189b83e13065,REF00000395,INV0171151,Failed
TX00000396,2025-07-24T22:38:05.319493,ACC0041054,ACC0099954,271,ETB,271,Loan Repayment,Internet Banking,DEV0045101,Hosaena,Ethiopia,efd821fd25df6fa9,,,Completed
TX00000397,2025-12-11T23:23:41.448337,ACC0135319,ACC0122481,581,ETB,581,Withdrawal,Internet Banking,DEV0052024,Asella,Ethiopia,a6edae8c4c2256fd,,,Pending
TX00000398,2023-04-02T01:02:43.421388,ACC0062301,ACC0026541,210697,ETB,210697,Mobile Money,Branch,,Mekelle,Ethiopia,13bcbed1c7057bff,,INV0032624,Reversed
TX00000399,2022-10-13T21:22:07.747889,ACC0049852,ACC0029878,52803,ETB,52803,Payment,ATM,DEV0005169,Addis Ababa,Ethiopia,9a003be909c97828,,,Completed
TX00000400,2022-07-13T12:23:04.027958,ACC0061722,ACC0012800,44977,ETB,44977,Payment,USSD,DEV0047777,Dire Dawa,Ethiopia,bec7f85ed843190e,,INV0081604,Pending
TX00000401,2023-03-09T19:30:11.082021,ACC0114422,ACC0145367,26846,EUR,1664452,Deposit,Mobile Banking,DEV0062628,Addis Ababa,Ethiopia,8602d7090c4b607c,,INV0068092,Completed
TX00000402,2024-12-17T02:23:31.350393,ACC0107194,ACC0099820,66010,ETB,66010,Transfer,ATM,DEV0005944,Addis Ababa,Ethiopia,176c0bda2802cf04,,,Completed
TX00000403,2025-12-13T06:48:24.945689,ACC0146486,ACC0025897,4024,ETB,4024,Withdrawal,Branch,DEV0054815,Addis Ababa,Ethiopia,f5abbf06f7d1e205,,INV0036047,Completed
TX00000404,2024-01-11T13:26:31.531762,ACC0029905,ACC0113453,4972,ETB,4972,Withdrawal,Internet Banking,DEV0041477,Bishoftu,Ethiopia,ad75e2704a6b944d,REF00000404,INV0180255,Completed
TX00000405,2025-11-10T13:46:23.780482,ACC0104463,ACC0129769,2503,ETB,2503,Payment,POS,DEV0080015,Jimma,Ethiopia,6ab287b703d5feff,,INV0131271,Completed
TX00000406,2025-05-16T07:32:20.882033,ACC0103786,ACC0071193,16193,EUR,1003966,Transfer,Branch,DEV0082166,Addis Ababa,Ethiopia,d95e80d1b12f7585,,INV0039225,Completed
TX00000407,2024-11-07T12:02:31.194991,ACC0099145,ACC0056091,9607,ETB,9607,Deposit,ATM,DEV0013854,Mekelle,Ethiopia,094d0dc47a9b5620,REF00000407,,Completed
TX00000408,2022-04-04T19:34:28.544031,ACC0038556,ACC0117985,12622,USD,725765,Mobile Money,ATM,DEV0014103,Adama,Ethiopia,,REF00000408,,Completed
TX00000409,2022-05-08T18:56:04.460291,ACC0049175,ACC0050036,26967,USD,1550602,Deposit,ATM,DEV0055150,Mekelle,Ethiopia,be9ba2cd0335a8d3,,INV0032214,Completed
TX00000410,2025-03-25T12:04:26.939944,ACC0000381,ACC0003208,2893,ETB,2893,Deposit,ATM,DEV0068836,Gondar,Ethiopia,ee67f18cf5eebcfa,,INV0168594,Completed
TX00000411,2022-09-23T14:06:02.960740,ACC0014132,ACC0149714,3049,ETB,3049,Payment,Branch,DEV0070436,Gondar,Ethiopia,,,INV0042818,Completed
TX00000412,2022-06-17T23:45:41.172124,ACC0069088,ACC0019855,1093,ETB,1093,Withdrawal,Mobile Banking,DEV0028902,Dire Dawa,Ethiopia,2ef95fa894e3a765,,,Completed
TX00000413,2023-09-21T10:15:44.934604,ACC0035212,ACC0002735,15246,ETB,15246,Withdrawal,ATM,DEV0071889,Hosaena,Ethiopia,32d7ad3ec35541e5,REF00000413,INV0183096,Completed
TX00000414,2024-10-24T13:02:23.398819,ACC0025458,ACC0107765,11711,USD,673382,Withdrawal,POS,DEV0076472,Shashamane,Ethiopia,56e5b38ca5ac5255,REF00000414,INV0151421,Reversed
TX00000415,2023-07-15T11:47:10.537669,ACC0061207,ACC0090367,73168,ETB,73168,Transfer,Branch,DEV0055695,Mekelle,Ethiopia,5a21972265717e94,,INV0080398,Completed
TX00000416,2022-07-25T01:39:21.170156,ACC0043596,ACC0012709,816,ETB,816,Withdrawal,Mobile Banking,DEV0038336,Nekemte,Ethiopia,fdeb123fffac59f8,,,Completed
TX00000417,2023-05-01T13:19:49.466027,ACC0032311,ACC0147027,9980,ETB,9980,Deposit,Mobile Banking,DEV0024280,Bahir Dar,Ethiopia,81c0223b3cfbda13,,INV0185970,Completed
TX00000418,2024-03-04T18:34:25.517992,ACC0053798,ACC0053881,7908,ETB,7908,Bill Payment,Internet Banking,DEV0014754,Bahir Dar,Ethiopia,,,,Completed
TX00000419,2022-09-07T01:58:52.194082,ACC0063372,ACC0031665,96787,ETB,96787,Withdrawal,Mobile Banking,DEV0014006,Addis Ababa,Ethiopia,95b7604bb8de9540,REF00000419,INV0196595,Completed
TX00000420,2025-07-11T07:41:43.719732,ACC0148631,ACC0144987,5601,ETB,5601,Deposit,Branch,DEV0008494,Addis Ababa,Ethiopia,1a6fe5b80d8b05a5,REF00000420,INV0125116,Completed
TX00000421,2022-03-31T05:25:28.805146,ACC0056489,ACC0090090,7486,ETB,7486,Mobile Money,Branch,DEV0068893,Addis Ababa,Ethiopia,0aedc02e94fbeed1,REF00000421,INV0011465,Completed
TX00000422,2023-07-17T18:13:08.263522,ACC0112011,ACC0144097,1084,EUR,67208,Payment,Branch,DEV0050280,Sodo,Ethiopia,edf27ad26d75d6e9,REF00000422,,Completed
TX00000423,2025-02-08T08:27:40.578029,ACC0100296,ACC0086832,26621,ETB,26621,Payment,Mobile Banking,DEV0061591,Hosaena,Ethiopia,cacdbc74d6eb3981,,INV0163938,Completed
TX00000424,2025-10-17T02:23:07.288835,ACC0125058,ACC0018014,10908,ETB,10908,Payment,Mobile Banking,DEV0002926,Bishoftu,Ethiopia,8a818a5c1ab290f5,,INV0197093,Completed
TX00000425,2024-12-17T04:36:32.801329,ACC0072386,ACC0103662,2161,ETB,2161,Mobile Money,ATM,,Bahir Dar,Ethiopia,c86fa195393596a5,,INV0016310,Completed
TX00000426,2022-03-07T04:34:11.415559,ACC0037287,ACC0066462,7247,ETB,7247,Payment,Branch,DEV0081857,Addis Ababa,Ethiopia,cdc35f2063944572,,INV0074410,Completed
TX00000427,2023-04-04T20:30:04.809731,ACC0014440,ACC0026267,1505,ETB,1505,Withdrawal,ATM,DEV0022209,Dessie,Ethiopia,57d95a3a3d129689,,INV0075431,Completed
TX00000428,2023-11-05T10:41:51.407199,ACC0076370,ACC0050720,714,ETB,714,Payment,Mobile Banking,DEV0034650,Adama,Ethiopia,,,INV0092361,Completed
TX00000429,2022-12-10T12:53:56.594155,ACC0012134,ACC0126105,134267,ETB,134267,Transfer,Mobile Banking,DEV0073568,Addis Ababa,Ethiopia,ec7d5b5b3913e9a8,,,Completed
TX00000430,2022-07-23T02:00:04.505519,ACC0086171,ACC0120407,1753,USD,100798,Deposit,Branch,DEV0068387,Addis Ababa,Ethiopia,3642ee6092eba532,,INV0025992,Completed
TX00000431,2023-06-01T03:58:48.748218,ACC0049336,ACC0031982,4315,EUR,267530,Payment,ATM,DEV0032305,Addis Ababa,Ethiopia,2650eb0bb1d05ed9,,INV0166768,Completed
TX00000432,2023-01-07T08:53:40.818968,ACC0075475,ACC0071435,6413,ETB,6413,Bill Payment,Mobile Banking,DEV0089991,Addis Ababa,Ethiopia,5e7bc807755d2fe5,REF00000432,INV0062752,Completed
TX00000433,2022-07-24T02:42:32.856441,ACC0042645,ACC0129093,262344,ETB,262344,Deposit,Mobile Banking,DEV0000003,Addis Ababa,Ethiopia,,,INV0139730,Completed
TX00000434,2023-02-12T06:06:08.472425,ACC0114520,ACC0142163,7068,ETB,7068,Deposit,USSD,,Dilla,Ethiopia,0a3379c018558fa8,,INV0114681,Completed
TX00000435,2023-11-07T14:47:19.952681,ACC0109971,ACC0004253,5993,ETB,5993,Withdrawal,ATM,DEV0079347,Adama,Ethiopia,08910e4601870b8c,,,Completed
TX00000436,2023-06-06T02:13:58.414744,ACC0064751,ACC0138176,381,ETB,381,Deposit,ATM,DEV0048127,Dire Dawa,Ethiopia,,REF00000436,,Completed
TX00000437,2022-11-14T16:57:26.647305,ACC0029384,ACC0008171,85368,EUR,5292816,Transfer,Internet Banking,,Dire Dawa,Ethiopia,,REF00000437,INV0113137,Completed
TX00000438,2024-09-28T06:03:01.899556,ACC0016154,ACC0055594,11996,USD,689770,Payment,ATM,DEV0053622,Addis Ababa,Ethiopia,f81a5001221d9892,REF00000438,,Completed
TX00000439,2024-07-20T00:14:32.792124,ACC0067148,ACC0013711,119,ETB,119,Loan Disbursement,Branch,DEV0066575,Sodo,Ethiopia,af0e6906a7018536,,INV0024332,Completed
TX00000440,2022-03-20T18:40:33.586917,ACC0100015,ACC0025066,11215,ETB,11215,Payment,POS,DEV0086316,Hawassa,Ethiopia,679a73feb0f39929,,INV0013974,Completed
TX00000441,2024-09-07T06:14:52.230180,ACC0114105,ACC0049994,99079,ETB,99079,Salary,Mobile Banking,,Dire Dawa,Ethiopia,16c207be554eb22a,REF00000441,,Completed
TX00000442,2025-08-30T20:06:04.946980,ACC0121385,ACC0084499,5327,ETB,5327,Payment,ATM,DEV0011067,Hawassa,Ethiopia,c68c1d6745b971bd,REF00000442,INV0108261,Completed
TX00000443,2022-12-04T18:13:39.843990,ACC0091499,ACC0098864,168378,ETB,168378,Loan Repayment,USSD,DEV0007550,Hawassa,Ethiopia,24c7f08446db748e,,INV0150124,Completed
TX00000444,2024-07-25T09:09:31.251885,ACC0001450,ACC0149221,1813,ETB,1813,Withdrawal,USSD,DEV0085498,Dire Dawa,Ethiopia,,,INV0199808,Completed
TX00000445,2024-01-13T08:03:45.295985,ACC0141429,ACC0012882,62,ETB,62,Transfer,Internet Banking,DEV0004039,Addis Ababa,Ethiopia,898f2d0400b81557,REF00000445,INV0005705,Reversed
TX00000446,2025-03-08T01:53:01.565316,ACC0012977,ACC0094423,2817,ETB,2817,Payment,ATM,DEV0044772,Addis Ababa,Ethiopia,db0a53c6be4c5847,,INV0048346,Completed
TX00000447,2024-06-08T08:45:22.810771,ACC0022672,ACC0128883,5249,ETB,5249,Transfer,Branch,DEV0037519,Arba Minch,Ethiopia,,,INV0193333,Completed
TX00000448,2024-08-28T18:46:29.652946,ACC0108220,ACC0130427,1160,ETB,1160,Withdrawal,Mobile Banking,DEV0026735,Addis Ababa,Ethiopia,861312fcc1d59663,REF00000448,INV0124298,Completed
TX00000449,2024-03-19T17:03:26.745124,ACC0122518,ACC0104223,647,ETB,647,Payment,Branch,DEV0052475,Dire Dawa,Ethiopia,,,,Completed
TX00000450,2025-03-11T02:11:33.503142,ACC0119949,ACC0137499,476,ETB,476,Withdrawal,ATM,DEV0066326,Addis Ababa,Ethiopia,60e78e1405980425,,,Completed
TX00000451,2025-10-29T01:45:15.023759,ACC0147290,ACC0113892,14210,ETB,14210,Deposit,Mobile Banking,DEV0085921,Addis Ababa,Ethiopia,d04dbcf2cf08dc8f,,INV0144572,Completed
TX00000452,2024-07-20T18:53:49.836317,ACC0056756,ACC0029805,600,ETB,600,Withdrawal,Internet Banking,DEV0009306,Dire Dawa,Ethiopia,4ff6bd5c3870cff8,,INV0161712,Completed
TX00000453,2025-10-16T20:39:53.684059,ACC0106192,ACC0028460,6721,ETB,6721,Transfer,Internet Banking,DEV0060297,Dessie,Ethiopia,1e8bbc02d26878da,,INV0066621,Completed
TX00000454,2024-02-01T23:44:14.652016,ACC0047282,ACC0112031,279,EUR,17298,Payment,ATM,DEV0083189,Adama,Ethiopia,9f72c1d32d46549f,,INV0124415,Completed
TX00000455,2025-07-16T17:31:25.146603,ACC0022126,ACC0036348,6000,ETB,6000,Withdrawal,Internet Banking,DEV0021559,Dilla,Ethiopia,7850b71df40be225,,INV0004343,Completed
TX00000456,2025-11-27T20:52:32.888562,ACC0084268,ACC0122239,10635,ETB,10635,Deposit,Mobile Banking,DEV0015997,Mekelle,Ethiopia,502d2100be3d03e8,,INV0157488,Reversed
TX00000457,2022-11-09T19:56:19.120415,ACC0136299,ACC0098855,2208,USD,126960,Payment,Mobile Banking,DEV0026036,Addis Ababa,Ethiopia,81257e92ddf4cb99,,,Completed
TX00000458,2024-10-01T01:37:49.360182,ACC0042676,ACC0126117,659,ETB,659,Payment,Internet Banking,DEV0034190,Dilla,Ethiopia,30b465c7e6542ba9,,INV0152733,Completed
TX00000459,2022-04-10T20:51:43.216426,ACC0113405,ACC0119655,148242,ETB,148242,Deposit,ATM,,Gondar,Ethiopia,84191f8d0dcf45b4,,INV0179004,Completed
TX00000460,2025-09-18T19:52:03.363484,ACC0031348,ACC0072994,380,ETB,380,Payment,ATM,DEV0032058,Addis Ababa,Ethiopia,eb6fc9d90fc1a103,,,Completed
TX00000461,2023-05-04T12:16:02.577856,ACC0149241,ACC0149631,440,ETB,440,Withdrawal,ATM,,Harar,Ethiopia,cbeb0290395e3e2f,REF00000461,INV0011697,Completed
TX00000462,2025-10-04T23:59:39.663533,ACC0076633,ACC0073662,15795,ETB,15795,Mobile Money,Internet Banking,DEV0002504,Hawassa,Ethiopia,4063fa22ad21dbce,,,Completed
TX00000463,2022-01-26T02:54:28.993239,ACC0116346,ACC0145349,455,ETB,455,Loan Repayment,USSD,DEV0056905,Dire Dawa,Ethiopia,,,INV0092750,Completed
TX00000464,2022-09-09T07:04:26.016902,ACC0132380,ACC0078507,9755,ETB,9755,Transfer,Internet Banking,DEV0074084,Jimma,Ethiopia,79f1f64ca7110435,,INV0055117,Completed
TX00000465,2022-12-31T05:10:26.199016,ACC0019941,ACC0120119,7751,ETB,7751,Deposit,Internet Banking,DEV0049433,Addis Ababa,Ethiopia,a89094cc640e5289,,INV0073412,Completed
TX00000466,2023-01-08T08:00:29.283499,ACC0106830,ACC0079471,1270,USD,73025,Transfer,USSD,DEV0071714,Nekemte,Ethiopia,,REF00000466,INV0028761,Completed
TX00000467,2022-09-14T06:30:30.499675,ACC0035997,ACC0099660,426,ETB,426,Deposit,Mobile Banking,DEV0049693,Dire Dawa,Ethiopia,5bbb0256cb451a38,,,Failed
TX00000468,2022-08-30T22:46:12.464254,ACC0025189,ACC0068432,6308,ETB,6308,Transfer,ATM,DEV0059896,Arba Minch,Ethiopia,e57f40963c1d73e5,,INV0139039,Completed
TX00000469,2022-05-11T20:28:06.608142,ACC0046983,ACC0011131,6737,ETB,6737,Withdrawal,Internet Banking,,Bahir Dar,Ethiopia,bad0a24287c13fe4,,,Completed
TX00000470,2024-08-03T21:38:22.917378,ACC0052296,ACC0115312,2166,ETB,2166,Transfer,Mobile Banking,DEV0059430,Jijiga,Ethiopia,c94d7081501e040a,,,Completed
TX00000471,2024-06-01T16:00:45.426327,ACC0025854,ACC0117856,59306,ETB,59306,Payment,POS,DEV0058503,Addis Ababa,Ethiopia,81272fbf05280cc8,REF00000471,INV0001220,Completed
TX00000472,2024-05-04T08:09:38.835696,ACC0118090,ACC0142712,557,ETB,557,Mobile Money,Branch,DEV0080945,Hawassa,Ethiopia,0d875be9ca364bd7,,,Completed
TX00000473,2022-03-16T08:17:34.166973,ACC0101180,ACC0028860,31258,ETB,31258,Deposit,Mobile Banking,DEV0057951,Adama,Ethiopia,2ad07693353918dd,,INV0028722,Completed
TX00000474,2023-10-23T00:35:31.826936,ACC0134526,ACC0105038,2285,ETB,2285,Mobile Money,Branch,DEV0029908,Addis Ababa,Ethiopia,2e0a425584ab5420,REF00000474,INV0152700,Completed
TX00000475,2025-05-27T05:50:11.317166,ACC0123319,ACC0039536,10198,ETB,10198,Transfer,ATM,,Arba Minch,Ethiopia,7ec9d96d39ff29a2,,INV0035520,Completed
TX00000476,2022-07-14T12:15:50.828313,ACC0009620,ACC0013254,1173,ETB,1173,Deposit,Branch,DEV0026391,Jimma,Ethiopia,c383d1f02e2c9dfd,,,Completed
TX00000477,2024-01-19T08:40:41.076776,ACC0060099,ACC0046186,281,ETB,281,Transfer,Internet Banking,DEV0060022,Hosaena,Ethiopia,60da38f0b695f30e,REF00000477,,Completed
TX00000478,2024-11-28T15:40:13.231056,ACC0037387,ACC0074929,9131,ETB,9131,Transfer,Mobile Banking,DEV0002418,Bahir Dar,Ethiopia,,REF00000478,,Completed
TX00000479,2025-11-02T12:53:19.434643,ACC0013354,ACC0013866,1449,EUR,89838,Transfer,ATM,DEV0011383,Shashamane,Ethiopia,96dabfab143138e9,,,Completed
TX00000480,2025-09-17T05:06:09.768804,ACC0140514,ACC0118201,215,EUR,13330,Withdrawal,Internet Banking,DEV0064708,Bahir Dar,Ethiopia,59ac38e56edd3eb3,,INV0180730,Completed
TX00000481,2022-12-28T10:36:44.493244,ACC0026165,ACC0063085,3903,ETB,3903,Payment,Internet Banking,,Addis Ababa,Ethiopia,13b2e1f66ce5f08a,REF00000481,,Completed
TX00000482,2023-02-27T10:23:13.264623,ACC0088185,ACC0050863,17794,ETB,17794,Transfer,Internet Banking,DEV0031841,Hawassa,Ethiopia,d70870e586bf0b52,,,Completed
TX00000483,2023-06-17T00:10:52.646872,ACC0008825,ACC0140366,12752,GBP,918144,Withdrawal,Branch,DEV0053342,Nekemte,Ethiopia,959c3e0d8a0a59ce,,,Completed
TX00000484,2025-01-10T19:52:07.995542,ACC0004667,ACC0035924,20002,ETB,20002,Withdrawal,Mobile Banking,DEV0004781,Mekelle,Ethiopia,e74a89dda3881424,REF00000484,,Failed
TX00000485,2023-05-17T13:44:59.300670,ACC0022136,ACC0091405,50,ETB,50,Withdrawal,Branch,DEV0030426,Addis Ababa,Ethiopia,9c4c7bf022bee4db,,INV0069877,Completed
TX00000486,2022-06-27T02:42:45.488233,ACC0108152,ACC0133965,321,ETB,321,Transfer,USSD,DEV0051555,Addis Ababa,Ethiopia,,,,Completed
TX00000487,2024-05-06T02:38:43.547261,ACC0024082,ACC0032359,17566,ETB,17566,Payment,Mobile Banking,DEV0030355,Adama,Ethiopia,,,INV0155589,Completed
TX00000488,2025-09-23T16:20:58.637333,ACC0016543,ACC0122394,545,ETB,545,Payment,Internet Banking,DEV0085080,Adama,Ethiopia,13dd68777373ecad,REF00000488,INV0114338,Completed
TX00000489,2023-09-03T06:04:55.779525,ACC0049923,ACC0075422,3161,ETB,3161,Payment,Mobile Banking,DEV0005504,Dire Dawa,Ethiopia,6c22917543c120b3,REF00000489,,Completed
TX00000490,2022-01-04T07:59:01.946003,ACC0141319,ACC0034867,1449,AED,22604,Transfer,Mobile Banking,DEV0031785,Adama,Ethiopia,e0a0e88c9bc7f610,REF00000490,INV0047810,Completed
TX00000491,2024-05-08T00:10:04.731697,ACC0062980,ACC0067920,8007,ETB,8007,Transfer,Mobile Banking,DEV0064671,Addis Ababa,Ethiopia,fdfa8d8f74acee70,,,Pending
TX00000492,2025-09-06T00:09:09.159766,ACC0021974,ACC0068052,71432,ETB,71432,Withdrawal,Internet Banking,DEV0089260,Dilla,Ethiopia,8e1caccd4e175f7a,,INV0199155,Completed
TX00000493,2024-04-23T04:03:46.259334,ACC0133725,ACC0046834,3782,ETB,3782,Transfer,Mobile Banking,,Sodo,Ethiopia,,,INV0024697,Completed
TX00000494,2023-10-30T08:02:19.868220,ACC0112730,ACC0130011,1309,ETB,1309,Withdrawal,Mobile Banking,DEV0020045,Bahir Dar,Ethiopia,,REF00000494,,Completed
TX00000495,2025-06-18T02:25:02.913417,ACC0075551,ACC0147551,6764,ETB,6764,Deposit,Internet Banking,DEV0081998,Jijiga,Ethiopia,,REF00000495,,Completed
TX00000496,2023-12-09T11:01:19.984903,ACC0020709,ACC0077844,2326,ETB,2326,Payment,Mobile Banking,DEV0010705,Addis Ababa,Ethiopia,3a7e3ca4fb212caf,,INV0117107,Completed
TX00000497,2025-02-19T06:40:19.225164,ACC0028761,ACC0007691,2010,USD,115575,Payment,ATM,DEV0040475,Addis Ababa,Ethiopia,,,INV0116572,Completed
TX00000498,2025-01-17T10:24:29.449772,ACC0056016,ACC0016485,35554,ETB,35554,Payment,ATM,DEV0042165,Shashamane,Ethiopia,d9b1a592fbc970c8,REF00000498,INV0153390,Completed
TX00000499,2023-02-18T06:23:34.152862,ACC0099511,ACC0026925,20715,ETB,20715,Deposit,Internet Banking,DEV0055676,Addis Ababa,Ethiopia,fe431bd3cbdfb517,,,Completed
TX00000500,2024-05-16T13:53:57.846618,ACC0003810,ACC0115697,415,ETB,415,Withdrawal,Mobile Banking,DEV0020513,Mekelle,Ethiopia,4f78b0d7726c0539,,INV0059190,Completed
TX00000501,2025-01-10T22:04:17.262986,ACC0064761,ACC0108671,459,ETB,459,Payment,Mobile Banking,DEV0018578,Gondar,Ethiopia,73f3959de5b6edbb,,INV0086956,Completed
TX00000502,2025-12-07T10:32:57.933177,ACC0133599,ACC0130013,5784,ETB,5784,Withdrawal,Internet Banking,DEV0041198,Arba Minch,Ethiopia,7bea9778e9418609,REF00000502,INV0145336,Completed
TX00000503,2025-03-01T14:32:25.441087,ACC0110082,ACC0073269,8351,ETB,8351,Withdrawal,Mobile Banking,DEV0031761,Nekemte,Ethiopia,a1aa1f9267c51953,,INV0128983,Completed
TX00000504,2023-03-12T04:11:32.805887,ACC0113147,ACC0078506,36937,ETB,36937,Payment,ATM,DEV0060055,Debre Birhan,Ethiopia,b332f2c10b2240b1,,INV0180596,Completed
TX00000505,2025-08-18T01:00:46.978585,ACC0128832,ACC0061298,3283,ETB,3283,Payment,Mobile Banking,,Bahir Dar,Ethiopia,7f19d586e628c9af,,INV0197872,Completed
TX00000506,2025-12-08T11:22:11.074811,ACC0054261,ACC0108029,1159,ETB,1159,Deposit,USSD,DEV0022701,Bahir Dar,Ethiopia,6f0566b7b22a10ed,REF00000506,,Completed
TX00000507,2025-12-16T05:32:24.613869,ACC0022287,ACC0042929,4517,ETB,4517,Withdrawal,Branch,DEV0062040,Addis Ababa,Ethiopia,cf64ec5b6c586300,,,Completed
TX00000508,2024-11-12T23:11:10.382984,ACC0010834,ACC0082867,15881,ETB,15881,Payment,Mobile Banking,DEV0078432,Asella,Ethiopia,374a88bb581b1ec1,,INV0000738,Completed
TX00000509,2025-06-03T09:12:08.866448,ACC0134390,ACC0054450,2426,AED,37846,Withdrawal,ATM,DEV0080702,Gondar,Ethiopia,e16f7f063766c8b0,,INV0114067,Completed
TX00000510,2024-04-25T04:52:02.988125,ACC0000822,ACC0020120,57654,ETB,57654,Payment,ATM,DEV0074297,Gondar,Ethiopia,c49694140894b16b,,INV0001199,Completed
TX00000511,2024-05-20T17:56:53.056159,ACC0034342,ACC0144202,45842,AED,715135,Transfer,ATM,DEV0042828,Jijiga,Ethiopia,7ac1bf43d8cb974e,,INV0025818,Completed
TX00000512,2025-12-09T06:28:11.667100,ACC0020011,ACC0093902,321,ETB,321,Deposit,Mobile Banking,DEV0037509,Adama,Ethiopia,7286efc8b378dfc1,,,Completed
TX00000513,2023-12-31T20:57:41.875389,ACC0089974,ACC0094746,2273,ETB,2273,Transfer,ATM,DEV0037836,Hawassa,Ethiopia,3c084465cb7f8fc7,REF00000513,INV0062807,Completed
TX00000514,2024-01-28T10:45:38.694002,ACC0122777,ACC0077418,887,ETB,887,Payment,Mobile Banking,DEV0032108,Dire Dawa,Ethiopia,3c716406eef04127,REF00000514,INV0027624,Completed
TX00000515,2023-01-06T14:32:02.403438,ACC0102994,ACC0089303,1140,ETB,1140,Transfer,Mobile Banking,,Addis Ababa,Ethiopia,43cad2edb87ff107,,INV0180280,Completed
TX00000516,2024-02-18T15:22:43.547464,ACC0018931,ACC0067499,69998,AED,1091969,Withdrawal,ATM,,Hawassa,Ethiopia,5579d891604e4066,,INV0089405,Pending
TX00000517,2024-04-23T20:37:07.571343,ACC0034857,ACC0125404,22177,ETB,22177,FX Exchange,Internet Banking,DEV0013255,Addis Ababa,Ethiopia,7cd67f74b02cc02a,,,Completed
TX00000518,2023-02-07T20:49:59.104750,ACC0051858,ACC0139253,15345,ETB,15345,Transfer,ATM,DEV0089640,Addis Ababa,Ethiopia,b2c4129c12cb0c65,,,Completed
TX00000519,2023-04-30T06:44:11.229601,ACC0133812,ACC0067460,17155,USD,986412,Withdrawal,Internet Banking,DEV0017058,Dessie,Ethiopia,60b44729bfe5417b,,,Completed
TX00000520,2022-01-25T00:35:02.065454,ACC0065326,ACC0148813,146442,ETB,146442,Payment,Mobile Banking,DEV0023928,Shashamane,Ethiopia,,REF00000520,,Completed
TX00000521,2023-03-20T16:44:33.545227,ACC0049019,ACC0036718,123463,ETB,123463,Payment,Branch,DEV0073902,Dire Dawa,Ethiopia,,,INV0002046,Completed
TX00000522,2025-01-04T14:37:48.620012,ACC0041778,ACC0129098,707,ETB,707,Payment,Mobile Banking,DEV0079020,Mekelle,Ethiopia,7a2d0059988db721,,INV0151550,Completed
TX00000523,2025-08-29T19:26:10.475185,ACC0001130,ACC0091377,8802,ETB,8802,Withdrawal,Branch,DEV0037084,Addis Ababa,Ethiopia,95eed2e30f2516ae,,INV0125669,Completed
TX00000524,2022-06-09T05:31:33.859018,ACC0005993,ACC0067398,1532,EUR,94984,Transfer,Branch,DEV0024231,Dessie,Ethiopia,,,INV0001371,Completed
TX00000525,2024-12-17T18:55:47.153791,ACC0085844,ACC0132785,4337,ETB,4337,Transfer,Mobile Banking,DEV0087664,Addis Ababa,Ethiopia,,,INV0089016,Reversed
TX00000526,2023-11-04T16:19:11.310374,ACC0061570,ACC0087407,63029,EUR,3907798,Deposit,Internet Banking,DEV0050065,Jimma,Ethiopia,be9046c18d9154a3,REF00000526,,Completed
TX00000527,2022-08-13T16:54:20.654800,ACC0136779,ACC0023220,9171,ETB,9171,Transfer,Internet Banking,DEV0031098,Dessie,Ethiopia,e07fa9943469a2ce,REF00000527,,Completed
TX00000528,2024-03-10T01:16:00.715295,ACC0010735,ACC0032021,12371,ETB,12371,Deposit,Branch,,Mekelle,Ethiopia,8f3982f8e1003b8a,,INV0023753,Completed
TX00000529,2024-05-23T06:37:00.323836,ACC0077310,ACC0075359,1310,ETB,1310,Loan Disbursement,ATM,DEV0020584,Jijiga,Ethiopia,4b751163a3130735,REF00000529,INV0097460,Completed
TX00000530,2022-12-22T02:56:45.621885,ACC0057024,ACC0055220,1076,ETB,1076,Mobile Money,ATM,DEV0059630,Jimma,Ethiopia,2935ed94660ee546,,,Completed
TX00000531,2022-01-08T13:40:01.093275,ACC0118548,ACC0041298,100048,ETB,100048,Deposit,Mobile Banking,DEV0035055,Addis Ababa,Ethiopia,f4e77e353b7e6e1d,,INV0109212,Completed
TX00000532,2022-01-10T05:06:49.028888,ACC0004674,ACC0136496,113,ETB,113,Payment,Branch,DEV0005196,Shashamane,Ethiopia,11d4c92e3b7f98c7,REF00000532,,Failed
TX00000533,2022-03-28T10:44:59.165935,ACC0027201,ACC0022440,870,EUR,53940,Transfer,ATM,,Addis Ababa,Ethiopia,,,INV0094987,Completed
TX00000534,2023-02-05T01:30:04.656326,ACC0038033,ACC0006854,408,ETB,408,Payment,USSD,DEV0011014,Addis Ababa,Ethiopia,61db23c8531998e9,,INV0127559,Completed
TX00000535,2025-04-14T07:40:43.419205,ACC0022408,ACC0110700,335567,ETB,335567,Payment,ATM,DEV0074038,Nekemte,Ethiopia,b231546a7093336c,,,Completed
TX00000536,2025-06-26T10:15:35.912035,ACC0069446,ACC0035831,11086,ETB,11086,Deposit,Internet Banking,DEV0081540,Adama,Ethiopia,,,INV0063118,Completed
TX00000537,2025-05-23T12:27:49.814505,ACC0080080,ACC0034840,282,ETB,282,Withdrawal,ATM,DEV0050658,Dire Dawa,Ethiopia,607a7b974173e4a8,,,Completed
TX00000538,2024-09-13T09:12:55.057353,ACC0108423,ACC0001776,1267,ETB,1267,Loan Repayment,Mobile Banking,DEV0067286,Dire Dawa,Ethiopia,c2f324ccc0ad8b9f,,INV0028913,Completed
TX00000539,2022-02-09T07:41:22.501394,ACC0069201,ACC0091394,2824,ETB,2824,Withdrawal,ATM,DEV0033866,Addis Ababa,Ethiopia,b88fe9cfe9be795e,,INV0082147,Completed
TX00000540,2025-03-18T11:19:02.311116,ACC0076791,ACC0034164,597,ETB,597,Payment,Internet Banking,DEV0086204,Dessie,Ethiopia,d80de222dab190d8,,,Completed
TX00000541,2022-10-07T04:14:00.320988,ACC0077198,ACC0082028,5198,ETB,5198,Withdrawal,Mobile Banking,DEV0074536,Mekelle,Ethiopia,cb3dcd9a9507c45f,REF00000541,,Completed
TX00000542,2023-08-15T16:19:30.836755,ACC0019385,ACC0143415,617,ETB,617,Transfer,Mobile Banking,DEV0016152,Bahir Dar,Ethiopia,d9e5b8b9dab6e22f,,,Completed
TX00000543,2023-02-14T16:50:42.011587,ACC0103948,ACC0130394,712,ETB,712,Transfer,Branch,DEV0007807,Adama,Ethiopia,757402f3fd607ce3,REF00000543,,Completed
TX00000544,2023-01-09T18:57:56.231732,ACC0093954,ACC0069395,5876,ETB,5876,Transfer,USSD,DEV0035661,Gondar,Ethiopia,2d531fbc6bdc0156,,INV0143096,Completed
TX00000545,2023-07-23T08:43:23.788623,ACC0041736,ACC0038735,20593,ETB,20593,Transfer,Internet Banking,DEV0077289,Gondar,Ethiopia,438fb21026249c66,,INV0187270,Completed
TX00000546,2024-08-13T17:32:08.059824,ACC0037120,ACC0014112,2789,ETB,2789,Transfer,Internet Banking,DEV0017887,Hawassa,Ethiopia,13cb8bddf700753a,REF00000546,INV0110984,Completed
TX00000547,2024-03-27T00:44:27.858487,ACC0087660,ACC0018610,236,USD,13570,Transfer,Branch,DEV0043983,Jijiga,Ethiopia,7e2cecd53a93a269,REF00000547,,Failed
TX00000548,2023-09-11T18:46:25.695638,ACC0063437,ACC0101592,4247,ETB,4247,Salary,Mobile Banking,DEV0055494,Bahir Dar,Ethiopia,2afbdbf0b18bf384,REF00000548,INV0071021,Reversed
TX00000549,2023-04-29T16:32:50.565068,ACC0070580,ACC0019608,1937,ETB,1937,Mobile Money,ATM,DEV0079335,Dire Dawa,Ethiopia,5ffbcc0c0fe3b2b5,,,Completed
TX00000550,2024-03-01T11:02:11.621952,ACC0088627,ACC0061693,4271,ETB,4271,Loan Disbursement,Mobile Banking,DEV0056974,Sodo,Ethiopia,887f945808acf58e,REF00000550,,Completed
TX00000551,2023-12-03T20:34:29.032451,ACC0076550,ACC0122253,32702,ETB,32702,Payment,Mobile Banking,DEV0059617,Addis Ababa,Ethiopia,de84f77a9a95c749,,INV0158768,Completed
TX00000552,2025-03-10T11:08:27.409000,ACC0008926,ACC0128206,384,EUR,23808,Transfer,Mobile Banking,DEV0088596,Mekelle,Ethiopia,78019092799648b9,,INV0140391,Completed
TX00000553,2023-04-30T01:48:52.898759,ACC0062437,ACC0140856,844,ETB,844,Payment,Mobile Banking,DEV0042490,Gondar,Ethiopia,97681143d64812c6,,,Completed
TX00000554,2024-02-14T06:52:42.369046,ACC0043133,ACC0122299,20954,AED,326882,Mobile Money,Internet Banking,DEV0034306,Shashamane,Ethiopia,fd7e73088e4c4d2f,,INV0073213,Completed
TX00000555,2024-01-15T23:31:46.312788,ACC0015374,ACC0047078,13532,USD,778090,Transfer,Internet Banking,DEV0065988,Addis Ababa,Ethiopia,,,,Completed
TX00000556,2022-10-11T10:11:09.675565,ACC0065121,ACC0035253,1563,EUR,96906,Payment,ATM,DEV0018321,Sodo,Ethiopia,dcdaa89b1abfdc37,,,Completed
TX00000557,2023-08-16T09:57:31.096033,ACC0149662,ACC0087934,257,ETB,257,Transfer,Internet Banking,,Addis Ababa,Ethiopia,602ae8557a2199d3,REF00000557,INV0022759,Completed
TX00000558,2023-11-10T12:39:34.649679,ACC0092669,ACC0035097,328884,ETB,328884,Loan Repayment,Branch,DEV0029890,Nekemte,Ethiopia,e44ae693312b1c88,,INV0186154,Failed
TX00000559,2023-12-21T10:58:42.691064,ACC0059037,ACC0078873,1484,ETB,1484,Transfer,USSD,DEV0003034,Gondar,Ethiopia,fc3e4f706e2855f3,,INV0069827,Pending
TX00000560,2024-03-18T11:49:20.046625,ACC0100535,ACC0072487,21603,ETB,21603,Transfer,ATM,DEV0076658,Hawassa,Ethiopia,68950ffc5b21ec6e,REF00000560,INV0190920,Completed
TX00000561,2024-12-28T13:41:06.968119,ACC0085122,ACC0078165,155196,ETB,155196,Deposit,Branch,DEV0028181,Addis Ababa,Ethiopia,0265b9e555769282,REF00000561,INV0152605,Completed
TX00000562,2025-06-25T16:18:44.757631,ACC0050002,ACC0010570,9695,ETB,9695,Transfer,Mobile Banking,DEV0041712,Harar,Ethiopia,11c0b1294aa1dc6e,REF00000562,INV0000353,Failed
TX00000563,2022-03-30T17:54:38.522258,ACC0094646,ACC0104677,1604,ETB,1604,Loan Disbursement,Mobile Banking,DEV0007249,Harar,Ethiopia,db632aca234fdfe6,,INV0197295,Failed
TX00000564,2025-01-16T14:08:11.999478,ACC0127299,ACC0131219,111,ETB,111,Deposit,Internet Banking,DEV0075985,Addis Ababa,Ethiopia,284e7f259c4593a2,,INV0185869,Pending
TX00000565,2022-07-27T02:55:05.126361,ACC0064732,ACC0051859,5412,USD,311190,Payment,Mobile Banking,DEV0078317,Jimma,Ethiopia,ac4a53ccda327eb4,REF00000565,INV0173195,Completed
TX00000566,2024-07-29T21:35:43.494122,ACC0143331,ACC0061131,8287,ETB,8287,Payment,Branch,DEV0015788,Addis Ababa,Ethiopia,e6c5ec938c77b1ea,,INV0183200,Completed
TX00000567,2024-09-29T05:49:44.784542,ACC0068262,ACC0007371,140455,USD,8076162,Deposit,ATM,DEV0041769,Addis Ababa,Ethiopia,83f380272aea6437,REF00000567,INV0174484,Completed
TX00000568,2023-05-30T20:18:50.985329,ACC0072321,ACC0035888,19978,EUR,1238636,Transfer,ATM,,Addis Ababa,Ethiopia,403d0de7c819a4a8,,INV0160924,Completed
TX00000569,2023-01-29T15:27:04.241953,ACC0114692,ACC0092193,7580,ETB,7580,Deposit,Mobile Banking,DEV0083304,Mekelle,Ethiopia,,,,Completed
TX00000570,2023-02-02T04:04:42.413639,ACC0126360,ACC0130298,92136,ETB,92136,Loan Disbursement,ATM,DEV0049186,Bahir Dar,Ethiopia,25bd05532377b928,REF00000570,,Completed
TX00000571,2024-02-19T22:37:25.438965,ACC0091953,ACC0016167,113622,ETB,113622,Mobile Money,Internet Banking,DEV0086049,Shashamane,Ethiopia,0cbadb75f03bc2e8,,INV0005464,Completed
TX00000572,2023-06-21T11:02:00.174251,ACC0138486,ACC0093538,122,CHF,7930,Deposit,Agent Banking,DEV0054241,Jimma,Ethiopia,a8a4826350b89655,,INV0133416,Completed
TX00000573,2024-01-10T22:13:14.199001,ACC0141095,ACC0055061,1654,EUR,102548,Transfer,Branch,DEV0065249,Dessie,Ethiopia,21701db02f50fad8,REF00000573,INV0069072,Completed
TX00000574,2022-03-18T03:29:20.214740,ACC0146965,ACC0085019,328,AED,5117,Withdrawal,Branch,DEV0047700,Addis Ababa,Ethiopia,747ec2a1682ae1a9,REF00000574,INV0060555,Completed
TX00000575,2024-06-09T16:00:59.829826,ACC0083046,ACC0085544,2207,ETB,2207,Payment,Mobile Banking,DEV0019172,Hawassa,Ethiopia,9cf4147bb682db5c,,INV0019419,Completed
TX00000576,2025-10-29T04:29:19.390735,ACC0125360,ACC0085277,18959,ETB,18959,Payment,USSD,DEV0002979,Addis Ababa,Ethiopia,050faa23d1aea30c,REF00000576,INV0080213,Completed
TX00000577,2025-06-08T18:03:49.507688,ACC0076046,ACC0073415,1526,EUR,94612,Payment,ATM,DEV0031315,Addis Ababa,Ethiopia,d022c294b6c661df,,INV0193852,Failed
TX00000578,2022-09-03T12:46:13.775721,ACC0120346,ACC0091177,2084,ETB,2084,Payment,Mobile Banking,DEV0077478,Dire Dawa,Ethiopia,a7dd26e0dd8eb056,REF00000578,INV0051112,Completed
TX00000579,2025-10-30T16:36:36.398598,ACC0082953,ACC0148718,19969,ETB,19969,Transfer,ATM,DEV0028452,Gondar,Ethiopia,7b944e4d106e797b,,INV0066083,Completed
TX00000580,2022-11-08T02:01:09.791594,ACC0146968,ACC0046366,2147,ETB,2147,Mobile Money,ATM,DEV0025953,Bahir Dar,Ethiopia,cc8e4db27078169f,REF00000580,INV0029590,Completed
TX00000581,2023-04-18T00:47:30.672771,ACC0117343,ACC0148389,5404,ETB,5404,Transfer,Mobile Banking,DEV0011805,Gondar,Ethiopia,5ea046659b02c3a0,,,Completed
TX00000582,2022-05-15T08:26:24.943234,ACC0063766,ACC0098576,26575,ETB,26575,Transfer,ATM,DEV0079553,Mekelle,Ethiopia,04e9db65b62cc9d1,,INV0172715,Completed
TX00000583,2023-07-20T16:47:14.370232,ACC0077275,ACC0026784,2654,CHF,172510,Deposit,Mobile Banking,DEV0018297,Dire Dawa,Ethiopia,,,,Completed
TX00000584,2022-11-28T03:11:42.831441,ACC0068197,ACC0086094,21261,ETB,21261,Transfer,Branch,DEV0086312,Hawassa,Ethiopia,357592366cebb030,REF00000584,INV0077031,Pending
TX00000585,2023-04-23T23:46:05.353804,ACC0127145,ACC0085774,2197,ETB,2197,Transfer,Mobile Banking,DEV0005018,Addis Ababa,Ethiopia,9c4609327e290c94,,INV0124886,Completed
TX00000586,2024-06-03T20:20:21.709619,ACC0040014,ACC0121410,8773,ETB,8773,Transfer,Branch,DEV0074589,Gondar,Ethiopia,2969f0c7470293a1,REF00000586,INV0181515,Completed
TX00000587,2022-11-25T21:41:10.295933,ACC0093501,ACC0021408,1289,ETB,1289,Payment,Mobile Banking,,Addis Ababa,Ethiopia,9f84400c39bf52cd,,,Pending
TX00000588,2022-12-28T12:45:35.817929,ACC0117367,ACC0030592,880,ETB,880,Deposit,Mobile Banking,DEV0013914,Addis Ababa,Ethiopia,cffaa1a3f922d5c3,,INV0090768,Completed
TX00000589,2024-09-02T00:15:27.223653,ACC0149155,ACC0094544,1637,ETB,1637,Withdrawal,Branch,DEV0070487,Addis Ababa,Ethiopia,e87b9bdd3bd5f563,REF00000589,,Completed
TX00000590,2022-12-27T08:09:24.125770,ACC0064363,ACC0140306,855,ETB,855,Loan Disbursement,ATM,DEV0026017,Addis Ababa,Ethiopia,c2833eec1cbe636d,REF00000590,INV0028535,Completed
TX00000591,2024-11-02T18:21:13.460894,ACC0086504,ACC0036638,5587,ETB,5587,Deposit,Mobile Banking,DEV0032728,Addis Ababa,Ethiopia,4418b09f21599a1b,REF00000591,INV0070037,Completed
TX00000592,2025-03-02T01:13:53.777774,ACC0015139,ACC0080244,1059,ETB,1059,FX Exchange,Mobile Banking,DEV0023007,Jijiga,Ethiopia,d171deb69bd735fd,REF00000592,INV0190163,Completed
TX00000593,2025-07-04T15:48:59.931772,ACC0047621,ACC0120825,17441,ETB,17441,Payment,ATM,DEV0042724,Jimma,Ethiopia,3869f83b6fa65f14,REF00000593,INV0176669,Completed
TX00000594,2022-07-21T03:31:42.254611,ACC0127376,ACC0140020,1789,ETB,1789,Loan Repayment,POS,DEV0076680,Harar,Ethiopia,074e0ceb6336847a,,INV0072678,Completed
TX00000595,2023-03-18T08:07:06.683955,ACC0049600,ACC0094498,3872,ETB,3872,Deposit,Mobile Banking,DEV0003488,Jijiga,Ethiopia,0f325813eade36bc,,INV0152300,Completed
TX00000596,2024-03-18T23:40:00.148372,ACC0115376,ACC0135868,3239,EUR,200818,Mobile Money,Internet Banking,DEV0033548,Addis Ababa,Ethiopia,9d66aced09c08d38,REF00000596,INV0007681,Completed
TX00000597,2022-11-08T14:31:00.687950,ACC0138196,ACC0039990,1465,ETB,1465,Payment,Mobile Banking,DEV0034635,Gondar,Ethiopia,6cd6c9a5c10e654b,,INV0014555,Completed
TX00000598,2024-10-27T08:32:25.137904,ACC0113411,ACC0058443,85,ETB,85,Deposit,USSD,DEV0059507,Addis Ababa,Ethiopia,2726f721f4a3466c,,INV0174061,Completed
TX00000599,2025-06-04T10:20:12.824703,ACC0022810,ACC0024689,437,ETB,437,Loan Repayment,Mobile Banking,DEV0074613,Hawassa,Ethiopia,a65571cb5894b437,,INV0027786,Failed
TX00000600,2025-12-03T13:00:58.348630,ACC0120299,ACC0026068,76415,ETB,76415,Mobile Money,Branch,DEV0052324,Bishoftu,Ethiopia,21313d3eb9270a2b,,INV0140767,Completed
TX00000601,2024-08-24T07:50:33.392030,ACC0139902,ACC0051544,2145,ETB,2145,Withdrawal,Internet Banking,DEV0087108,Addis Ababa,Ethiopia,,,,Completed
TX00000602,2025-01-07T08:45:24.118790,ACC0076123,ACC0041936,2490,ETB,2490,Payment,ATM,DEV0064178,Arba Minch,Ethiopia,7ee11d68f78673f6,,INV0032031,Completed
TX00000603,2022-07-17T08:54:58.511282,ACC0037709,ACC0118934,563,ETB,563,Transfer,Branch,,Mekelle,Ethiopia,55e5209dac05f171,,INV0036096,Completed
TX00000604,2024-10-12T09:40:20.487085,ACC0074561,ACC0067393,3567,ETB,3567,Withdrawal,ATM,DEV0001003,Addis Ababa,Ethiopia,69cddd51fb41b11f,,,Completed
TX00000605,2024-07-26T12:47:38.461421,ACC0120778,ACC0112327,174895,ETB,174895,Deposit,Mobile Banking,DEV0003570,Adama,Ethiopia,e9850bb2e279a837,,INV0059371,Completed
TX00000606,2023-02-07T01:37:57.591475,ACC0106968,ACC0039319,7941,USD,456608,Deposit,Internet Banking,DEV0066835,Addis Ababa,Ethiopia,8b1cb6143569b005,REF00000606,INV0056427,Completed
TX00000607,2024-08-04T19:09:10.451474,ACC0025307,ACC0009956,916,EUR,56792,Payment,Branch,DEV0054599,Mekelle,Ethiopia,a84ce2d4478b8c75,REF00000607,INV0141263,Completed
TX00000608,2023-04-11T08:46:29.440190,ACC0056785,ACC0018674,19103,ETB,19103,Payment,Mobile Banking,DEV0066944,Addis Ababa,Ethiopia,055a97bfdf04969d,REF00000608,,Completed
TX00000609,2024-12-11T19:58:13.405159,ACC0053892,ACC0019520,2295,ETB,2295,Mobile Money,ATM,DEV0001791,Dessie,Ethiopia,dfa51016088276bd,,INV0137178,Pending
TX00000610,2025-07-16T06:38:51.149677,ACC0073249,ACC0019481,8373,ETB,8373,Withdrawal,USSD,DEV0015551,Hawassa,Ethiopia,210555addabaf7c5,,,Completed
TX00000611,2022-02-04T14:35:36.921241,ACC0090328,ACC0025549,41343,ETB,41343,Transfer,Mobile Banking,DEV0070152,Hawassa,Ethiopia,a0a81e6b5ce38693,,,Completed
TX00000612,2022-11-17T12:09:17.009331,ACC0018655,ACC0115274,5444,ETB,5444,Deposit,ATM,DEV0080731,Addis Ababa,Ethiopia,b7659bcce8651d0a,,,Completed
TX00000613,2024-03-16T16:24:40.988183,ACC0063070,ACC0026654,915,ETB,915,Deposit,ATM,DEV0089499,Addis Ababa,Ethiopia,b17cf4de9ef4936b,,,Completed
TX00000614,2022-01-17T23:54:11.271809,ACC0040228,ACC0033891,271,ETB,271,Bill Payment,Branch,DEV0029464,Dilla,Ethiopia,41aa99e39adcda35,,INV0078569,Completed
TX00000615,2023-10-04T14:33:22.751476,ACC0143711,ACC0110341,9828,ETB,9828,Withdrawal,Mobile Banking,DEV0087155,Addis Ababa,Ethiopia,8ebe0587b5c4e82b,REF00000615,INV0011040,Completed
TX00000616,2025-01-22T01:21:19.586353,ACC0066472,ACC0045707,28076,ETB,28076,Payment,Internet Banking,DEV0086936,Jijiga,Ethiopia,,REF00000616,INV0090949,Pending
TX00000617,2025-04-07T17:21:20.217991,ACC0094078,ACC0135802,139639,ETB,139639,Withdrawal,Branch,DEV0049639,Addis Ababa,Ethiopia,060fe82b3973b572,,INV0006051,Completed
TX00000618,2022-12-26T01:07:03.057173,ACC0037185,ACC0073423,3035,ETB,3035,Deposit,Mobile Banking,DEV0003346,Hawassa,Ethiopia,f4b6fb946d17d5cf,REF00000618,INV0107488,Completed
TX00000619,2024-02-06T04:29:00.770541,ACC0094448,ACC0142905,1767,ETB,1767,Payment,ATM,DEV0004880,Hawassa,Ethiopia,59f56ad003323a0b,,INV0113754,Pending
TX00000620,2025-09-23T02:09:31.366536,ACC0053832,ACC0040185,3158,ETB,3158,Deposit,Mobile Banking,,Hawassa,Ethiopia,3a450047266b0b9b,REF00000620,,Completed
TX00000621,2023-11-05T21:00:43.781286,ACC0066520,ACC0014818,240,ETB,240,Transfer,Mobile Banking,DEV0006603,Hawassa,Ethiopia,872ffc074e18fa88,,INV0038039,Completed
TX00000622,2025-06-27T11:09:59.014885,ACC0056360,ACC0046674,51,ETB,51,Payment,Mobile Banking,DEV0002957,Jimma,Ethiopia,f33189ff14e494eb,REF00000622,INV0056179,Completed
TX00000623,2023-08-19T19:52:00.674987,ACC0076379,ACC0019772,8233,GBP,592776,Salary,USSD,,Shashamane,Ethiopia,38aac8b5e7640b1e,,,Completed
TX00000624,2022-07-10T18:50:55.637862,ACC0148331,ACC0071020,6494,ETB,6494,Deposit,Mobile Banking,DEV0076476,Dire Dawa,Ethiopia,d6d09fa1ea535c71,,INV0160097,Completed
TX00000625,2024-05-22T07:25:18.507542,ACC0109185,ACC0034905,11247,USD,646702,Payment,ATM,DEV0049076,Addis Ababa,Ethiopia,4364f91a3ffe9c17,REF00000625,INV0026682,Completed
TX00000626,2022-01-17T14:27:53.422435,ACC0027755,ACC0070439,357,ETB,357,Transfer,USSD,DEV0069466,Addis Ababa,Ethiopia,59d7fe95d46d872f,,,Completed
TX00000627,2023-02-19T19:18:10.427887,ACC0112326,ACC0048540,226146,EUR,14021052,FX Exchange,Mobile Banking,DEV0078586,Dire Dawa,Ethiopia,6e43950a8d3615de,REF00000627,INV0090125,Completed
TX00000628,2025-07-30T15:48:19.413396,ACC0035097,ACC0129594,13354,GBP,961488,Transfer,ATM,DEV0050634,Dire Dawa,Ethiopia,6cc9e30134376b4d,,INV0138607,Completed
TX00000629,2023-07-16T20:35:38.606121,ACC0106233,ACC0027615,2147,ETB,2147,Transfer,USSD,DEV0042612,Hawassa,Ethiopia,d22f6236616d4893,,INV0137733,Completed
TX00000630,2023-06-28T09:04:37.215032,ACC0149990,ACC0071194,929,ETB,929,Withdrawal,ATM,DEV0018549,Bahir Dar,Ethiopia,0476cbdd1459dd9e,REF00000630,INV0137698,Completed
TX00000631,2024-11-18T01:05:57.901815,ACC0120849,ACC0110425,5448,GBP,392256,Transfer,Internet Banking,DEV0038399,Addis Ababa,Ethiopia,bf733101909832ec,REF00000631,,Completed
TX00000632,2025-04-06T23:42:13.645679,ACC0058286,ACC0038983,1719,ETB,1719,Withdrawal,Internet Banking,DEV0000380,Bishoftu,Ethiopia,906d78df14c2c94b,,INV0109083,Completed
TX00000633,2024-11-26T19:14:56.623509,ACC0022273,ACC0036978,4253,ETB,4253,Payment,Mobile Banking,DEV0029997,Addis Ababa,Ethiopia,614028f18877d1eb,REF00000633,INV0169707,Completed
TX00000634,2023-04-25T13:58:06.664243,ACC0145663,ACC0066088,26421,ETB,26421,Mobile Money,Internet Banking,DEV0073642,Addis Ababa,Ethiopia,cafe3c10460b82b0,,,Completed
TX00000635,2025-02-23T07:25:59.598718,ACC0007063,ACC0037318,378,ETB,378,Deposit,ATM,DEV0079915,Harar,Ethiopia,0017033d1bf28697,,,Completed
TX00000636,2024-05-09T12:35:45.268047,ACC0123209,ACC0083664,3388,ETB,3388,Bill Payment,ATM,DEV0042217,Addis Ababa,Ethiopia,eaea68809889f8e7,REF00000636,INV0194579,Completed
TX00000637,2023-08-22T20:15:34.685836,ACC0128317,ACC0012882,40297,ETB,40297,Transfer,Internet Banking,DEV0041733,Addis Ababa,Ethiopia,6d29c4ccecd7c0b2,,INV0192502,Completed
TX00000638,2023-12-24T07:30:19.232486,ACC0082517,ACC0033918,1546,AED,24118,Deposit,Mobile Banking,DEV0034072,Addis Ababa,Ethiopia,1b3aeb78c1d3f39c,REF00000638,INV0125749,Completed
TX00000639,2024-04-04T05:21:28.410267,ACC0060414,ACC0042557,906,ETB,906,Payment,USSD,DEV0074825,Dessie,Ethiopia,8aa876b809e48933,,INV0196624,Completed
TX00000640,2024-07-25T06:22:10.305852,ACC0124292,ACC0058737,49060,ETB,49060,Deposit,Branch,DEV0009734,Addis Ababa,Ethiopia,621d223c41f520c8,,,Completed
TX00000641,2022-10-15T04:02:53.065437,ACC0005779,ACC0045025,1523,USD,87572,Mobile Money,Internet Banking,,Addis Ababa,Ethiopia,40ab858641abb677,,INV0006405,Completed
TX00000642,2022-08-11T17:45:57.714535,ACC0110996,ACC0007089,2143,ETB,2143,Transfer,ATM,DEV0017874,Addis Ababa,Ethiopia,37f1770223cfdbe8,REF00000642,,Completed
TX00000643,2023-02-12T15:59:04.784337,ACC0057297,ACC0036197,1059,ETB,1059,Deposit,ATM,DEV0043161,Dire Dawa,Ethiopia,ff8af9828df43f7d,REF00000643,INV0198930,Completed
TX00000644,2025-09-26T08:49:14.839968,ACC0085163,ACC0116407,2625,ETB,2625,Transfer,Mobile Banking,DEV0019716,Addis Ababa,Ethiopia,7651eb8e72c4f224,,INV0033451,Completed
TX00000645,2024-02-29T00:17:00.461258,ACC0119579,ACC0107996,17116,ETB,17116,Withdrawal,Mobile Banking,DEV0018016,Addis Ababa,Ethiopia,adc64f6ec95446d7,REF00000645,INV0067023,Completed
TX00000646,2023-03-23T14:34:02.208563,ACC0057093,ACC0136207,930,ETB,930,Payment,USSD,DEV0004982,Adama,Ethiopia,6c096421fdddbd47,REF00000646,,Completed
TX00000647,2022-02-18T00:40:21.117843,ACC0134413,ACC0130770,6190,ETB,6190,Loan Repayment,Mobile Banking,DEV0066254,Gondar,Ethiopia,,REF00000647,INV0099771,Completed
TX00000648,2023-04-23T19:06:35.283857,ACC0135591,ACC0032921,21408,ETB,21408,Payment,ATM,,Shashamane,Ethiopia,5bea9f69763b95ad,,INV0071946,Completed
TX00000649,2024-11-10T06:51:21.138444,ACC0038239,ACC0008522,432,ETB,432,Mobile Money,Mobile Banking,DEV0049132,Hosaena,Ethiopia,,,INV0145200,Completed
TX00000650,2023-10-17T14:25:09.443606,ACC0135597,ACC0065378,6707,ETB,6707,Payment,Mobile Banking,DEV0038302,Addis Ababa,Ethiopia,70417a578a607acf,,,Failed
TX00000651,2025-09-11T09:14:43.905802,ACC0035651,ACC0059877,3731,ETB,3731,Deposit,Mobile Banking,DEV0012926,Dessie,Ethiopia,e5cdf44f816b0957,REF00000651,INV0101203,Completed
TX00000652,2022-03-21T17:54:01.834991,ACC0080243,ACC0003743,2222,ETB,2222,Transfer,ATM,DEV0002020,Addis Ababa,Ethiopia,1f1a53e317b14006,REF00000652,INV0019405,Completed
TX00000653,2025-08-19T19:20:10.066579,ACC0147143,ACC0021255,531,ETB,531,Transfer,Branch,DEV0087977,Addis Ababa,Ethiopia,924bba8e7d1e5dc0,,,Completed
TX00000654,2024-06-10T23:39:25.863333,ACC0102333,ACC0133876,194,EUR,12028,Payment,Internet Banking,DEV0033554,Adama,Ethiopia,db567cff6668028e,,INV0049641,Pending
TX00000655,2023-12-05T19:40:26.151934,ACC0054183,ACC0121814,8415,EUR,521730,Transfer,ATM,DEV0016031,Arba Minch,Ethiopia,e86a0dcf9b811061,,,Completed
TX00000656,2023-10-26T17:27:53.034428,ACC0121408,ACC0078771,2048,ETB,2048,Payment,Internet Banking,,Addis Ababa,Ethiopia,30c143307cbb4fae,,INV0023406,Completed
TX00000657,2023-04-04T22:28:24.601616,ACC0120817,ACC0134049,5407,ETB,5407,Transfer,USSD,DEV0028489,Addis Ababa,Ethiopia,44d492dc1a359a18,REF00000657,INV0061513,Completed
TX00000658,2025-05-15T18:37:11.647156,ACC0062280,ACC0076947,528,USD,30360,Transfer,Mobile Banking,DEV0070409,Bahir Dar,Ethiopia,0b7cf49d87044112,REF00000658,INV0171305,Failed
TX00000659,2024-12-21T03:07:35.801306,ACC0036955,ACC0121240,4397,ETB,4397,Loan Disbursement,Mobile Banking,DEV0073184,Addis Ababa,Ethiopia,,REF00000659,INV0062277,Failed
TX00000660,2024-07-08T05:05:34.976083,ACC0116017,ACC0082368,1748,ETB,1748,Payment,ATM,DEV0017331,Jijiga,Ethiopia,71c8870a96df70da,REF00000660,INV0098936,Completed
TX00000661,2024-04-20T16:38:52.360898,ACC0014970,ACC0002551,221948,ETB,221948,Payment,Mobile Banking,DEV0015065,Addis Ababa,Ethiopia,56ca58232571647e,REF00000661,INV0146806,Reversed
TX00000662,2025-07-31T07:26:37.091931,ACC0007490,ACC0033662,6579,ETB,6579,Payment,Mobile Banking,DEV0032935,Harar,Ethiopia,ac7a01aa69a207f9,REF00000662,INV0098780,Completed
TX00000663,2022-05-28T10:21:14.287827,ACC0132029,ACC0085779,22139,USD,1272992,Transfer,Internet Banking,,Adama,Ethiopia,873c7cef6df6a51e,,,Completed
TX00000664,2025-07-28T07:44:51.740264,ACC0052603,ACC0022722,1841,ETB,1841,Payment,Mobile Banking,DEV0012299,Addis Ababa,Ethiopia,15a1b4f213872d53,,INV0140271,Completed
TX00000665,2022-04-09T17:53:17.125668,ACC0109800,ACC0096190,12962,ETB,12962,Transfer,Mobile Banking,DEV0029839,Nekemte,Ethiopia,a0714d220b8dcbeb,,INV0041516,Completed
TX00000666,2023-07-26T20:52:23.482934,ACC0007657,ACC0012090,51493,EUR,3192566,Transfer,Mobile Banking,DEV0027513,Addis Ababa,Ethiopia,40d56dfa8e992a0f,,INV0030735,Completed
TX00000667,2025-03-01T12:10:47.893423,ACC0024629,ACC0055919,88,USD,5060,Payment,Internet Banking,DEV0021704,Bahir Dar,Ethiopia,5a75ef695d4cb47b,,INV0128262,Completed
TX00000668,2025-10-01T16:55:08.339473,ACC0002072,ACC0088308,899,EUR,55738,Payment,USSD,DEV0034314,Mekelle,Ethiopia,eb073d397809dd51,,INV0067181,Completed
TX00000669,2023-04-23T16:33:01.558446,ACC0127131,ACC0114428,993,ETB,993,Payment,Mobile Banking,DEV0016839,Dessie,Ethiopia,6f16041150d85612,,INV0104400,Completed
TX00000670,2025-06-16T00:09:06.042745,ACC0147621,ACC0136596,33405,ETB,33405,Withdrawal,Mobile Banking,DEV0089603,Dessie,Ethiopia,b6209ba647993372,,INV0023269,Completed
TX00000671,2025-01-09T08:11:08.672304,ACC0076712,ACC0100468,23509,ETB,23509,Mobile Money,ATM,,Adama,Ethiopia,890bd943bd44f24a,,,Completed
TX00000672,2022-06-08T11:19:29.074355,ACC0083892,ACC0081066,70067,ETB,70067,Deposit,Mobile Banking,DEV0085870,Hosaena,Ethiopia,99a82ecdd2dad097,,,Completed
TX00000673,2025-09-09T18:50:01.714803,ACC0079637,ACC0111055,11245,ETB,11245,Bill Payment,Mobile Banking,DEV0077826,Dessie,Ethiopia,cc95f8c6d9099713,,INV0030531,Completed
TX00000674,2023-01-10T21:03:34.186925,ACC0134693,ACC0019730,151,ETB,151,Transfer,Mobile Banking,,Dire Dawa,Ethiopia,48c21753b2e32d4c,REF00000674,,Completed
TX00000675,2025-03-26T06:49:03.530638,ACC0071077,ACC0140900,6942,ETB,6942,Deposit,Mobile Banking,DEV0081051,Dessie,Ethiopia,e7c44ef3b4da7903,,INV0150989,Completed
TX00000676,2024-09-04T00:16:56.728417,ACC0135691,ACC0098175,110861,ETB,110861,Loan Disbursement,ATM,DEV0049920,Adama,Ethiopia,18e0b8a8d518b31f,,,Completed
TX00000677,2022-08-28T06:22:50.954644,ACC0110476,ACC0032010,4565,ETB,4565,Deposit,ATM,,Hosaena,Ethiopia,b7d615d74dbdd67a,,INV0104089,Failed
TX00000678,2024-11-12T00:50:25.002858,ACC0049870,ACC0118633,13788,ETB,13788,Payment,ATM,,Adama,Ethiopia,da8296db5f527b83,,,Completed
TX00000679,2024-04-09T11:45:47.244998,ACC0093073,ACC0078028,9874,ETB,9874,Transfer,Mobile Banking,DEV0063355,Addis Ababa,Ethiopia,1c21ebfb461f185d,REF00000679,INV0089821,Failed
TX00000680,2024-10-22T18:14:30.135634,ACC0103984,ACC0149192,525,ETB,525,Withdrawal,Mobile Banking,,Dilla,Ethiopia,90e35b245cccd60a,REF00000680,,Completed
TX00000681,2023-11-29T14:59:28.191307,ACC0069360,ACC0052899,110417,ETB,110417,Transfer,ATM,DEV0075572,Bahir Dar,Ethiopia,3b44b8b03f0125d0,,INV0165380,Completed
TX00000682,2022-05-09T05:28:41.142572,ACC0112647,ACC0067183,1292,ETB,1292,Transfer,Mobile Banking,DEV0040816,Addis Ababa,Ethiopia,24795cfcfe495cb1,,,Completed
TX00000683,2025-10-29T21:34:51.535447,ACC0041096,ACC0021462,1629,ETB,1629,Payment,Mobile Banking,DEV0072696,Sodo,Ethiopia,1d8d9f0736a17233,,INV0003094,Completed
TX00000684,2023-10-01T12:37:57.717595,ACC0109019,ACC0039479,5348,ETB,5348,Bill Payment,Mobile Banking,DEV0012810,Dire Dawa,Ethiopia,2ca4ba80036a3fbe,,INV0194582,Completed
TX00000685,2023-02-16T21:13:08.829144,ACC0122378,ACC0025758,952,ETB,952,Payment,USSD,DEV0028391,Asella,Ethiopia,0bd806e0c69aab54,REF00000685,INV0127043,Completed
TX00000686,2025-01-19T05:37:27.560759,ACC0034478,ACC0106040,36842,GBP,2652624,Withdrawal,USSD,DEV0055399,Bahir Dar,Ethiopia,132979e3ef8c9670,,,Completed
TX00000687,2022-03-05T04:25:44.965284,ACC0019263,ACC0010188,62462,ETB,62462,Payment,Internet Banking,DEV0025995,Mekelle,Ethiopia,1027e75065c25f2e,,INV0039353,Completed
TX00000688,2023-04-15T19:23:17.181204,ACC0146202,ACC0025167,1045,ETB,1045,Transfer,Mobile Banking,,Addis Ababa,Ethiopia,b3cd39674099836b,,INV0065284,Completed
TX00000689,2022-12-07T03:45:30.846925,ACC0119029,ACC0134246,374208,ETB,374208,Withdrawal,ATM,DEV0019108,Gondar,Ethiopia,c3e96793ab5b4027,REF00000689,,Completed
TX00000690,2022-11-25T00:34:17.834184,ACC0112222,ACC0076872,7549,GBP,543528,Transfer,USSD,DEV0053212,Mekelle,Ethiopia,df8f5144a01110b9,,INV0077757,Completed
TX00000691,2023-06-01T05:54:10.004476,ACC0021049,ACC0047035,1282,ETB,1282,Payment,Mobile Banking,,Debre Birhan,Ethiopia,,,INV0191229,Completed
TX00000692,2022-09-28T13:57:32.545090,ACC0062501,ACC0086070,1277,ETB,1277,Payment,Mobile Banking,,Dire Dawa,Ethiopia,ad5938119d3e0aca,,,Completed
TX00000693,2022-02-27T03:53:07.820392,ACC0115422,ACC0103739,57661,ETB,57661,Withdrawal,Mobile Banking,DEV0060655,Addis Ababa,Ethiopia,0f4f0618a6cb7164,,INV0084487,Completed
TX00000694,2025-01-31T10:35:32.745928,ACC0143915,ACC0031478,2198,ETB,2198,Payment,Mobile Banking,DEV0080016,Arba Minch,Ethiopia,9b1c8858fb538f47,,INV0021626,Completed
TX00000695,2022-03-28T15:59:51.020571,ACC0018162,ACC0024561,111566,ETB,111566,Transfer,USSD,DEV0041418,Addis Ababa,Ethiopia,ee6a570236ff6510,,INV0088547,Completed
TX00000696,2023-01-07T22:29:49.155020,ACC0041269,ACC0093900,548,ETB,548,Transfer,ATM,DEV0015685,Asella,Ethiopia,9664cfb8318bde05,,,Completed
TX00000697,2024-08-24T09:20:23.489205,ACC0051162,ACC0015995,21218,GBP,1527696,Payment,Internet Banking,DEV0057462,Mekelle,Ethiopia,d99add085764b121,,INV0137232,Failed
TX00000698,2025-08-07T08:03:45.624012,ACC0074115,ACC0111710,4978,ETB,4978,Salary,ATM,DEV0081229,Hosaena,Ethiopia,ebb993553ba225e8,REF00000698,,Completed
TX00000699,2024-01-22T22:23:12.674841,ACC0062729,ACC0085032,15304,AED,238742,Transfer,ATM,DEV0068217,Addis Ababa,Ethiopia,38480fb060486744,,INV0074607,Completed
TX00000700,2024-10-28T03:02:32.086431,ACC0067470,ACC0052697,109816,ETB,109816,Deposit,ATM,DEV0031999,Addis Ababa,Ethiopia,7edec879a7f31649,,INV0120057,Completed
TX00000701,2025-12-25T10:02:54.088282,ACC0121987,ACC0134474,14067,ETB,14067,Withdrawal,Mobile Banking,DEV0049425,Harar,Ethiopia,afeb178960aa6370,,,Completed
TX00000702,2025-05-12T09:52:46.891731,ACC0076833,ACC0137197,35709,GBP,2571048,Deposit,ATM,DEV0057230,Debre Birhan,Ethiopia,5bc7c202777a4bf6,REF00000702,INV0065079,Completed
TX00000703,2023-11-25T22:41:35.702673,ACC0065950,ACC0083636,4070,ETB,4070,Payment,ATM,DEV0050274,Shashamane,Ethiopia,,,,Completed
TX00000704,2025-08-08T05:17:25.277398,ACC0148034,ACC0103808,7268,ETB,7268,Withdrawal,Internet Banking,DEV0012914,Sodo,Ethiopia,62b6f1ed765aff6f,,INV0061275,Completed
TX00000705,2025-01-05T18:04:27.731035,ACC0004631,ACC0097062,3792,ETB,3792,Bill Payment,Mobile Banking,,Addis Ababa,Ethiopia,,,INV0112555,Completed
TX00000706,2024-11-30T15:04:49.826093,ACC0076499,ACC0121979,1823,ETB,1823,Payment,Branch,DEV0085170,Debre Birhan,Ethiopia,,,INV0026519,Completed
TX00000707,2023-10-13T20:50:49.348597,ACC0081355,ACC0086894,431,USD,24782,Payment,Mobile Banking,,Addis Ababa,Ethiopia,8f38ce06da56610c,,INV0116595,Completed
TX00000708,2024-11-09T05:14:58.602330,ACC0006551,ACC0076146,2203,ETB,2203,Transfer,Internet Banking,DEV0078734,Hawassa,Ethiopia,a1f2aeb4dc246199,,INV0129867,Completed
TX00000709,2024-05-09T15:45:09.349780,ACC0111294,ACC0101026,1353,GBP,97416,Payment,Internet Banking,DEV0059315,Addis Ababa,Ethiopia,4b771e302d0d0a59,,INV0018188,Completed
TX00000710,2023-12-19T10:35:56.745688,ACC0060310,ACC0117949,26976,ETB,26976,Deposit,Internet Banking,DEV0081875,Addis Ababa,Ethiopia,2db3f4706d3a161d,,INV0055569,Completed
TX00000711,2023-05-22T22:38:36.013612,ACC0007365,ACC0121563,42954,ETB,42954,Payment,Mobile Banking,DEV0077272,Addis Ababa,Ethiopia,8daec101dc09882b,REF00000711,INV0062258,Completed
TX00000712,2023-11-28T20:15:04.337359,ACC0082291,ACC0109220,1942,ETB,1942,Transfer,Mobile Banking,,Arba Minch,Ethiopia,,,INV0074792,Completed
TX00000713,2023-09-02T20:37:51.581526,ACC0062437,ACC0135025,100264,ETB,100264,Deposit,ATM,DEV0060396,Addis Ababa,Ethiopia,5be62dad47a0579b,,,Completed
TX00000714,2023-08-20T15:00:50.583852,ACC0020106,ACC0113661,37683,ETB,37683,Transfer,Mobile Banking,DEV0006635,Addis Ababa,Ethiopia,2555af90f857e911,,,Completed
TX00000715,2025-02-22T20:09:14.395903,ACC0025895,ACC0148033,13621,EUR,844502,Transfer,Mobile Banking,,Addis Ababa,Ethiopia,1ecdb58b2bcb4dc4,,INV0096478,Completed
TX00000716,2024-04-18T14:38:12.264889,ACC0044535,ACC0086780,1532,CHF,99580,Transfer,Mobile Banking,DEV0011086,Addis Ababa,Ethiopia,,REF00000716,,Completed
TX00000717,2022-08-20T21:14:19.710204,ACC0037214,ACC0101080,1123,GBP,80856,Transfer,Mobile Banking,,Addis Ababa,Ethiopia,038a6b9dce802ac1,REF00000717,INV0171261,Completed
TX00000718,2022-12-07T08:46:19.300949,ACC0092093,ACC0000224,4451,ETB,4451,Deposit,Branch,DEV0042801,Jijiga,Ethiopia,a5ebb5773ed75b03,,INV0096971,Completed
TX00000719,2022-04-20T11:43:42.948149,ACC0003478,ACC0113504,24553,CHF,1595945,FX Exchange,ATM,DEV0071163,Hawassa,Ethiopia,9ee0730e6caa55fa,REF00000719,INV0149452,Completed
TX00000720,2025-01-27T17:43:05.212102,ACC0067184,ACC0140857,2449,GBP,176328,Payment,Mobile Banking,DEV0083269,Addis Ababa,Ethiopia,df474655183a69a9,REF00000720,INV0012173,Completed
TX00000721,2024-08-20T17:02:43.233335,ACC0086396,ACC0057982,4121,ETB,4121,Deposit,ATM,DEV0026986,Addis Ababa,Ethiopia,b0ec1f5144469927,,,Completed
TX00000722,2025-12-06T23:58:35.195803,ACC0084979,ACC0015523,3217,ETB,3217,Payment,Mobile Banking,DEV0077390,Addis Ababa,Ethiopia,72e7fd5993e2d9f2,,,Completed
TX00000723,2022-10-13T02:35:54.312864,ACC0046153,ACC0076240,2692,ETB,2692,Salary,Internet Banking,DEV0079572,Hosaena,Ethiopia,f53279d0896bc3e7,,,Completed
TX00000724,2024-11-08T06:27:16.917368,ACC0100046,ACC0137899,910,ETB,910,Payment,Mobile Banking,DEV0070021,Dessie,Ethiopia,1bceac3e180b958f,,INV0001088,Completed
TX00000725,2024-04-04T07:14:45.795854,ACC0124968,ACC0086750,52623,ETB,52623,Transfer,ATM,DEV0079368,Arba Minch,Ethiopia,556f99c4b445301c,,,Completed
TX00000726,2025-10-08T02:07:12.930328,ACC0082148,ACC0018307,30168,ETB,30168,Withdrawal,Mobile Banking,DEV0084313,Nekemte,Ethiopia,3794844ea0fbe85a,,INV0102986,Completed
TX00000727,2022-03-01T11:11:58.594986,ACC0144651,ACC0118740,2495,ETB,2495,Transfer,ATM,DEV0049085,Mekelle,Ethiopia,ccc39210d45e4be7,,INV0124134,Completed
TX00000728,2023-06-21T05:09:07.747909,ACC0050633,ACC0067156,352,ETB,352,Transfer,Mobile Banking,DEV0064832,Dire Dawa,Ethiopia,2b7425a4eb1e636c,,INV0005949,Completed
TX00000729,2023-12-07T17:25:21.262630,ACC0077734,ACC0055552,13180,ETB,13180,Withdrawal,Mobile Banking,DEV0086352,Bahir Dar,Ethiopia,8a682833ae3f90a3,,,Completed
TX00000730,2025-06-28T04:55:26.358345,ACC0064541,ACC0072647,11831,USD,680282,Transfer,USSD,DEV0036227,Addis Ababa,Ethiopia,152a076e2a51db08,,INV0192149,Completed
TX00000731,2023-07-16T10:57:01.369258,ACC0148350,ACC0035976,2443,ETB,2443,Payment,Mobile Banking,DEV0052114,Bishoftu,Ethiopia,7754f83454358775,,INV0185086,Completed
TX00000732,2022-12-07T03:12:44.374320,ACC0041722,ACC0047779,729,AED,11372,Mobile Money,USSD,DEV0002456,Jimma,Ethiopia,d5e5c02e0e96fd51,,INV0129595,Completed
TX00000733,2024-07-09T07:03:10.159861,ACC0007985,ACC0005954,1663,ETB,1663,Deposit,USSD,DEV0016521,Asella,Ethiopia,32d72d7f3fdb8281,,,Completed
TX00000734,2024-08-18T23:31:55.055890,ACC0035785,ACC0006524,1623,USD,93322,Transfer,Internet Banking,DEV0002925,Dessie,Ethiopia,0255c0e7a34347b7,REF00000734,,Completed
TX00000735,2022-02-24T00:23:42.239827,ACC0046842,ACC0050592,671,CHF,43615,Payment,Mobile Banking,,Adama,Ethiopia,cd7ce0dcb74919f2,REF00000735,,Pending
TX00000736,2023-09-09T11:01:46.354337,ACC0048483,ACC0143510,9620,ETB,9620,Deposit,Branch,DEV0009043,Addis Ababa,Ethiopia,50958c15853870e1,REF00000736,INV0162397,Completed
TX00000737,2025-11-18T16:17:05.484572,ACC0056871,ACC0058271,98395,ETB,98395,Transfer,Mobile Banking,,Addis Ababa,Ethiopia,ae71dc2477801e1f,,INV0060179,Completed
TX00000738,2024-03-17T13:41:10.938842,ACC0062295,ACC0142373,22888,EUR,1419056,Payment,ATM,DEV0037443,Dilla,Ethiopia,,,INV0163303,Completed
TX00000739,2024-07-20T07:46:45.455577,ACC0075922,ACC0019262,2146,ETB,2146,Deposit,Mobile Banking,DEV0067423,Addis Ababa,Ethiopia,,REF00000739,INV0188929,Completed
TX00000740,2023-03-07T08:19:19.172292,ACC0011734,ACC0073511,3683,ETB,3683,Payment,Internet Banking,DEV0014461,Mekelle,Ethiopia,,REF00000740,INV0176762,Completed
TX00000741,2024-10-30T14:15:43.261081,ACC0065717,ACC0056036,25978,USD,1493735,Loan Disbursement,Branch,DEV0040564,Addis Ababa,Ethiopia,0a0e507995818572,REF00000741,INV0178229,Completed
TX00000742,2025-03-17T15:03:05.789061,ACC0087528,ACC0108666,29541,ETB,29541,Deposit,Internet Banking,DEV0052205,Hawassa,Ethiopia,180b266d7718688d,,INV0190333,Failed
TX00000743,2023-12-12T02:53:48.687926,ACC0139119,ACC0109180,4363,ETB,4363,Payment,Mobile Banking,,Adama,Ethiopia,875b4236c0703827,,,Completed
TX00000744,2025-02-17T03:08:39.493087,ACC0111276,ACC0014631,25660,CHF,1667900,Transfer,Branch,DEV0016991,Addis Ababa,Ethiopia,,REF00000744,,Completed
TX00000745,2023-06-27T00:53:02.045176,ACC0133442,ACC0068072,2066,ETB,2066,Deposit,Mobile Banking,DEV0062024,Hawassa,Ethiopia,6f855bbb7aea595f,,INV0051187,Completed
TX00000746,2023-09-17T09:37:17.387651,ACC0073552,ACC0074209,335410,ETB,335410,Withdrawal,Mobile Banking,DEV0062458,Addis Ababa,Ethiopia,de718163b9a8a587,,INV0037316,Pending
TX00000747,2022-01-23T05:40:38.728085,ACC0018477,ACC0100957,26731,ETB,26731,Payment,Mobile Banking,DEV0009756,Bishoftu,Ethiopia,915cf3f64f0a349b,,,Completed
TX00000748,2023-12-11T01:49:40.201070,ACC0145106,ACC0030763,54967,EUR,3407954,Transfer,Mobile Banking,DEV0007836,Addis Ababa,Ethiopia,,,INV0190114,Completed
TX00000749,2025-04-03T11:20:46.764473,ACC0056772,ACC0101747,48634,ETB,48634,FX Exchange,Mobile Banking,DEV0040641,Bahir Dar,Ethiopia,29b5ba3424a0f8ce,,INV0159905,Completed
TX00000750,2024-04-20T11:07:44.744767,ACC0005259,ACC0056172,18947,ETB,18947,Payment,Mobile Banking,DEV0023039,Dire Dawa,Ethiopia,6189d1bbe9d5e116,REF00000750,INV0130934,Completed
TX00000751,2024-01-30T01:22:44.211051,ACC0051067,ACC0007761,608,ETB,608,Salary,Mobile Banking,DEV0076238,Mekelle,Ethiopia,96b5d53ca57e9a09,,INV0099576,Completed
TX00000752,2022-12-13T01:22:45.868124,ACC0018889,ACC0031160,1334,ETB,1334,Payment,Mobile Banking,DEV0052905,Addis Ababa,Ethiopia,5a9a5e21b4768366,,INV0056172,Completed
TX00000753,2025-03-26T04:18:21.697976,ACC0023323,ACC0091015,27706,ETB,27706,Payment,ATM,,Jimma,Ethiopia,e3149497203e9557,,INV0069231,Completed
TX00000754,2025-07-09T17:32:48.653367,ACC0011273,ACC0012381,45289,ETB,45289,Transfer,Internet Banking,DEV0058850,Hawassa,Ethiopia,,,,Pending
TX00000755,2023-03-28T01:23:14.101226,ACC0070617,ACC0043446,23881,ETB,23881,Transfer,ATM,DEV0033119,Nekemte,Ethiopia,28d698ac5be3b31a,,INV0022602,Completed
TX00000756,2025-05-16T15:38:03.522388,ACC0107521,ACC0068036,232,ETB,232,Transfer,ATM,DEV0006593,Bahir Dar,Ethiopia,c904f35663f5c314,REF00000756,INV0082178,Completed
TX00000757,2024-05-04T19:59:48.182794,ACC0138861,ACC0111868,294,ETB,294,Deposit,Branch,DEV0073689,Bishoftu,Ethiopia,d63032c7be42382f,,,Completed
TX00000758,2024-05-13T03:43:41.722692,ACC0020369,ACC0103330,7073,ETB,7073,Withdrawal,Mobile Banking,DEV0040737,Dire Dawa,Ethiopia,7c4429d62447d5dd,,INV0041051,Completed
TX00000759,2023-06-11T13:07:40.398835,ACC0106925,ACC0137256,1435,ETB,1435,Withdrawal,ATM,DEV0079410,Jijiga,Ethiopia,d7dfdb4b5db13d1f,,INV0138342,Reversed
TX00000760,2022-09-02T00:14:25.758173,ACC0024806,ACC0037921,18574,ETB,18574,Withdrawal,Branch,DEV0035280,Addis Ababa,Ethiopia,07c467abef248c67,,INV0110765,Completed
TX00000761,2023-09-03T02:55:41.676209,ACC0109270,ACC0019571,5756,ETB,5756,Deposit,Mobile Banking,DEV0089485,Addis Ababa,Ethiopia,16ca04256877b8e8,,INV0001157,Completed
TX00000762,2024-01-02T12:58:44.658722,ACC0048203,ACC0031989,361,ETB,361,Payment,Branch,DEV0068739,Dessie,Ethiopia,7f4100e7c51f3ad1,,,Completed
TX00000763,2022-03-03T08:23:26.957303,ACC0036679,ACC0035249,11008,CHF,715520,Loan Repayment,Internet Banking,DEV0075615,Dire Dawa,Ethiopia,,REF00000763,INV0063736,Failed
TX00000764,2023-05-30T22:12:26.704939,ACC0050074,ACC0133742,9165,ETB,9165,Deposit,Mobile Banking,DEV0083201,Dire Dawa,Ethiopia,70011a605068df15,,,Completed
TX00000765,2023-02-12T22:40:59.901856,ACC0082551,ACC0081894,40316,GBP,2902752,Loan Disbursement,Internet Banking,DEV0016852,Addis Ababa,Ethiopia,eab2987ef95c4a06,REF00000765,INV0110865,Pending
TX00000766,2025-02-12T23:00:04.197890,ACC0009905,ACC0123786,67076,ETB,67076,Withdrawal,ATM,DEV0017307,Addis Ababa,Ethiopia,74de39f3cd1ac6b7,,INV0046144,Failed
TX00000767,2023-03-27T07:43:55.195184,ACC0083394,ACC0065820,3212,ETB,3212,Payment,Internet Banking,DEV0053003,Addis Ababa,Ethiopia,d492a4b750a4f6ab,,INV0020817,Completed
TX00000768,2022-10-28T20:44:57.920330,ACC0088886,ACC0061705,255,ETB,255,Payment,Mobile Banking,,Addis Ababa,Ethiopia,582cf87b9d3b5d94,REF00000768,INV0184646,Completed
TX00000769,2025-06-29T00:18:29.675842,ACC0093066,ACC0016940,1746,USD,100395,Deposit,ATM,DEV0011218,Hosaena,Ethiopia,3d01bec22157df65,,INV0019632,Completed
TX00000770,2022-02-08T20:44:57.687539,ACC0124369,ACC0039207,3014,ETB,3014,Deposit,Internet Banking,DEV0022863,Hawassa,Ethiopia,045f4c8138db19ff,REF00000770,,Completed
TX00000771,2025-05-11T12:52:09.717912,ACC0057640,ACC0147285,1309,ETB,1309,Withdrawal,Mobile Banking,DEV0085491,Dire Dawa,Ethiopia,b41fe1aa698d448f,,,Completed
TX00000772,2024-04-21T21:48:32.683677,ACC0100035,ACC0024830,8155,ETB,8155,Transfer,Mobile Banking,DEV0016552,Jijiga,Ethiopia,cdad8050b248ccc7,REF00000772,,Completed
TX00000773,2022-05-24T00:43:08.874253,ACC0125768,ACC0091393,3309,ETB,3309,Loan Repayment,Internet Banking,,Addis Ababa,Ethiopia,9e02988f9049228c,REF00000773,INV0069984,Completed
TX00000774,2024-03-07T13:45:53.708809,ACC0009176,ACC0013641,40046,EUR,2482852,Transfer,Mobile Banking,DEV0018651,Dessie,Ethiopia,785219917cb36de9,,INV0104386,Completed
TX00000775,2024-07-28T18:58:10.521972,ACC0027562,ACC0051806,24329,ETB,24329,Transfer,Branch,DEV0000240,Addis Ababa,Ethiopia,f2af3e7a2a4ed54a,REF00000775,INV0130311,Completed
TX00000776,2025-03-25T23:09:44.727827,ACC0073843,ACC0088618,47051,EUR,2917162,Transfer,Mobile Banking,DEV0072605,Gondar,Ethiopia,8d33ae008762ab7b,,,Completed
TX00000777,2022-03-09T02:01:34.036313,ACC0074275,ACC0116639,358125,USD,20592188,Mobile Money,ATM,DEV0003569,Arba Minch,Ethiopia,60a641ea42ae430b,,INV0152599,Completed
TX00000778,2022-01-11T22:56:25.932379,ACC0110547,ACC0094595,8587,GBP,618264,Bill Payment,Branch,DEV0042483,Dessie,Ethiopia,e01e6a93f3748cdb,REF00000778,INV0046405,Completed
TX00000779,2023-02-21T21:46:54.239547,ACC0050870,ACC0104005,546,ETB,546,Deposit,ATM,DEV0079879,Dire Dawa,Ethiopia,688640a0a65ce807,REF00000779,INV0018581,Failed
TX00000780,2023-10-12T10:03:22.671264,ACC0055815,ACC0031204,888449,ETB,888449,Payment,Mobile Banking,DEV0069430,Jijiga,Ethiopia,87f12ded9ba70a55,,,Completed
TX00000781,2024-12-12T06:35:42.643682,ACC0107448,ACC0039975,6924,ETB,6924,Payment,Internet Banking,,Adama,Ethiopia,988e2554c4f271b0,,INV0059466,Completed
TX00000782,2022-11-25T01:42:07.380840,ACC0064707,ACC0052301,59294,ETB,59294,Transfer,Mobile Banking,DEV0032312,Addis Ababa,Ethiopia,149e4f570d7873a2,REF00000782,,Reversed
TX00000783,2024-07-14T09:53:54.033895,ACC0061465,ACC0007199,2031,ETB,2031,Deposit,Mobile Banking,DEV0082767,Jijiga,Ethiopia,fc9ac08614c77b9f,,INV0111433,Completed
TX00000784,2022-05-13T14:42:25.356993,ACC0075361,ACC0123138,4132,ETB,4132,Withdrawal,Branch,DEV0054659,Jimma,Ethiopia,,,INV0188302,Completed
TX00000785,2024-03-23T12:10:33.433016,ACC0025559,ACC0081792,3282,ETB,3282,Deposit,Mobile Banking,DEV0063281,Addis Ababa,Ethiopia,5b9c0c4f504cc2f9,,,Completed
TX00000786,2023-11-25T20:32:32.778553,ACC0058121,ACC0007878,1992,GBP,143424,Transfer,Mobile Banking,,Adama,Ethiopia,60b48742a8dd20bc,,,Completed
TX00000787,2022-05-24T21:55:01.958735,ACC0047104,ACC0089751,2989,ETB,2989,Transfer,Internet Banking,DEV0037943,Dessie,Ethiopia,71675ae10108dbc1,REF00000787,INV0011599,Completed
TX00000788,2025-01-28T20:12:55.334708,ACC0088769,ACC0136340,2379,ETB,2379,Withdrawal,Mobile Banking,DEV0038191,Addis Ababa,Ethiopia,f6409bf94d91387d,,,Completed
TX00000789,2024-04-02T03:59:18.205967,ACC0099839,ACC0099089,1838,ETB,1838,Transfer,ATM,DEV0015108,Adama,Ethiopia,,REF00000789,INV0051025,Completed
TX00000790,2025-11-11T06:47:34.055191,ACC0073810,ACC0118376,33246,ETB,33246,Deposit,Mobile Banking,DEV0040208,Bahir Dar,Ethiopia,8e5addebd3424def,,,Completed
TX00000791,2025-03-31T09:06:57.298783,ACC0069369,ACC0004748,7386,ETB,7386,Transfer,ATM,DEV0054632,Addis Ababa,Ethiopia,60818efdb5b0b201,,INV0146811,Completed
TX00000792,2025-07-05T14:14:42.977357,ACC0087481,ACC0062542,84958,USD,4885085,Withdrawal,Branch,DEV0013650,Addis Ababa,Ethiopia,812bfbe2ff372c66,,,Completed
TX00000793,2023-09-14T05:25:58.320492,ACC0142523,ACC0090684,22335,AED,348426,Payment,Internet Banking,DEV0012419,Dilla,Ethiopia,,,INV0007717,Completed
TX00000794,2024-06-26T04:52:52.600473,ACC0127677,ACC0029572,298,ETB,298,Transfer,Mobile Banking,DEV0075428,Bahir Dar,Ethiopia,3c4a7b50a3f2ea0d,,INV0037983,Completed
TX00000795,2025-02-26T04:28:04.397441,ACC0110342,ACC0051835,321,ETB,321,Loan Disbursement,Mobile Banking,DEV0061920,Shashamane,Ethiopia,48a36e427ac2d6d9,REF00000795,INV0116708,Completed
TX00000796,2022-10-21T17:43:04.390602,ACC0122437,ACC0006678,199,ETB,199,Bill Payment,USSD,DEV0034970,Addis Ababa,Ethiopia,7cba2a6162a27a1e,,INV0065345,Completed
TX00000797,2023-09-11T08:52:34.827694,ACC0149946,ACC0041910,30204,ETB,30204,Loan Disbursement,Internet Banking,DEV0055678,Bahir Dar,Ethiopia,bd6671abff1877c5,,INV0122459,Completed
TX00000798,2024-08-03T00:00:20.961229,ACC0051699,ACC0088863,272,ETB,272,Payment,Mobile Banking,DEV0065513,Mekelle,Ethiopia,c099253a16790030,,,Completed
TX00000799,2022-05-28T22:51:00.963343,ACC0144777,ACC0095870,1727,ETB,1727,Loan Disbursement,Internet Banking,DEV0085885,Addis Ababa,Ethiopia,f2b03a0576d50094,,INV0052781,Failed
TX00000800,2023-08-02T09:27:23.724746,ACC0132547,ACC0113359,13789,ETB,13789,Payment,Internet Banking,DEV0086001,Addis Ababa,Ethiopia,927b4772cd69d898,,,Completed
TX00000801,2023-11-03T14:18:42.750172,ACC0095628,ACC0047440,460,ETB,460,Withdrawal,Mobile Banking,DEV0057322,Addis Ababa,Ethiopia,871ca160bd99bcde,,INV0149232,Completed
TX00000802,2025-05-07T14:38:24.199674,ACC0063113,ACC0075675,1485,ETB,1485,Mobile Money,Mobile Banking,DEV0047489,Dire Dawa,Ethiopia,163a5e8509cb18b6,REF00000802,INV0179966,Completed
TX00000803,2022-11-20T06:00:49.831473,ACC0048086,ACC0132228,2615,ETB,2615,Mobile Money,Internet Banking,DEV0007732,Addis Ababa,Ethiopia,99dd8071eeacdba3,,INV0056626,Completed
TX00000804,2025-06-18T22:43:28.376208,ACC0137698,ACC0033856,24752,ETB,24752,Transfer,Branch,DEV0005112,Shashamane,Ethiopia,,REF00000804,INV0127740,Completed
TX00000805,2022-10-08T06:49:09.579382,ACC0031878,ACC0136234,4080,ETB,4080,Salary,Internet Banking,DEV0038030,Hawassa,Ethiopia,2a7e3b8e23877b26,REF00000805,INV0022523,Completed
TX00000806,2024-01-30T14:51:28.485009,ACC0039271,ACC0143424,133,ETB,133,Transfer,Branch,DEV0050985,Dessie,Ethiopia,8aac3a28ba022709,REF00000806,INV0091641,Completed
TX00000807,2024-07-20T09:22:23.649956,ACC0070340,ACC0148114,2499,ETB,2499,Loan Disbursement,Internet Banking,DEV0085909,Addis Ababa,Ethiopia,f8d9244cbb4ccbce,,INV0095320,Completed
TX00000808,2024-03-18T06:14:33.564650,ACC0100127,ACC0091315,3033,ETB,3033,Mobile Money,ATM,DEV0012470,Sodo,Ethiopia,f25eec9dcf5cd9fd,REF00000808,,Completed
TX00000809,2022-12-30T17:52:33.636058,ACC0091849,ACC0022564,10260,ETB,10260,Loan Disbursement,Mobile Banking,DEV0039542,Hosaena,Ethiopia,c63458d61a17df86,,,Completed
TX00000810,2022-01-10T20:06:58.671770,ACC0053843,ACC0128463,42403,CHF,2756195,Deposit,Mobile Banking,DEV0036729,Addis Ababa,Ethiopia,e70bf50fdc760627,REF00000810,INV0167092,Failed
TX00000811,2023-08-12T04:24:15.827091,ACC0019602,ACC0052945,939,ETB,939,Payment,Mobile Banking,,Hosaena,Ethiopia,37c9c97b9c5690a3,,INV0161460,Pending
TX00000812,2025-12-12T16:35:52.392237,ACC0036369,ACC0106795,11301,GBP,813672,Bill Payment,Internet Banking,DEV0037689,Dessie,Ethiopia,,,INV0039370,Completed
TX00000813,2024-07-28T06:41:58.270103,ACC0085856,ACC0027497,654,ETB,654,Withdrawal,Internet Banking,DEV0025377,Hosaena,Ethiopia,,,INV0043942,Completed
TX00000814,2025-08-23T04:22:19.524271,ACC0027477,ACC0081343,23972,ETB,23972,Deposit,Mobile Banking,DEV0044253,Hawassa,Ethiopia,8fdabdda53b997e1,,INV0019563,Completed
TX00000815,2022-08-05T15:41:10.440416,ACC0035039,ACC0053100,1206,ETB,1206,Deposit,Internet Banking,DEV0051814,Hawassa,Ethiopia,feef42b50c26bdfb,,INV0066660,Completed
TX00000816,2022-01-13T22:35:22.717856,ACC0078818,ACC0124480,1898,ETB,1898,Deposit,Mobile Banking,DEV0051934,Addis Ababa,Ethiopia,6a65fd0ab112a8d1,,INV0088233,Completed
TX00000817,2024-05-25T20:30:48.185090,ACC0042143,ACC0133483,76917,ETB,76917,Mobile Money,Mobile Banking,DEV0052570,Dire Dawa,Ethiopia,15ca76a236713361,REF00000817,,Completed
TX00000818,2025-01-10T21:53:22.011372,ACC0110930,ACC0086278,1707,ETB,1707,Deposit,Mobile Banking,DEV0031011,Hosaena,Ethiopia,dbb3761f9aa1a8c2,,INV0072657,Completed
TX00000819,2025-08-26T15:49:58.320999,ACC0007876,ACC0132136,15544,ETB,15544,Transfer,Mobile Banking,DEV0070806,Hosaena,Ethiopia,,,INV0197257,Completed
TX00000820,2024-03-18T21:49:30.254911,ACC0048839,ACC0030235,185412,ETB,185412,Deposit,ATM,DEV0045923,Dessie,Ethiopia,530c4d643167c7a6,,INV0196139,Failed
TX00000821,2025-05-07T21:55:56.085151,ACC0132624,ACC0043895,22245,ETB,22245,Deposit,ATM,DEV0028512,Hawassa,Ethiopia,0d85b4aed3394976,REF00000821,,Completed
TX00000822,2024-07-04T21:11:21.368236,ACC0072726,ACC0092709,857,ETB,857,Payment,Mobile Banking,DEV0083726,Addis Ababa,Ethiopia,d98110c5aa7b760c,,,Completed
TX00000823,2023-09-22T08:05:51.775849,ACC0080817,ACC0004850,4763,ETB,4763,Deposit,Mobile Banking,DEV0030056,Dire Dawa,Ethiopia,3d6ae52ae4d07b97,,INV0121598,Completed
TX00000824,2023-08-10T13:40:33.843070,ACC0000175,ACC0075024,3226,USD,185495,Payment,ATM,DEV0072054,Adama,Ethiopia,ead007be6e937dc0,,,Completed
TX00000825,2024-09-23T00:02:35.793395,ACC0069914,ACC0012586,50,ETB,50,Loan Repayment,Mobile Banking,DEV0088330,Dire Dawa,Ethiopia,d7baf8a9bcbbdf82,,INV0040671,Completed
TX00000826,2024-12-13T13:12:20.273586,ACC0037654,ACC0002880,3072,ETB,3072,Deposit,Branch,DEV0042510,Addis Ababa,Ethiopia,6b68206378628f3b,,INV0129422,Completed
TX00000827,2025-12-18T01:39:15.562552,ACC0107728,ACC0012892,47480,ETB,47480,Deposit,Mobile Banking,DEV0081992,Mekelle,Ethiopia,cffe93d5c3c9e96b,REF00000827,INV0000513,Completed
TX00000828,2024-11-29T03:10:35.022576,ACC0111232,ACC0099142,27598,USD,1586885,Payment,ATM,DEV0023428,Addis Ababa,Ethiopia,f3bd00fe4e3d4e28,,,Completed
TX00000829,2025-10-21T13:23:45.968879,ACC0085445,ACC0029531,1144,ETB,1144,Payment,Mobile Banking,DEV0005216,Adama,Ethiopia,9469ab5ee8fbf5d6,,INV0113664,Completed
TX00000830,2023-07-05T10:30:48.691702,ACC0120391,ACC0089821,930,ETB,930,Transfer,ATM,DEV0044219,Dire Dawa,Ethiopia,25eca98cef87d077,,INV0178954,Pending
TX00000831,2023-01-02T20:04:04.635737,ACC0039229,ACC0000476,29127,ETB,29127,Transfer,USSD,DEV0006567,Mekelle,Ethiopia,a9d51d66d73230d5,REF00000831,INV0060712,Completed
TX00000832,2025-08-19T12:08:36.527452,ACC0029866,ACC0043730,31345,ETB,31345,Deposit,Mobile Banking,DEV0019897,Addis Ababa,Ethiopia,c2699aedcd6e1d03,,,Completed
TX00000833,2022-07-11T09:06:37.370149,ACC0023383,ACC0106355,2207,ETB,2207,Payment,Internet Banking,DEV0053329,Addis Ababa,Ethiopia,d572a148505405a0,,,Completed
TX00000834,2022-02-13T00:22:05.862999,ACC0029935,ACC0104499,122716,ETB,122716,Transfer,Internet Banking,DEV0078680,Addis Ababa,Ethiopia,8f4b08dca95199c8,,INV0104372,Completed
TX00000835,2024-07-24T11:17:10.275941,ACC0023998,ACC0065151,981,ETB,981,Transfer,Branch,DEV0060089,Addis Ababa,Ethiopia,8b1ef5f2d0aaf1d6,REF00000835,INV0055561,Pending
TX00000836,2025-05-26T17:15:00.295702,ACC0098708,ACC0147324,2994,ETB,2994,Loan Repayment,Mobile Banking,DEV0038551,Mekelle,Ethiopia,2075045de7ec4fa6,,INV0113776,Completed
TX00000837,2022-11-28T00:45:45.420317,ACC0128929,ACC0126475,87,ETB,87,Payment,POS,DEV0014693,Bahir Dar,Ethiopia,95a71a0b31abf31a,REF00000837,,Completed
TX00000838,2024-03-08T01:39:24.278084,ACC0021372,ACC0100221,10553,ETB,10553,Transfer,Branch,DEV0005436,Dire Dawa,Ethiopia,1540127a34409da7,REF00000838,INV0051547,Completed
TX00000839,2023-05-08T02:12:53.558791,ACC0007044,ACC0013636,26831,ETB,26831,Withdrawal,Branch,DEV0004515,Addis Ababa,Ethiopia,d7c9e048f936974e,,INV0093922,Completed
TX00000840,2022-02-01T11:42:17.639150,ACC0071035,ACC0136492,6356,ETB,6356,Payment,POS,DEV0018647,Addis Ababa,Ethiopia,026c4f898248d39a,,,Completed
TX00000841,2023-12-22T23:06:02.164949,ACC0033917,ACC0042815,19518,ETB,19518,Payment,Internet Banking,,Dire Dawa,Ethiopia,f17e9abaa33742c8,,INV0061074,Completed
TX00000842,2023-04-09T21:28:36.177329,ACC0148063,ACC0038168,1936,ETB,1936,Transfer,Mobile Banking,DEV0051719,Addis Ababa,Ethiopia,,REF00000842,INV0136887,Completed
TX00000843,2023-05-12T19:42:02.901123,ACC0021406,ACC0065495,10366,ETB,10366,Transfer,Mobile Banking,DEV0059739,Addis Ababa,Ethiopia,,,,Failed
TX00000844,2024-04-25T11:06:14.355119,ACC0010372,ACC0055482,6335,ETB,6335,Transfer,ATM,DEV0037580,Addis Ababa,Ethiopia,1f8a9678410fe33d,,,Completed
TX00000845,2024-10-27T10:42:41.810207,ACC0025340,ACC0146456,250624,ETB,250624,Transfer,USSD,DEV0073969,Hawassa,Ethiopia,392b3fa73203f813,,INV0018091,Completed
TX00000846,2022-11-06T15:19:35.004716,ACC0094283,ACC0085770,103419,ETB,103419,Withdrawal,USSD,DEV0034093,Addis Ababa,Ethiopia,64af25571f4116ce,,,Completed
TX00000847,2025-08-24T16:43:06.546201,ACC0092960,ACC0028489,3694,ETB,3694,Loan Disbursement,ATM,DEV0035553,Addis Ababa,Ethiopia,14a503c5a804b70e,,INV0035248,Completed
TX00000848,2023-11-11T10:24:42.849967,ACC0133458,ACC0106954,687,ETB,687,FX Exchange,Internet Banking,DEV0076618,Jijiga,Ethiopia,d65c581e4b42aa48,,INV0171923,Failed
TX00000849,2025-03-02T09:01:43.577067,ACC0066520,ACC0144732,78764,USD,4528930,Loan Repayment,Mobile Banking,DEV0058567,Jijiga,Ethiopia,be3023e4275402be,,INV0149148,Completed
TX00000850,2025-04-04T18:19:21.332563,ACC0019716,ACC0140144,4454,ETB,4454,Withdrawal,Mobile Banking,DEV0081217,Debre Birhan,Ethiopia,7c41d162b45aee1a,,INV0182205,Completed
TX00000851,2024-06-05T05:36:52.314133,ACC0107382,ACC0142256,361,EUR,22382,Withdrawal,Mobile Banking,DEV0066873,Adama,Ethiopia,,REF00000851,,Completed
TX00000852,2024-11-20T23:32:31.257217,ACC0137430,ACC0018685,17577,ETB,17577,Withdrawal,Internet Banking,DEV0086749,Addis Ababa,Ethiopia,7a30edf7adc3e523,,INV0084406,Completed
TX00000853,2025-12-07T05:54:07.064209,ACC0014637,ACC0021737,4628,ETB,4628,Loan Disbursement,Branch,DEV0067308,Dessie,Ethiopia,455dec9edb9fbee7,,INV0112749,Completed
TX00000854,2025-10-17T11:07:56.632780,ACC0059789,ACC0117832,31206,ETB,31206,Mobile Money,Mobile Banking,DEV0020886,Nekemte,Ethiopia,bfc8f8ca0dd24d86,REF00000854,,Failed
TX00000855,2025-01-28T09:50:29.152827,ACC0063517,ACC0136264,102908,ETB,102908,Transfer,Mobile Banking,DEV0036342,Shashamane,Ethiopia,6e5c4d4454f7a021,,INV0171068,Completed
TX00000856,2025-06-14T06:23:37.487479,ACC0037389,ACC0033791,199084,ETB,199084,Transfer,USSD,DEV0045563,Jimma,Ethiopia,02d42fe38a6a50eb,,INV0191006,Completed
TX00000857,2024-01-19T12:20:56.905086,ACC0051352,ACC0077073,593,ETB,593,Transfer,Branch,DEV0056147,Dessie,Ethiopia,27cee2b3c01f1ad8,REF00000857,,Completed
TX00000858,2022-11-22T01:32:54.737613,ACC0078410,ACC0035991,279677,ETB,279677,Transfer,Mobile Banking,,Jijiga,Ethiopia,4b6d35d9c22f968b,REF00000858,INV0077506,Completed
TX00000859,2024-10-03T23:38:04.284801,ACC0009254,ACC0111435,9581,AED,149464,FX Exchange,Branch,DEV0030827,Bahir Dar,Ethiopia,b0fb52ef33e73e1d,,,Failed
TX00000860,2025-01-11T02:15:45.638498,ACC0068557,ACC0054420,1840,ETB,1840,Withdrawal,Internet Banking,DEV0029433,Addis Ababa,Ethiopia,05c1b7e51201ee65,,,Completed
TX00000861,2022-08-26T00:55:12.095731,ACC0052284,ACC0121498,70104,ETB,70104,Transfer,Mobile Banking,DEV0052329,Nekemte,Ethiopia,aa9dd101e803a55a,,INV0198832,Completed
TX00000862,2023-01-28T07:04:56.809963,ACC0080323,ACC0115084,7772,ETB,7772,Deposit,Mobile Banking,DEV0056137,Addis Ababa,Ethiopia,0722bcf502bcdd57,REF00000862,INV0074576,Completed
TX00000863,2025-03-19T00:01:42.730919,ACC0049693,ACC0133887,10323,USD,593572,Payment,ATM,,Harar,Ethiopia,,,INV0043521,Failed
TX00000864,2025-01-31T01:05:43.019695,ACC0104965,ACC0013345,7736,ETB,7736,Transfer,Internet Banking,DEV0060282,Mekelle,Ethiopia,d82929335157cb5d,,,Completed
TX00000865,2022-01-13T23:33:35.379836,ACC0065778,ACC0001671,61308,USD,3525210,Payment,Internet Banking,DEV0001902,Dilla,Ethiopia,c66145062dd97d12,,INV0077027,Completed
TX00000866,2023-08-11T03:58:43.952538,ACC0054575,ACC0127377,3972,ETB,3972,Deposit,Mobile Banking,DEV0064511,Hawassa,Ethiopia,236caa95a1e2deab,,,Completed
TX00000867,2024-04-26T18:56:43.363622,ACC0048897,ACC0085278,1465,EUR,90830,Payment,Mobile Banking,DEV0031255,Addis Ababa,Ethiopia,fde5b5ab22c5acb5,REF00000867,INV0027715,Completed
TX00000868,2022-01-06T19:07:57.363800,ACC0017575,ACC0104412,938,ETB,938,Loan Disbursement,Mobile Banking,DEV0084733,Addis Ababa,Ethiopia,0ae1165068281b2b,,INV0156910,Completed
TX00000869,2023-06-11T21:58:10.208148,ACC0049116,ACC0082389,3151,EUR,195362,Transfer,Internet Banking,DEV0005507,Addis Ababa,Ethiopia,,REF00000869,INV0179187,Completed
TX00000870,2024-11-27T09:19:02.487572,ACC0011802,ACC0024549,116,EUR,7192,Transfer,Mobile Banking,DEV0070938,Dessie,Ethiopia,4d4f0b37fa36371a,,INV0046250,Completed
TX00000871,2024-09-03T19:01:18.856243,ACC0066991,ACC0104946,1224,ETB,1224,Deposit,Mobile Banking,DEV0035562,Adama,Ethiopia,,,INV0176814,Completed
TX00000872,2024-07-14T21:39:24.921177,ACC0037898,ACC0113991,502,ETB,502,Transfer,Branch,DEV0019766,Hawassa,Ethiopia,,,INV0023460,Completed
TX00000873,2024-03-21T20:19:29.564506,ACC0097350,ACC0008642,214,ETB,214,Deposit,ATM,DEV0006189,Dire Dawa,Ethiopia,01ee7a3378de757c,,INV0135428,Completed
TX00000874,2024-03-10T02:38:32.322581,ACC0118993,ACC0043295,3487,ETB,3487,FX Exchange,Mobile Banking,DEV0054859,Dire Dawa,Ethiopia,dd32e084786becc6,REF00000874,INV0088581,Completed
TX00000875,2025-02-26T11:09:15.637561,ACC0022776,ACC0130545,580,ETB,580,Payment,Branch,DEV0084376,Harar,Ethiopia,343c768911d7d810,,INV0050031,Completed
TX00000876,2023-09-17T03:49:38.142831,ACC0146016,ACC0037942,30047,ETB,30047,Payment,USSD,DEV0040001,Hawassa,Ethiopia,f0c95a288b7d49b8,,INV0012604,Failed
TX00000877,2025-11-08T05:51:06.895706,ACC0075297,ACC0043065,3257,ETB,3257,Withdrawal,Internet Banking,DEV0054787,Addis Ababa,Ethiopia,967d287178968a4b,,INV0178857,Completed
TX00000878,2022-01-18T10:58:20.746211,ACC0014087,ACC0064554,6086,ETB,6086,Withdrawal,Mobile Banking,DEV0029503,Addis Ababa,Ethiopia,7f4860c0df9d4bb6,,INV0057468,Completed
TX00000879,2022-02-11T16:09:36.108843,ACC0098993,ACC0116295,10554,ETB,10554,Withdrawal,USSD,DEV0081877,Hawassa,Ethiopia,17ab593b37164297,,INV0155344,Completed
TX00000880,2022-01-01T13:14:18.644265,ACC0095728,ACC0046657,3755,GBP,270360,Deposit,Mobile Banking,DEV0060154,Dire Dawa,Ethiopia,121f48b6557e0839,,INV0084987,Completed
TX00000881,2025-06-04T07:35:16.382777,ACC0099618,ACC0043358,50,ETB,50,Transfer,Mobile Banking,DEV0029172,Hawassa,Ethiopia,156e84e164a3537d,REF00000881,INV0140354,Completed
TX00000882,2024-10-09T23:47:28.834853,ACC0123403,ACC0081263,1786,ETB,1786,Payment,ATM,DEV0005965,Addis Ababa,Ethiopia,5aaa420f8402aa1a,REF00000882,INV0122791,Completed
TX00000883,2025-08-05T10:49:14.345242,ACC0077429,ACC0052333,16893,ETB,16893,Transfer,Internet Banking,DEV0086620,Bishoftu,Ethiopia,d054a5ebbe8707ce,REF00000883,INV0024803,Completed
TX00000884,2022-01-22T08:23:29.272071,ACC0116395,ACC0084769,16534,ETB,16534,Bill Payment,ATM,DEV0083580,Addis Ababa,Ethiopia,be225bc8b9efa0e1,,,Completed
TX00000885,2025-08-12T18:09:14.566227,ACC0009765,ACC0044895,5345,ETB,5345,Deposit,ATM,DEV0058377,Dire Dawa,Ethiopia,,,INV0117504,Completed
TX00000886,2024-11-01T01:20:34.472769,ACC0097320,ACC0000470,28825,ETB,28825,Transfer,Branch,DEV0089902,Bahir Dar,Ethiopia,1b3bb5cea4c12c97,,,Completed
TX00000887,2022-07-13T20:42:26.807433,ACC0021180,ACC0043406,832,ETB,832,Deposit,Mobile Banking,DEV0032773,Addis Ababa,Ethiopia,f6b699dd05df992c,,INV0184980,Completed
TX00000888,2022-11-11T05:41:27.341519,ACC0058667,ACC0138591,3969,ETB,3969,Payment,Mobile Banking,DEV0029428,Addis Ababa,Ethiopia,75d791d49f68131e,,INV0165818,Completed
TX00000889,2022-07-11T05:49:56.244103,ACC0011934,ACC0102928,18268,ETB,18268,Loan Disbursement,Internet Banking,DEV0044894,Shashamane,Ethiopia,,REF00000889,INV0023235,Completed
TX00000890,2024-05-29T13:51:50.265033,ACC0114960,ACC0035050,807,ETB,807,Payment,Branch,DEV0016577,Bahir Dar,Ethiopia,cb63cb79b215d91f,REF00000890,INV0128248,Completed
TX00000891,2023-12-13T10:41:05.723202,ACC0143969,ACC0008620,2639,ETB,2639,Withdrawal,Mobile Banking,DEV0003510,Bishoftu,Ethiopia,,,INV0134466,Failed
TX00000892,2024-06-04T20:26:18.577601,ACC0148560,ACC0049532,1702597,ETB,1702597,Payment,Branch,DEV0004369,Hawassa,Ethiopia,bb042cd3b5418e4e,REF00000892,INV0129634,Completed
TX00000893,2022-02-23T15:30:17.756094,ACC0111004,ACC0094590,13984,ETB,13984,Transfer,Internet Banking,,Addis Ababa,Ethiopia,aac207906da32b32,,INV0038913,Completed
TX00000894,2024-10-19T20:05:00.993612,ACC0042884,ACC0020169,1344,ETB,1344,Withdrawal,Branch,DEV0057891,Addis Ababa,Ethiopia,7de50ca7288c254f,REF00000894,INV0078605,Completed
TX00000895,2025-05-05T20:37:28.851340,ACC0027666,ACC0004920,1649,EUR,102238,Deposit,Mobile Banking,DEV0005082,Dire Dawa,Ethiopia,14ca2e16db7daa47,,INV0138834,Completed
TX00000896,2024-08-14T15:33:24.416451,ACC0066595,ACC0022870,4223,ETB,4223,Transfer,Internet Banking,DEV0054544,Dilla,Ethiopia,92baa766ba129247,REF00000896,INV0090131,Completed
TX00000897,2024-01-25T23:15:12.162416,ACC0100444,ACC0011575,1726,ETB,1726,Withdrawal,Mobile Banking,DEV0038441,Addis Ababa,Ethiopia,7626c153965d9bb3,,INV0127164,Failed
TX00000898,2025-09-04T22:40:45.901848,ACC0126528,ACC0118370,1992,ETB,1992,Payment,Internet Banking,,Addis Ababa,Ethiopia,3442135e8c27eaf1,,,Completed
TX00000899,2024-03-23T03:24:56.193485,ACC0002857,ACC0042284,2637,ETB,2637,Deposit,Mobile Banking,,Bahir Dar,Ethiopia,1521020b976c3741,,INV0114368,Completed
TX00000900,2024-03-27T19:07:02.855479,ACC0026504,ACC0118519,31376,ETB,31376,Deposit,Internet Banking,DEV0018425,Addis Ababa,Ethiopia,ccb6c68e860f6ea1,,,Completed
TX00000901,2025-04-30T05:07:18.896299,ACC0142589,ACC0073580,1344,ETB,1344,Transfer,Mobile Banking,DEV0060010,Bishoftu,Ethiopia,,,INV0034617,Completed
TX00000902,2023-02-09T00:06:20.528857,ACC0020739,ACC0096169,663,ETB,663,Withdrawal,Internet Banking,DEV0052417,Dire Dawa,Ethiopia,e4caf4c08e5e6c49,,INV0088575,Completed
TX00000903,2022-11-05T18:44:35.505827,ACC0015278,ACC0074880,6604,ETB,6604,Payment,ATM,DEV0023198,Dire Dawa,Ethiopia,35116c5738bb56bc,,INV0071559,Completed
TX00000904,2022-08-31T07:49:40.602833,ACC0085731,ACC0121983,170,ETB,170,Transfer,ATM,DEV0062010,Addis Ababa,Ethiopia,f9b05f9641337443,,INV0092384,Completed
TX00000905,2023-08-21T06:21:19.229430,ACC0040592,ACC0128587,2470,ETB,2470,Payment,Internet Banking,DEV0068562,Shashamane,Ethiopia,,,INV0124533,Completed
TX00000906,2022-05-29T14:30:11.588176,ACC0069199,ACC0145593,17105,ETB,17105,Withdrawal,Mobile Banking,DEV0028955,Mekelle,Ethiopia,eed2735c90c2270f,,INV0077239,Completed
TX00000907,2023-01-03T12:11:41.502525,ACC0054011,ACC0124607,3771,EUR,233802,Transfer,Internet Banking,DEV0017719,Harar,Ethiopia,cd97f41214a99323,,,Failed
TX00000908,2023-08-09T07:58:35.800785,ACC0109819,ACC0005353,4937,ETB,4937,Payment,Mobile Banking,DEV0069520,Addis Ababa,Ethiopia,ab2eb0ee3cbf0e08,,INV0178516,Pending
TX00000909,2024-05-01T03:26:43.951132,ACC0015267,ACC0141917,1940,ETB,1940,Transfer,Mobile Banking,DEV0003090,Bishoftu,Ethiopia,7ef2396673282757,,INV0132242,Reversed
TX00000910,2023-03-27T03:34:39.303056,ACC0097412,ACC0116416,13826,ETB,13826,Transfer,Internet Banking,DEV0063799,Shashamane,Ethiopia,e852ddd78eaef67a,REF00000910,,Failed
TX00000911,2022-06-27T03:56:04.696004,ACC0037822,ACC0147278,55072,ETB,55072,Transfer,Branch,DEV0014768,Bahir Dar,Ethiopia,e51ff2a9e9f15e84,REF00000911,,Completed
TX00000912,2024-03-03T04:41:18.889245,ACC0046523,ACC0056460,7710,USD,443325,Transfer,Mobile Banking,DEV0040667,Dessie,Ethiopia,52894bb09de5dcd3,REF00000912,,Completed
TX00000913,2024-10-13T21:43:22.640967,ACC0012776,ACC0030019,10627,ETB,10627,Payment,Mobile Banking,DEV0021615,Jimma,Ethiopia,c61bc44f25fe5424,,,Completed
TX00000914,2023-04-29T18:59:55.902524,ACC0083578,ACC0063431,4300,ETB,4300,Transfer,Mobile Banking,DEV0052967,Mekelle,Ethiopia,3f94d886b21f3f22,REF00000914,INV0116574,Completed
TX00000915,2024-02-01T10:51:02.102062,ACC0007961,ACC0008441,1511,ETB,1511,Mobile Money,Branch,DEV0087647,Hosaena,Ethiopia,fa7fd76fa0989f80,REF00000915,INV0094579,Completed
TX00000916,2025-05-26T17:58:31.197944,ACC0060089,ACC0039177,437,ETB,437,Deposit,Internet Banking,DEV0012071,Dilla,Ethiopia,ad80cf7adbe2313d,,INV0040463,Completed
TX00000917,2024-08-09T19:37:46.627892,ACC0042721,ACC0137945,3199,ETB,3199,Withdrawal,Branch,DEV0019187,Addis Ababa,Ethiopia,d1c361c97db79aa0,,INV0016603,Completed
TX00000918,2025-08-28T02:58:48.885977,ACC0031454,ACC0054971,2263,ETB,2263,Payment,Branch,DEV0012720,Adama,Ethiopia,9da0d885063a1fb9,,INV0040714,Completed
TX00000919,2024-03-23T03:56:12.721937,ACC0067694,ACC0026749,135797,ETB,135797,Payment,Mobile Banking,DEV0057908,Hosaena,Ethiopia,a4e18dd52ea1e7f2,REF00000919,INV0166863,Completed
TX00000920,2022-01-24T04:36:07.375463,ACC0137201,ACC0075504,2396,ETB,2396,Deposit,ATM,DEV0062019,Addis Ababa,Ethiopia,54de2e96bf2a25ac,,INV0122089,Completed
TX00000921,2023-11-01T16:50:58.979418,ACC0017336,ACC0075547,1566,ETB,1566,Payment,Mobile Banking,DEV0057393,Shashamane,Ethiopia,dfea890741d3de65,,,Completed
TX00000922,2024-03-15T23:27:51.102458,ACC0010672,ACC0104004,12057,ETB,12057,Withdrawal,Mobile Banking,DEV0007356,Addis Ababa,Ethiopia,1558455842e3b055,,,Completed
TX00000923,2023-04-29T07:41:05.269212,ACC0003009,ACC0013935,75817,USD,4359478,Bill Payment,Mobile Banking,DEV0005958,Bishoftu,Ethiopia,dd3988c852282b30,REF00000923,INV0035277,Completed
TX00000924,2022-03-10T17:22:36.870974,ACC0123433,ACC0082866,199,ETB,199,Payment,Internet Banking,DEV0079926,Addis Ababa,Ethiopia,045917e99d23bd9b,,INV0169192,Completed
TX00000925,2025-10-03T03:07:38.957562,ACC0146710,ACC0001543,1726,ETB,1726,Withdrawal,Branch,DEV0061971,Addis Ababa,Ethiopia,5e10e46c257f9a24,REF00000925,INV0113685,Failed
TX00000926,2024-02-24T23:22:30.561245,ACC0118682,ACC0135232,6444,ETB,6444,Transfer,USSD,DEV0064851,Bahir Dar,Ethiopia,7d890a67dd46c437,,INV0008471,Completed
TX00000927,2025-03-14T23:52:21.678712,ACC0091422,ACC0087444,5757,ETB,5757,Withdrawal,Internet Banking,DEV0005745,Mekelle,Ethiopia,f506d46dc59b1eb2,REF00000927,INV0095846,Completed
TX00000928,2024-03-15T01:56:12.982157,ACC0072593,ACC0149575,3247,ETB,3247,Withdrawal,Mobile Banking,DEV0037540,Shashamane,Ethiopia,36b73092da46978f,REF00000928,,Completed
TX00000929,2022-03-01T17:58:25.939271,ACC0043662,ACC0108973,16769,EUR,1039678,Bill Payment,Mobile Banking,DEV0045813,Addis Ababa,Ethiopia,,REF00000929,INV0041998,Completed
TX00000930,2022-05-20T18:51:37.804736,ACC0046906,ACC0137376,4176,ETB,4176,Withdrawal,Branch,,Jijiga,Ethiopia,46551a46b7b93b1b,REF00000930,INV0043353,Completed
TX00000931,2022-04-07T00:29:21.605621,ACC0033726,ACC0149185,25928,ETB,25928,Deposit,Branch,DEV0050798,Mekelle,Ethiopia,f64701c70392bd92,,INV0015018,Completed
TX00000932,2023-07-27T22:23:25.252007,ACC0131926,ACC0120095,1019,ETB,1019,Deposit,Mobile Banking,DEV0040941,Shashamane,Ethiopia,,REF00000932,INV0018575,Completed
TX00000933,2023-12-08T17:16:34.987152,ACC0048661,ACC0050253,2105,USD,121038,Deposit,Mobile Banking,,Dire Dawa,Ethiopia,9968239b342d0db5,,INV0123318,Completed
TX00000934,2024-08-19T05:34:42.884644,ACC0135848,ACC0129832,3425,EUR,212350,Deposit,Mobile Banking,DEV0024653,Jijiga,Ethiopia,b71ae8e6c1299526,,INV0159250,Completed
TX00000935,2025-12-08T11:25:36.385400,ACC0136386,ACC0107220,1012,ETB,1012,Deposit,Mobile Banking,DEV0001747,Jimma,Ethiopia,ba0b13bc92a04eff,,INV0083367,Reversed
TX00000936,2024-11-19T23:33:15.381032,ACC0019845,ACC0006175,12689,EUR,786718,Transfer,USSD,,Adama,Ethiopia,cda17e92d6d21dcb,REF00000936,,Completed
TX00000937,2023-10-01T19:00:16.800682,ACC0079531,ACC0119682,2194,ETB,2194,Withdrawal,Internet Banking,DEV0019570,Addis Ababa,Ethiopia,c26634ceda66cbda,,,Completed
TX00000938,2023-12-03T00:44:54.218044,ACC0042236,ACC0053137,9735,ETB,9735,Withdrawal,Mobile Banking,DEV0044560,Addis Ababa,Ethiopia,51e62edd6a1aa894,REF00000938,INV0119356,Completed
TX00000939,2024-08-25T13:35:34.287589,ACC0145588,ACC0059737,5573,EUR,345526,Transfer,Mobile Banking,DEV0001148,Bahir Dar,Ethiopia,12543a120c683fea,,INV0152276,Completed
TX00000940,2025-11-25T21:15:35.210310,ACC0030098,ACC0128567,3410,ETB,3410,Withdrawal,ATM,DEV0063592,Dire Dawa,Ethiopia,9c700634289f1c11,REF00000940,,Completed
TX00000941,2024-12-21T07:16:31.768662,ACC0123372,ACC0078833,5270,USD,303025,Payment,Internet Banking,DEV0030319,Addis Ababa,Ethiopia,ab191471b77bda9a,,,Completed
TX00000942,2022-06-20T23:00:04.356507,ACC0136770,ACC0036850,1719,ETB,1719,Payment,Mobile Banking,DEV0000780,Gondar,Ethiopia,,REF00000942,,Completed
TX00000943,2025-05-01T18:51:29.360485,ACC0065252,ACC0025658,54584,ETB,54584,Payment,Mobile Banking,,Adama,Ethiopia,cfc62b401a94f6ef,,INV0031259,Completed
TX00000944,2025-01-31T06:05:03.309564,ACC0048877,ACC0022039,11230,ETB,11230,Payment,Mobile Banking,DEV0075212,Addis Ababa,Ethiopia,f476207bc6f88cbb,REF00000944,INV0134019,Completed
TX00000945,2023-12-11T06:02:27.514014,ACC0142828,ACC0117252,1680,ETB,1680,Transfer,USSD,DEV0031844,Adama,Ethiopia,1ca5ff8cf3bb3f93,,INV0081434,Completed
TX00000946,2024-07-15T10:44:52.893862,ACC0083863,ACC0008132,3184,ETB,3184,Payment,Mobile Banking,DEV0060468,Hawassa,Ethiopia,4f32a2ba59d9ed63,,INV0017533,Completed
TX00000947,2024-09-22T19:13:26.606868,ACC0025962,ACC0001299,4490,ETB,4490,Deposit,Mobile Banking,DEV0005626,Addis Ababa,Ethiopia,e5337d75a6408e04,REF00000947,INV0070503,Completed
TX00000948,2024-12-07T21:58:56.380450,ACC0043128,ACC0073385,2939,ETB,2939,Payment,Mobile Banking,DEV0058243,Hawassa,Ethiopia,fe644ba13c5dc7c7,,INV0005800,Completed
TX00000949,2024-12-08T14:29:57.012312,ACC0052525,ACC0088147,18229,CHF,1184885,Loan Repayment,ATM,DEV0064158,Harar,Ethiopia,3aa81bfd42a8a3c0,REF00000949,,Completed
TX00000950,2024-05-06T21:06:19.489526,ACC0142838,ACC0079082,3548,EUR,219976,Transfer,ATM,DEV0061264,Adama,Ethiopia,bb44d38b02de9626,,INV0032781,Completed
TX00000951,2024-12-10T02:33:26.091416,ACC0075930,ACC0085795,9316,AED,145330,Withdrawal,Agent Banking,DEV0038841,Gondar,Ethiopia,8bde6b1b8978e525,REF00000951,INV0076031,Completed
TX00000952,2024-10-02T11:11:59.315067,ACC0086099,ACC0112342,896,ETB,896,Deposit,Mobile Banking,DEV0084657,Hosaena,Ethiopia,46e10bd9b1c581c5,,INV0078433,Completed
TX00000953,2025-07-16T10:21:53.977532,ACC0134747,ACC0111037,10528,ETB,10528,Loan Disbursement,ATM,DEV0002472,Dessie,Ethiopia,1312aa5fbcb5e27f,,,Completed
TX00000954,2024-03-18T08:11:17.331062,ACC0134667,ACC0108343,2156,USD,123970,Withdrawal,Mobile Banking,DEV0004160,Dire Dawa,Ethiopia,,REF00000954,INV0080656,Completed
TX00000955,2024-07-23T12:39:47.342698,ACC0098271,ACC0112279,947,GBP,68184,Deposit,Mobile Banking,DEV0058422,Adama,Ethiopia,,REF00000955,INV0032215,Completed
TX00000956,2024-08-02T16:10:49.729298,ACC0095641,ACC0148478,5143,ETB,5143,Payment,ATM,DEV0027639,Addis Ababa,Ethiopia,7800eabacaece302,REF00000956,INV0144812,Completed
TX00000957,2022-10-27T07:03:31.895720,ACC0033469,ACC0077544,3918,ETB,3918,Transfer,Mobile Banking,DEV0036572,Dessie,Ethiopia,6564a4672a146ecb,,,Completed
TX00000958,2025-08-27T20:41:51.971859,ACC0118336,ACC0108522,1311,ETB,1311,Mobile Money,USSD,DEV0084083,Addis Ababa,Ethiopia,cb723e690f8acc8d,,INV0127295,Completed
TX00000959,2022-01-22T15:24:25.459330,ACC0137045,ACC0148814,15870,EUR,983940,Mobile Money,Mobile Banking,DEV0075135,Addis Ababa,Ethiopia,592ec968ef661529,REF00000959,INV0154228,Pending
TX00000960,2024-09-29T14:14:11.827883,ACC0126660,ACC0020720,1916,USD,110170,Transfer,Branch,DEV0013410,Gondar,Ethiopia,ad4f1e6185f43c99,,INV0005848,Completed
TX00000961,2025-07-03T03:41:21.247129,ACC0125350,ACC0087312,1066,ETB,1066,Payment,Mobile Banking,DEV0067165,Addis Ababa,Ethiopia,ab4bc9648232d3fe,REF00000961,INV0061465,Completed
TX00000962,2022-02-19T00:09:49.610942,ACC0113709,ACC0104840,4674,ETB,4674,Deposit,Mobile Banking,DEV0065382,Dire Dawa,Ethiopia,1548732f4d0c619f,,INV0181390,Completed
TX00000963,2024-02-09T20:00:35.698539,ACC0013942,ACC0036776,3885,ETB,3885,Withdrawal,USSD,DEV0048456,Gondar,Ethiopia,0c9bcab7c0d1175e,,,Completed
TX00000964,2025-01-22T16:19:03.265472,ACC0099688,ACC0038563,135475,ETB,135475,FX Exchange,Branch,DEV0088283,Arba Minch,Ethiopia,c4d8714405f71014,REF00000964,INV0131124,Completed
TX00000965,2025-07-07T12:26:59.083398,ACC0140360,ACC0068299,3204,ETB,3204,Transfer,ATM,DEV0070450,Dilla,Ethiopia,f865c2415296fd02,REF00000965,INV0144322,Completed
TX00000966,2024-06-03T10:57:17.119199,ACC0051275,ACC0064655,2957,ETB,2957,Transfer,Internet Banking,DEV0025357,Dire Dawa,Ethiopia,,,INV0159245,Completed
TX00000967,2025-08-14T08:18:55.255195,ACC0008540,ACC0087317,109088,EUR,6763456,Payment,Mobile Banking,DEV0038058,Dilla,Ethiopia,5c3d7b5992dac399,,INV0115040,Completed
TX00000968,2022-04-30T05:28:20.089054,ACC0103534,ACC0072397,176,ETB,176,Transfer,Branch,DEV0046738,Addis Ababa,Ethiopia,6d3bc6d9a5e5c87b,,INV0001697,Pending
TX00000969,2025-11-23T22:37:20.543080,ACC0049674,ACC0105558,4609,ETB,4609,Transfer,Mobile Banking,DEV0062516,Bahir Dar,Ethiopia,,,INV0062896,Completed
TX00000970,2022-05-12T17:31:19.113641,ACC0073770,ACC0132632,17378,ETB,17378,Payment,Mobile Banking,,Addis Ababa,Ethiopia,,,INV0178252,Completed
TX00000971,2022-04-21T05:02:25.351300,ACC0074033,ACC0049096,50524,EUR,3132488,Deposit,Mobile Banking,,Hawassa,Ethiopia,676c82b1be4eae2e,,INV0158938,Failed
TX00000972,2024-12-13T20:36:41.277077,ACC0005047,ACC0105710,17138,ETB,17138,Loan Repayment,Internet Banking,DEV0062200,Shashamane,Ethiopia,,,INV0020476,Completed
TX00000973,2024-03-21T15:33:29.341778,ACC0131523,ACC0095016,1257,ETB,1257,Withdrawal,ATM,DEV0007236,Addis Ababa,Ethiopia,8f4be43881dd6975,,INV0079912,Completed
TX00000974,2025-12-15T19:29:06.752206,ACC0054560,ACC0070980,3506,GBP,252432,Deposit,POS,DEV0023604,Addis Ababa,Ethiopia,ad74e6331d1ab0eb,,INV0077883,Completed
TX00000975,2023-05-18T08:00:28.921209,ACC0030386,ACC0059780,8785,AED,137046,Deposit,Agent Banking,DEV0015982,Jimma,Ethiopia,84e656ae1f2fc3ec,,INV0048315,Completed
TX00000976,2024-01-24T13:02:46.134659,ACC0134134,ACC0052365,50,ETB,50,Withdrawal,ATM,DEV0060801,Arba Minch,Ethiopia,,REF00000976,INV0055841,Completed
TX00000977,2023-07-27T21:34:47.546518,ACC0123917,ACC0072051,891,ETB,891,Payment,Branch,,Hawassa,Ethiopia,000735f4c3ca3d6b,,INV0144846,Completed
TX00000978,2025-03-01T11:26:45.919171,ACC0112176,ACC0005850,2156,ETB,2156,Loan Disbursement,Internet Banking,DEV0067876,Addis Ababa,Ethiopia,e4ab7eeea671a6fd,,INV0126369,Completed
TX00000979,2022-11-23T22:03:08.236002,ACC0019025,ACC0004568,3797,EUR,235414,Payment,ATM,,Jimma,Ethiopia,,,INV0153407,Completed
TX00000980,2024-10-04T14:47:10.658385,ACC0073730,ACC0035322,4518,ETB,4518,Transfer,Mobile Banking,DEV0078733,Addis Ababa,Ethiopia,e9801088387eca40,,INV0069875,Completed
TX00000981,2022-07-25T20:05:14.140469,ACC0002864,ACC0033383,282,ETB,282,FX Exchange,Mobile Banking,DEV0046049,Adama,Ethiopia,b2d813a067500cf5,,INV0124623,Completed
TX00000982,2025-07-28T18:58:57.136908,ACC0061067,ACC0121255,26678,ETB,26678,Deposit,Branch,DEV0079078,Jijiga,Ethiopia,e4d3f9cdb8f7514a,,INV0166638,Completed
TX00000983,2024-01-22T11:05:57.314057,ACC0077910,ACC0107060,496,GBP,35712,Payment,Mobile Banking,,Adama,Ethiopia,5e2390f0883cd42e,,,Completed
TX00000984,2023-01-07T18:39:21.906340,ACC0050884,ACC0050440,5799,AED,90464,Transfer,Mobile Banking,DEV0006779,Addis Ababa,Ethiopia,adce632e80d178df,,INV0133123,Completed
TX00000985,2022-03-13T16:32:52.410124,ACC0050369,ACC0059574,11147,ETB,11147,Payment,Internet Banking,DEV0005210,Mekelle,Ethiopia,b6c5f5f669832b2f,,INV0038465,Completed
TX00000986,2022-04-05T06:52:33.822331,ACC0103068,ACC0036938,31758,ETB,31758,Loan Disbursement,Branch,DEV0024983,Addis Ababa,Ethiopia,,,,Completed
TX00000987,2025-05-12T03:18:55.084903,ACC0120690,ACC0031479,114954,ETB,114954,Loan Repayment,Mobile Banking,DEV0088013,Addis Ababa,Ethiopia,,,,Reversed
TX00000988,2023-11-14T09:05:25.484083,ACC0062644,ACC0005079,597,ETB,597,Transfer,Mobile Banking,DEV0045458,Addis Ababa,Ethiopia,,,,Completed
TX00000989,2022-08-20T19:43:49.356018,ACC0105427,ACC0040660,2188,ETB,2188,Deposit,Internet Banking,,Gondar,Ethiopia,2c39518f084da6f8,,INV0069616,Completed
TX00000990,2023-02-13T05:37:47.474091,ACC0108527,ACC0099124,4975,ETB,4975,Mobile Money,Branch,DEV0016048,Gondar,Ethiopia,e0be74a669298bf3,,,Pending
TX00000991,2025-07-06T20:22:11.705870,ACC0075602,ACC0102570,415,EUR,25730,Transfer,Internet Banking,DEV0025133,Gondar,Ethiopia,7c5cd342d9861dc6,REF00000991,,Completed
TX00000992,2023-05-28T17:29:03.346056,ACC0117472,ACC0033359,15544,ETB,15544,Bill Payment,Mobile Banking,,Debre Birhan,Ethiopia,,REF00000992,INV0091508,Reversed
TX00000993,2022-03-17T05:27:09.702811,ACC0014470,ACC0114005,8784,ETB,8784,Withdrawal,Mobile Banking,,Gondar,Ethiopia,3fe7e9f1041949c8,,,Completed
TX00000994,2024-10-28T20:57:37.383408,ACC0074638,ACC0061604,61073,ETB,61073,Withdrawal,ATM,DEV0033398,Addis Ababa,Ethiopia,af29812c48620024,REF00000994,INV0116333,Completed
TX00000995,2025-01-13T10:23:26.142103,ACC0079499,ACC0010166,244,ETB,244,Loan Disbursement,Mobile Banking,,Addis Ababa,Ethiopia,5952a098540a326a,,INV0186421,Completed
TX00000996,2025-09-08T21:52:51.780624,ACC0130148,ACC0050559,137747,ETB,137747,Payment,Mobile Banking,DEV0032013,Nekemte,Ethiopia,78cc864e95af61e9,,INV0091089,Completed
TX00000997,2022-06-05T17:57:25.810776,ACC0135048,ACC0055682,1208,ETB,1208,Deposit,Internet Banking,DEV0042136,Addis Ababa,Ethiopia,528027631e10bac1,,INV0163502,Completed
TX00000998,2023-05-26T01:34:13.828508,ACC0073265,ACC0070195,52514,ETB,52514,Payment,ATM,DEV0068597,Addis Ababa,Ethiopia,ca1fca06a4afa403,,INV0079895,Completed
TX00000999,2025-06-18T18:28:23.039628,ACC0146113,ACC0045229,17211,ETB,17211,Transfer,Internet Banking,DEV0048373,Gondar,Ethiopia,cb49416c190f4555,,INV0138785,Pending
TX00001000,2023-12-16T12:16:47.313046,ACC0107638,ACC0045837,48913,ETB,48913,Payment,USSD,,Addis Ababa,Ethiopia,187a35ae131ad259,REF00001000,INV0063662,Completed
